TripID,HighCarbon
2,0.99989295
4,0.0022479317
5,0.9095928
14,0.0004938876
15,0.0001363973
17,5.8604677e-05
22,0.9989434
23,0.99945587
25,9.323084e-06
30,0.00032475925
35,0.9997907
39,9.2596056e-05
45,0.9997968
50,0.00038026192
51,0.00019069441
55,0.99781114
64,0.999788
65,0.0005234086
68,0.00014644078
72,0.00012934006
73,0.0015409294
78,0.9998306
80,4.873512e-05
86,9.259624e-05
87,4.070937e-05
96,8.379276e-05
97,0.00012935276
101,6.243214e-05
102,0.0006083994
106,0.9998248
107,5.560732e-05
118,0.0014520875
122,0.00012096678
130,0.00012431091
140,0.99971324
141,3.3058343e-05
144,0.9999528
147,0.00014399023
157,0.9995172
160,0.00025774507
161,0.00010252721
167,0.9999511
168,0.9997235
172,0.99994993
176,0.00014988113
181,0.9998504
183,4.779979e-05
186,0.0002945811
189,0.005275768
191,0.00010798539
193,0.99993086
194,8.516333e-05
197,0.0005306011
204,0.00015911933
207,0.0017315411
212,0.0006532852
214,0.00034863665
216,0.00051224884
217,0.99970657
218,0.922043
219,7.944874e-05
232,5.039737e-05
236,2.747599e-05
239,0.00036187336
248,0.9998559
251,0.28026438
252,5.951207e-05
253,0.00028371075
255,0.00035784408
256,5.2167226e-05
261,0.00032556834
269,0.08388648
276,4.590548e-05
277,0.29848498
279,0.00020067269
281,0.9993393
282,0.00028436581
286,0.99966574
288,0.19024877
293,9.390578e-05
301,2.9994946e-05
304,0.00059849053
312,0.0002240839
316,0.0006322571
317,0.9997794
318,0.99984777
320,0.0004716905
324,0.00069665874
326,1.957085e-05
329,0.0014682945
332,0.9988135
338,2.7250633e-05
339,8.576208e-05
341,0.0004243167
343,5.1177012e-05
354,0.99915683
362,0.00084626605
368,7.64999e-05
369,4.0924697e-05
377,0.0003541354
381,0.9322963
386,8.963265e-05
389,5.0445018e-05
397,0.0001594696
398,2.8053983e-05
402,0.0005051796
403,0.99997747
404,0.00082275085
420,4.0088613e-05
421,0.000115808754
423,0.9995179
430,4.5276163e-05
431,4.947659e-05
433,6.1315644e-05
441,0.0046042236
443,0.0010138705
445,0.000389228
452,0.0005697447
457,0.00019493894
460,6.700906e-05
467,7.607092e-05
468,0.9998129
473,6.231283e-05
474,5.305848e-05
475,0.00056481763
478,4.9093076e-05
480,0.00015397
482,2.3283823e-05
485,0.0005218449
495,0.00027387202
499,0.00048382534
502,7.686882e-05
503,4.2466385e-05
514,0.99971575
519,6.438318e-05
521,0.00032311873
523,1.4337573e-05
526,5.875683e-05
533,7.592264e-05
539,4.5847468e-05
541,0.9966589
545,0.9999218
555,0.00022222601
561,6.9646856e-05
574,0.00067125226
575,0.00040724903
578,0.016016487
585,0.00024602492
596,0.00024567192
619,9.954826e-05
625,0.00034981873
627,0.00046322204
629,0.99871266
631,0.010623028
632,0.00042272842
634,3.4276465e-05
635,0.00013126677
638,0.0032565657
639,0.00048571575
652,2.1892149e-05
656,0.0001363869
659,0.99981683
661,0.0002940519
666,0.102246374
671,0.00021880024
679,0.00019901
680,0.9995326
681,6.8407215e-05
682,0.00012496697
684,3.6768557e-05
687,0.9965348
692,0.0013372501
700,0.00010891987
704,0.00094428076
721,7.2278395e-05
723,0.0028912947
725,0.00035267204
726,0.12907475
728,0.9998597
730,0.99977404
731,0.00017802262
735,0.000107117135
737,0.9997861
740,0.0010775606
743,3.869995e-05
744,5.0271083e-05
754,0.9998646
757,0.9998041
760,0.0007477244
765,0.9998808
768,2.493021e-05
770,0.99964464
771,0.9998603
773,0.00018303502
775,7.053036e-05
776,0.9999671
777,0.99949634
781,1.6956128e-05
783,0.00046301738
784,5.9987386e-05
792,0.99959785
805,0.00026227883
806,0.00043324576
810,0.0003950502
822,5.5799508e-05
826,0.9999137
828,6.6908746e-05
829,0.9994803
831,0.00027885073
833,0.00030196182
840,8.866397e-05
843,0.9992925
844,0.00085249875
852,0.00044691013
854,8.217838e-05
856,0.9997733
857,0.9999579
864,7.444469e-05
865,8.425435e-05
870,0.99977714
871,0.00019012958
874,0.9370046
875,0.9999703
877,0.0008548028
878,0.0002616624
879,2.8660175e-05
881,0.9303138
882,0.00013911842
883,7.629431e-05
884,2.7824366e-05
886,0.9997074
894,0.0023292745
897,0.0013389954
903,0.0001374419
910,2.8610177e-05
912,0.0015245541
913,0.00027464103
914,0.9998884
916,2.4962612e-05
924,0.00010556921
927,0.00018502647
936,0.000508218
939,0.9998753
944,0.00025597712
950,0.0005242792
952,6.0832128e-05
961,6.064053e-05
962,0.054820716
963,0.000108458655
967,2.7270573e-05
968,0.002993304
977,3.4016415e-05
980,7.290841e-05
990,0.9999403
1000,0.0015185204
1005,0.00030407304
1010,0.9999087
1013,0.04678822
1015,0.0002127796
1017,0.00010177065
1021,0.9995535
1029,0.00013518521
1032,0.9999089
1036,0.00031319098
1039,0.010580827
1040,0.00010556287
1041,0.00010038675
1043,5.9558457e-05
1044,0.00014823017
1056,0.0004336815
1057,4.1794836e-05
1058,4.177989e-05
1059,0.99924636
1062,7.181834e-05
1063,0.99990666
1068,7.730348e-05
1070,0.00022051488
1072,0.9996681
1078,0.0029056296
1079,0.00021140528
1083,0.00019346167
1088,0.0007095527
1102,0.99983597
1107,0.00021027648
1108,0.00012850582
1114,5.9672326e-05
1125,0.00022822886
1126,0.00021664567
1130,0.99994516
1132,2.52472e-05
1133,0.9998449
1136,0.00012158641
1139,0.9997701
1141,0.00017901279
1142,8.0349084e-05
1143,0.0029051034
1148,4.6344947e-05
1149,2.8339064e-05
1150,0.9982242
1154,5.6939127e-05
1155,0.0011588356
1161,0.00034941343
1162,8.521858e-05
1167,0.0077048102
1174,0.00013036579
1179,0.00087339716
1184,0.99954456
1185,9.7243195e-05
1191,5.8829715e-05
1192,0.9999232
1196,0.00030550413
1198,9.415038e-05
1207,0.0006433587
1208,8.491187e-05
1209,8.4522486e-05
1217,2.6191467e-05
1219,6.161481e-05
1220,0.9997329
1224,0.9999405
1228,8.495269e-05
1230,0.00042505394
1237,6.881535e-05
1239,4.651732e-05
1244,8.307741e-05
1256,0.00035957276
1259,0.0006038374
1260,0.00020645278
1267,2.2240603e-05
1269,4.054169e-05
1283,0.06888639
1296,0.99970466
1305,0.99990726
1310,0.9999175
1314,0.0003041049
1319,0.99858177
1324,6.4577056e-05
1327,0.0017910753
1329,0.999622
1332,3.679013e-05
1340,0.9998621
1341,0.00030076172
1342,0.00016417402
1343,0.0006308333
1344,5.6945424e-05
1346,0.9996921
1349,4.055024e-05
1353,0.034800265
1356,0.9995865
1365,0.9996834
1367,8.787578e-05
1369,0.9997992
1378,0.00087605644
1379,6.1825456e-05
1383,0.00010869533
1386,0.99995637
1391,4.3792254e-05
1393,0.00014224577
1397,0.9995136
1398,3.8564114e-05
1401,9.017336e-05
1404,0.99965894
1407,0.11884976
1410,0.9997217
1412,0.99984896
1414,0.00028704476
1419,2.7567825e-05
1422,8.8494184e-05
1423,0.0005989002
1431,0.99899656
1434,0.0030905558
1436,0.00033801087
1448,0.00072775595
1450,8.669924e-05
1453,4.0121504e-05
1455,0.00013863163
1456,0.0007103799
1457,0.00019300015
1461,3.6640482e-05
1466,0.0002178618
1470,0.0001273805
1473,0.9999124
1485,5.5535304e-05
1487,3.0371759e-05
1492,5.9678245e-05
1497,0.99989617
1498,4.6374258e-05
1503,0.00015127932
1506,0.00021056017
1508,0.00020736047
1511,5.9787213e-05
1512,0.00058520853
1516,0.9658838
1517,0.0005197419
1518,0.9998429
1519,0.00012918007
1529,0.00039857862
1534,0.000118384174
1535,3.8325627e-05
1540,0.00016449556
1542,0.00014297492
1547,0.99998176
1550,8.6219894e-05
1551,0.00058902154
1557,0.0009412537
1559,0.99987376
1560,0.0001835751
1561,0.0010083128
1564,0.997658
1566,0.99866927
1570,0.0015960445
1578,4.916715e-05
1581,0.9999099
1587,0.9688326
1588,0.0006699893
1590,5.8697966e-05
1592,0.0002118995
1593,0.0023908198
1599,0.00010857652
1604,0.99988925
1607,2.7919148e-05
1610,0.0009894817
1612,0.00026294685
1613,4.7633654e-05
1615,0.00025314116
1633,0.0001055054
1638,5.541463e-05
1644,0.00025776692
1645,0.9858834
1648,5.474886e-05
1651,0.9995515
1654,0.00048330787
1661,0.0001897469
1662,0.9998054
1665,0.9996351
1668,0.00013473956
1674,0.00010615915
1678,0.9997669
1679,0.9996475
1682,0.00024695983
1685,7.502423e-05
1689,0.0002143751
1697,6.031273e-05
1702,0.00037745276
1715,8.374092e-05
1716,0.99981326
1721,0.9998441
1722,3.3169374e-05
1725,5.9477232e-05
1730,2.8590264e-05
1731,0.0007834421
1732,0.103768885
1738,0.9998055
1739,0.0001876315
1740,0.00024649876
1743,0.0024376845
1752,0.00025427007
1764,0.99978477
1766,0.9989429
1770,0.9998142
1777,0.0005556894
1778,8.323068e-05
1780,0.9998217
1792,8.680654e-05
1794,0.99974185
1801,4.3989436e-05
1802,8.7966575e-05
1803,0.0001488433
1805,7.483424e-05
1807,0.00083207985
1810,3.0505458e-05
1818,0.00017922148
1819,3.294335e-05
1821,6.14753e-05
1823,0.00064743316
1830,0.14689639
1831,3.5663663e-05
1834,0.0012199113
1836,0.00011860291
1843,5.882354e-05
1857,2.5577756e-05
1859,0.0031418276
1860,0.9993818
1866,0.0012196307
1868,0.00011096815
1876,8.5045256e-05
1883,4.6538797e-05
1887,0.00014901216
1889,0.00073691015
1891,0.99993956
1896,0.00014682487
1901,0.00022007778
1902,0.00040931924
1912,9.360592e-05
1917,0.001947491
1919,0.00017425348
1921,0.9997639
1934,0.99980277
1935,0.00010921617
1939,0.20500891
1941,3.789059e-05
1942,8.496898e-05
1949,0.9997638
1956,0.000109181594
1962,2.6611371e-05
1970,0.00026617953
1973,0.9994462
1985,0.00010722791
1990,0.00077980437
1996,0.00055315834
2003,0.00031611818
2007,0.99992466
2008,0.9998772
2010,8.119023e-05
2011,7.7297875e-05
2016,0.00010452045
2018,0.00055443204
2022,0.21606494
2024,5.0930954e-05
2028,0.9996284
2030,0.9333183
2032,6.315839e-05
2033,3.1697728e-05
2035,5.323744e-05
2038,0.0003744599
2039,7.299279e-05
2042,0.11223548
2047,0.00018424251
2052,0.0037355763
2053,0.99991345
2054,7.67304e-05
2066,2.9303852e-05
2067,3.1445452e-05
2068,0.9998776
2077,0.99985695
2080,0.9998417
2089,4.6221627e-05
2094,0.00041713598
2097,0.00015486772
2099,5.026701e-05
2101,2.5934516e-05
2103,5.6754652e-05
2110,8.235756e-05
2113,8.152112e-05
2120,0.00088624767
2121,0.99969983
2126,0.019168722
2129,0.98813486
2130,0.99966013
2133,0.84697086
2134,0.0015593449
2137,0.98118365
2138,0.99950886
2144,0.002797324
2145,0.05339136
2147,8.9929825e-05
2153,0.000399679
2155,2.6495974e-05
2157,0.099730805
2158,0.00032634367
2161,9.0005924e-05
2169,4.1178926e-05
2170,0.00017717101
2175,0.99982435
2179,2.2844657e-05
2182,0.9991781
2186,0.0004826781
2187,4.181409e-05
2194,0.00017387242
2195,0.99986064
2197,0.00033066838
2209,0.00064924045
2211,0.17551239
2216,3.6952013e-05
2220,0.071525015
2222,0.00010947674
2228,0.95772433
2229,0.0015188422
2240,9.18046e-05
2246,0.00020184576
2247,0.0010786519
2257,0.00041492993
2259,0.9998634
2277,7.890647e-05
2279,3.940116e-05
2281,4.325056e-05
2282,4.9977065e-05
2283,0.9999709
2284,0.9996803
2285,0.026177628
2292,0.0025152687
2294,0.99978155
2296,0.00019110212
2302,0.00081868924
2307,0.0004637522
2313,0.00012541498
2315,0.00013370134
2318,0.00088035036
2321,6.652657e-05
2322,0.061093956
2326,9.5274176e-05
2329,0.0007869776
2332,5.498221e-05
2334,0.9997888
2335,0.9365412
2342,0.003084201
2351,0.0024226073
2353,0.00011415623
2360,0.014731382
2364,0.95246494
2366,0.9998784
2367,0.99987733
2372,0.31828776
2382,0.00064962823
2387,5.3711636e-05
2392,0.0002858012
2399,0.99982786
2400,0.99813974
2401,0.0008656646
2402,0.0004874269
2403,0.99959666
2406,0.00011155773
2410,9.5540105e-05
2413,4.4423054e-05
2416,0.99984276
2420,0.9999149
2421,0.00010832924
2424,0.0032605568
2426,0.9277271
2427,7.537497e-05
2439,0.99832505
2440,0.9998449
2443,3.2317097e-05
2446,0.00022494658
2449,4.4119843e-05
2450,0.00031064518
2457,0.000111903566
2462,2.8858301e-05
2470,2.7244138e-05
2477,0.0012671696
2485,2.1754955e-05
2488,5.4392232e-05
2490,7.6462995e-05
2497,0.9358608
2499,0.999607
2500,0.0008507695
2501,0.00032474005
2502,0.00069651206
2511,0.9999074
2512,0.00028162645
2513,0.004186168
2517,6.169148e-05
2518,0.0006750006
2519,0.9996637
2522,0.0009420602
2523,8.639075e-05
2524,3.2244905e-05
2525,0.00018890279
2531,6.29339e-05
2535,0.020552486
2536,0.9998723
2538,0.0001157977
2540,0.0023759017
2544,0.00011500441
2545,0.00013129432
2553,0.00092970376
2555,7.643864e-05
2557,0.00014207592
2574,0.99983525
2576,0.00046771756
2578,4.7061003e-05
2579,0.2424035
2588,0.00028030528
2592,0.0001603974
2593,0.11043072
2606,0.12802067
2607,0.00061277155
2609,3.685446e-05
2611,2.8671056e-05
2619,0.0011022252
2625,0.15062448
2626,0.00060137577
2627,6.4482716e-05
2629,0.0011802106
2640,0.00042583645
2641,9.047646e-05
2644,0.00014500183
2645,2.6242018e-05
2656,0.9995727
2659,3.9216466e-05
2660,3.7808255e-05
2663,0.00011054137
2668,0.00053213927
2671,0.00010442352
2673,5.647827e-05
2677,0.04802284
2680,0.0012250901
2683,4.0374707e-05
2687,0.9986675
2689,4.933986e-05
2691,0.00020397294
2695,5.9154983e-05
2697,5.9394366e-05
2698,0.9997831
2707,4.5811892e-05
2709,0.00036831494
2714,0.0024290057
2715,0.0016831869
2716,4.145845e-05
2726,0.00034170217
2730,0.9683214
2733,9.2295275e-05
2735,0.0020290462
2745,3.4260844e-05
2750,0.9997203
2754,6.473817e-05
2756,0.00042604518
2757,0.99978894
2758,6.4077474e-05
2759,0.99996305
2763,0.0001169528
2773,0.00013604917
2774,0.0011754805
2777,4.7767255e-05
2779,0.99898595
2782,0.999826
2786,0.99865305
2787,4.9622977e-05
2790,2.6569403e-05
2791,0.00066406396
2793,0.00016101723
2794,7.462053e-05
2796,0.9996432
2797,0.00011536501
2798,9.858555e-05
2802,0.99987555
2808,0.00042437052
2809,0.00020142338
2817,2.3890816e-05
2819,3.2004875e-05
2823,0.99956626
2824,5.2554955e-05
2840,0.00010221376
2851,3.7798414e-05
2852,0.00017264331
2860,0.037376326
2865,0.11712156
2867,0.00036076986
2883,0.0005018012
2887,0.00011587403
2891,0.00014261615
2895,7.486286e-05
2902,0.9996282
2905,7.349673e-05
2909,0.9998729
2911,0.00020910527
2918,0.1487741
2919,0.9998647
2922,0.0001283853
2925,0.00071553583
2929,0.00013905914
2930,0.9996612
2935,0.94912094
2936,0.9995788
2939,0.9997943
2948,0.0010459502
2950,4.570555e-05
2958,1.2332963e-05
2959,0.9999695
2964,7.160484e-06
2966,3.0736912e-05
2969,0.99903524
2980,0.9998535
2981,9.0528236e-05
2982,0.06925819
2986,0.99985003
2992,0.00018288779
2994,0.99977916
2995,0.9993407
2996,2.839081e-05
3001,0.0002651552
3002,0.999913
3005,7.447963e-05
3006,0.00012170031
3012,0.99986553
3020,0.99980444
3023,3.7548005e-05
3025,0.99960846
3026,5.1429954e-05
3032,0.9988024
3040,0.00016526373
3041,0.00045300994
3044,0.0004702729
3063,0.34527734
3066,0.99987423
3070,0.22765496
3074,0.00017698984
3078,0.0001508695
3081,0.9996927
3083,6.1018047e-05
3088,0.99986863
3093,0.9997813
3098,7.778687e-05
3099,0.9991591
3102,0.00014673879
3106,0.9997092
3111,0.0001623655
3117,0.000116836425
3128,0.00053690217
3129,0.9983816
3134,0.00018005529
3135,0.00035271203
3138,2.6157742e-05
3148,0.0028484939
3150,6.178167e-05
3153,9.5533e-05
3154,0.0003750179
3155,0.0009885489
3157,0.99985826
3159,0.9978897
3166,0.00012087522
3167,0.0011557885
3172,0.9999411
3173,0.00016581839
3175,0.00067878375
3181,0.99983823
3191,1.03225475e-05
3195,0.000109539185
3196,0.99995863
3197,0.9993824
3199,0.0010078864
3212,0.99952185
3213,0.00010709662
3214,1.8142497e-05
3217,4.595068e-05
3224,7.293381e-06
3226,0.9998097
3227,0.00024280351
3232,0.00014270592
3235,0.0009811495
3237,0.0013491889
3240,3.039737e-05
3258,0.0005364927
3272,0.00093070307
3278,0.0008612284
3279,5.6328903e-05
3280,5.230257e-05
3281,0.0009838805
3287,0.9997837
3291,9.428686e-05
3295,0.00012088502
3298,2.9321352e-05
3306,0.9995915
3308,0.000154734
3311,0.00022904611
3314,0.0012965173
3320,7.1105394e-05
3321,8.4595544e-05
3322,0.9998343
3352,0.999081
3353,0.00022108012
3357,3.664859e-05
3359,0.00011632328
3366,9.335873e-05
3367,0.9999546
3371,0.00012287032
3374,1.8265599e-05
3375,0.99974686
3384,0.99996305
3385,0.9996382
3393,0.0004856414
3395,0.0011072103
3410,0.00012975784
3412,0.00010167288
3413,0.9980811
3415,0.99983406
3421,0.00025522194
3427,8.7004606e-05
3436,1.8111397e-05
3438,0.9999571
3439,5.4629272e-05
3444,4.8260106e-05
3446,4.67594e-05
3449,0.00036605907
3452,0.9992034
3455,0.9997706
3457,0.9994479
3458,9.180162e-05
3459,0.999619
3460,0.99974924
3461,0.084715195
3469,0.0002540406
3473,6.858762e-05
3474,0.00015993633
3487,0.00016475018
3491,6.508003e-05
3498,0.9548456
3499,0.00013604632
3502,3.546952e-05
3504,0.0002212216
3505,3.8312508e-05
3508,0.9957628
3510,0.9998858
3512,0.99771667
3517,0.0033087644
3519,0.99918705
3520,0.00020395778
3522,0.99980825
3524,6.118195e-05
3538,0.0010997981
3546,0.00010161985
3547,0.00023728957
3552,3.4768014e-05
3556,0.0001388764
3557,0.97095954
3560,0.00080548855
3565,2.9506768e-05
3568,0.99881554
3572,0.00029529308
3581,9.093168e-05
3582,6.799857e-05
3595,0.99995565
3601,0.000110705936
3605,0.9998826
3607,0.00014496795
3611,3.887594e-05
3613,0.00023918234
3614,0.00045812922
3618,0.9997912
3627,0.9999454
3634,3.3354398e-05
3639,5.1183113e-05
3640,0.99966574
3646,0.0015088847
3647,2.4959256e-05
3649,0.00011539581
3653,0.000425899
3654,0.00089254626
3657,0.9999336
3664,0.99996734
3673,0.0012327449
3674,0.00021757596
3683,0.0008423962
3685,9.050045e-05
3698,0.00040924354
3702,0.00061599386
3703,0.9986534
3706,0.0007471951
3710,0.0013028485
3712,0.00038677567
3715,0.00047027
3717,0.00026942109
3718,2.5791664e-05
3724,6.578028e-05
3732,0.00016595585
3733,0.00011275726
3734,5.0238832e-05
3743,7.556921e-05
3750,0.0001486161
3751,0.00088267616
3760,0.000606708
3761,0.00010369529
3762,5.329042e-05
3763,0.9997931
3764,5.383753e-05
3771,0.99975795
3778,3.5890927e-05
3786,0.00016027066
3787,8.947237e-05
3788,0.00023338116
3790,0.0001095184
3791,0.99938905
3793,2.5783103e-05
3795,0.18018252
3797,0.00010296752
3800,0.00069205905
3807,0.00038329928
3808,6.530956e-05
3812,0.99986684
3813,7.5707416e-05
3825,0.99979526
3826,0.9998567
3830,0.00020318814
3833,6.989836e-05
3835,6.678482e-05
3844,0.99979943
3845,0.99417335
3848,0.00015754199
3851,0.0006105135
3855,0.9998147
3859,0.99970067
3860,0.0005981786
3861,3.8456878e-05
3864,0.99982774
3865,0.00012877495
3866,3.5111472e-05
3868,2.8974177e-05
3869,0.9998486
3872,0.0001941195
3879,0.99978954
3890,0.9998186
3891,0.0003641425
3893,6.502593e-05
3896,3.4349043e-05
3902,0.000203929
3903,8.3566534e-05
3916,0.99983907
3918,0.99994123
3919,0.00022598963
3920,7.133761e-05
3923,0.00016165074
3926,0.0002599945
3929,0.961354
3930,6.8917405e-05
3932,0.9999105
3945,0.00013341938
3946,0.9999385
3948,0.99773574
3950,0.999433
3955,3.2941025e-05
3961,0.99956495
3963,0.9996748
3964,2.8259261e-05
3965,0.00053995755
3968,0.00012534433
3975,1.2707992e-05
3977,7.060923e-05
3982,0.99987197
3984,0.0006139211
3985,7.096802e-05
3989,7.996842e-05
3991,9.865138e-05
4000,0.0006891254
4006,2.9519319e-05
4017,4.7309026e-05
4018,0.0003252547
4025,0.0006226102
4028,0.00020551536
4050,0.00011813371
4051,9.3271345e-05
4057,0.0011624874
4067,0.24068351
4068,0.0006560858
4076,0.0008535766
4079,0.00036973922
4086,0.0002509955
4087,0.00021932783
4093,8.373972e-05
4106,0.0005687184
4108,0.99972636
4109,7.0601556e-05
4110,0.00094294787
4114,6.7970504e-05
4115,0.10414924
4119,2.6049727e-05
4120,3.030975e-05
4139,0.99975735
4140,5.3480668e-05
4143,9.211319e-05
4149,0.0008219445
4152,0.9998388
4154,0.00048043783
4159,0.9993604
4165,0.9997507
4167,3.349203e-05
4169,0.99963176
4172,0.0003751082
4173,0.00047797963
4176,0.99983215
4179,0.0012992834
4183,0.0018054552
4191,0.9993574
4195,0.00041039486
4196,0.0024964584
4198,0.00071197056
4199,0.99960953
4200,5.951945e-05
4204,0.000814688
4205,0.999918
4210,7.0372014e-05
4211,0.0007266814
4212,0.99997246
4217,5.3672415e-05
4223,0.9998023
4225,0.00035836917
4229,0.0004952059
4233,0.9999218
4235,5.0671766e-05
4236,0.0003666273
4240,0.00014399765
4245,0.9998185
4260,7.2459065e-05
4262,0.9998356
4263,0.00013776783
4265,0.000108923494
4269,0.9996393
4271,4.874716e-05
4275,0.99981016
4282,3.3022516e-05
4291,0.99978274
4300,9.165581e-05
4302,0.0006981941
4309,0.9996037
4310,0.000100157566
4311,4.459717e-05
4314,4.7540714e-05
4320,0.00012512913
4324,0.00097182515
4325,5.3553853e-05
4329,0.00017244703
4331,5.6345234e-05
4337,0.9025786
4344,0.000762432
4349,0.9718411
4352,4.2075208e-05
4355,0.00010808759
4357,5.2981726e-05
4361,0.08144945
4366,0.0013401398
4367,0.9998723
4378,0.0007388072
4379,0.99986947
4382,0.0005458799
4389,0.00017628667
4394,0.9997081
4401,7.81415e-05
4407,2.0941936e-05
4409,0.09931888
4410,0.9716491
4411,8.933571e-05
4414,0.9999633
4421,4.5602497e-05
4425,0.00021397076
4427,0.010251253
4431,0.999701
4434,0.00092356943
4442,8.9053494e-05
4443,0.99982697
4447,0.00056882366
4448,0.00014269381
4454,0.0005162472
4456,0.00044999528
4460,6.297802e-05
4462,0.00071507297
4466,0.9998198
4471,0.0001553173
4472,0.00013587883
4473,5.1046532e-05
4475,3.7976613e-05
4476,0.00010488517
4479,2.937604e-05
4481,0.9998561
4491,0.9998683
4493,0.99993813
4498,0.9995485
4500,0.0007029166
4501,4.6453308e-05
4504,0.999701
4506,8.5373606e-05
4511,0.00010922731
4514,0.00014349981
4517,0.00034169792
4518,1.3445134e-05
4521,0.99980706
4526,3.9213694e-05
4530,0.15021637
4531,5.378016e-05
4535,4.7603047e-05
4536,0.9603285
4537,0.00010063585
4542,0.00011877166
4548,0.000348476
4551,0.99790025
4561,0.99977607
4564,0.9998455
4567,0.121978275
4569,0.0005504888
4573,0.00021395525
4575,0.010137697
4583,0.0006544128
4587,0.9997297
4591,0.0050498853
4595,0.99953747
4601,4.474119e-05
4603,0.0018421445
4606,0.0007378116
4607,0.05370497
4612,0.00024963467
4616,8.546386e-05
4628,6.131541e-05
4634,0.0001579445
4640,0.9998976
4645,6.9185604e-05
4646,0.00027222701
4647,0.00028117225
4655,0.00018519854
4677,5.0261347e-05
4687,0.00015431069
4696,6.608094e-05
4706,0.0004953879
4707,1.3531292e-05
4709,0.001151896
4719,0.99876946
4720,0.9995915
4733,4.3748467e-05
4734,0.001801665
4743,0.00026303084
4754,0.001158425
4763,0.9996662
4764,0.0002633498
4765,0.00020904867
4766,0.00026202365
4770,5.4547127e-05
4771,0.9999318
4774,0.9997757
4778,7.054267e-05
4783,3.4784032e-05
4788,0.9990631
4792,2.9359882e-05
4793,6.2013285e-05
4805,8.651721e-05
4809,0.9999119
4811,1.2449074e-05
4812,0.00012940852
4823,0.99962354
4824,0.00025684966
4826,0.00012052407
4827,0.9999565
4835,0.00078107504
4856,0.062210683
4857,0.9998086
4864,2.9255852e-05
4865,2.4589983e-05
4868,0.00021155954
4870,6.41051e-05
4872,0.00052642013
4873,9.922131e-05
4877,9.0998816e-05
4878,0.9990952
4883,1.1894367e-05
4885,0.00015849047
4887,0.99976295
4888,0.0003621234
4892,0.067490295
4894,4.748734e-05
4898,5.1578623e-05
4904,6.1946266e-05
4913,0.0007277788
4919,0.0010286479
4924,2.973098e-05
4925,8.699498e-05
4931,0.00066221855
4933,0.00024939323
4943,0.0006879131
4947,0.00045708276
4951,0.99957913
4954,0.99977094
4955,5.9486705e-05
4964,0.99973005
4971,0.0005288951
4975,0.0014031522
4976,0.00053276477
4980,0.0002096261
4984,6.516113e-05
4985,0.9998584
4987,0.00010938011
4992,0.0034153245
4993,0.0011916091
4996,5.343545e-05
4998,0.0005932087
5007,0.0002585208
5015,0.00017923565
5016,0.99978906
5021,8.791668e-05
5023,0.28524452
5024,0.9962482
5025,9.291067e-05
5026,5.8587684e-05
5031,0.00023405145
5033,0.9997427
5034,0.00015363445
5039,0.9995653
5044,3.0203051e-05
5045,0.9998472
5047,2.3805824e-05
5049,6.5067434e-05
5050,4.3165925e-05
5058,0.9544406
5060,7.632764e-05
5061,8.075243e-05
5062,0.99992204
5068,0.00015234693
5076,5.1635714e-05
5077,0.00021754339
5080,0.000320775
5083,0.9999664
5090,3.998556e-05
5091,0.99992454
5095,0.9998424
5098,0.999421
5103,3.8753275e-05
5105,0.99988425
5110,0.00015482034
5111,0.99996305
5114,0.4286322
5116,0.99987733
5117,0.99959594
5120,0.07027216
5122,0.0001430633
5123,0.9997154
5126,0.00010722731
5130,3.299922e-05
5131,7.414133e-05
5138,0.00026710413
5139,0.00059275544
5142,0.9991111
5147,0.00025646816
5150,0.90212077
5151,0.99990225
5154,0.00036859035
5157,0.9996056
5162,4.0483046e-05
5165,0.00012219125
5170,0.9994642
5171,0.0004380124
5177,0.00016470226
5182,5.4748754e-05
5187,0.99985754
5188,0.95253724
5191,0.9989807
5198,0.99984
5201,8.034257e-05
5204,0.009339883
5208,3.253653e-05
5215,0.00012622603
5218,0.0013850228
5225,0.00033574743
5231,0.00021918296
5235,0.9998381
5240,0.9998267
5248,0.9684848
5249,4.629622e-05
5250,7.859265e-05
5252,7.177014e-05
5256,3.8217884e-05
5261,7.6942524e-05
5272,0.0014286089
5273,0.00031873496
5276,0.005134978
5284,0.0005865325
5290,0.00013202008
5297,0.0006537118
5305,4.8083333e-05
5311,0.00017133547
5317,0.997738
5319,6.536714e-05
5327,9.74647e-05
5328,3.1448722e-05
5329,0.0003001132
5331,0.0041645947
5335,0.99990773
5336,0.9997646
5343,0.93895155
5345,0.238377
5346,2.6927719e-05
5349,0.0001306575
5351,0.00018646226
5353,0.0008105893
5357,2.5900408e-05
5364,0.00020826679
5366,0.99972755
5369,4.481011e-05
5370,0.00037502326
5377,0.00012459145
5379,0.00072640035
5383,8.3534345e-05
5386,0.9998431
5387,6.0483446e-05
5391,0.00016722486
5392,8.868521e-06
5396,0.00021162491
5400,0.00010768031
5402,0.0006807957
5404,0.00047576227
5407,0.00015749694
5410,0.00010333185
5416,0.999724
5423,1.8652903e-05
5433,6.212652e-05
5439,0.000106756874
5440,0.0014300211
5446,0.9999052
5460,0.0012630238
5477,0.0015110918
5478,3.927556e-05
5484,0.20994021
5485,0.999097
5491,0.9997056
5492,0.999624
5498,3.5004858e-05
5501,0.00039350378
5514,0.11173671
5515,0.99870586
5517,6.944796e-05
5526,0.9997893
5528,0.99992764
5532,8.5097665e-05
5535,0.00012783852
5543,0.99976426
5557,0.00029888938
5559,6.2113664e-05
5560,0.9997725
5561,0.000121166384
5562,0.00010334742
5563,0.00033374774
5564,0.016701462
5565,0.05720718
5568,0.00047788006
5569,5.960328e-05
5571,0.99976987
5574,0.00031866785
5578,0.99959713
5580,3.0482337e-05
5582,8.994655e-05
5590,0.9995648
5593,0.18892854
5599,0.9998242
5612,0.000174031
5614,0.22840464
5618,0.99981934
5620,0.27436396
5630,5.1901112e-05
5632,0.0001674543
5658,0.9993716
5659,0.06859975
5662,0.99995613
5665,1.4342168e-05
5677,0.9995678
5681,0.00021433791
5682,6.404504e-05
5684,0.00013045072
5686,0.9998636
5690,4.7331407e-05
5693,0.00020910388
5695,0.99984026
5700,0.00091485464
5702,0.00027203918
5705,0.99959904
5711,0.0008011288
5715,0.0007021215
5717,0.10469627
5719,0.11656954
5724,2.706752e-05
5727,8.906454e-05
5733,4.1212475e-05
5735,6.817583e-05
5742,0.9996425
5751,0.999821
5759,0.000103768674
5763,0.99991
5764,0.00011622183
5765,0.0002503464
5766,0.0011876911
5767,0.000844337
5768,0.0027010066
5778,0.000106699365
5786,2.781309e-05
5790,0.20052667
5794,9.525982e-05
5798,8.688712e-05
5803,3.849122e-05
5804,3.145682e-05
5812,4.4173183e-05
5835,6.6063105e-05
5836,0.00017698022
5837,0.00022416915
5838,0.0003150342
5849,7.7203505e-05
5852,1.5779733e-05
5860,3.8730588e-05
5861,0.9994748
5862,3.7307727e-05
5864,0.00017198791
5865,4.3102536e-05
5867,0.99995446
5872,8.272837e-05
5881,9.263359e-05
5883,8.0131016e-05
5885,0.000253408
5899,0.0007934259
5905,0.0010696867
5916,5.9098038e-05
5918,5.8269314e-05
5921,5.239947e-05
5922,0.9998124
5925,0.9997938
5929,4.834698e-05
5930,0.9994894
5931,0.0001377585
5935,0.99996483
5936,3.9867908e-05
5940,0.99925953
5943,0.0003488659
5956,0.9998958
5974,4.5807046e-05
5977,5.7403795e-05
5985,0.9998375
5989,3.4681154e-05
6001,0.00011078292
6003,0.0021245992
6006,5.3618904e-05
6007,0.9950127
6009,3.245323e-05
6013,0.9998254
6014,0.0006054311
6015,0.00058679446
6020,2.9267743e-05
6021,0.00034649498
6022,0.9999453
6023,3.3063294e-05
6024,0.00068469346
6026,9.8087614e-05
6030,2.9780129e-05
6033,0.99976856
6036,0.999323
6044,7.035839e-05
6050,0.000113615206
6051,0.9998925
6055,0.0001590955
6075,0.0011709237
6077,0.0008598214
6078,0.0002757919
6081,0.0018727169
6082,0.99962115
6089,0.00082531926
6092,0.077997856
6102,0.00037370814
6103,0.0049296347
6107,5.9854527e-05
6110,3.3892044e-05
6113,0.9996252
6123,7.291161e-05
6124,6.781454e-05
6127,0.92169756
6133,0.9983772
6134,0.00026577988
6136,0.9998615
6137,0.145869
6140,6.910925e-05
6143,2.8632992e-05
6144,0.002037979
6146,0.00013715125
6149,0.00013159489
6160,0.99961156
6163,0.00012975784
6168,0.086271346
6169,0.00021089872
6170,4.1057567e-05
6175,0.00014014482
6185,5.464662e-05
6191,5.3056407e-05
6192,0.0598692
6196,0.0009121356
6203,0.06268839
6208,0.0009786204
6211,0.00016646141
6212,0.00012249655
6219,7.8386525e-05
6230,2.263528e-05
6233,7.32837e-05
6238,0.0002463519
6240,5.6181427e-05
6242,7.6089564e-05
6243,0.00015078147
6246,0.998992
6248,6.523431e-05
6253,0.99656373
6254,0.99668187
6255,0.00020875207
6256,4.5605324e-05
6259,0.999879
6260,0.00041329107
6262,0.00057890394
6271,0.00044107693
6273,5.979953e-05
6274,9.825406e-05
6280,5.1997267e-05
6282,0.9713897
6285,0.00024509663
6291,0.99957865
6294,0.00061308465
6295,0.0007221252
6296,0.9997507
6300,0.99971396
6302,0.00020598934
6306,0.0057422533
6317,3.374543e-05
6318,3.2972388e-05
6321,0.9998443
6323,5.5837885e-05
6331,0.99988437
6337,6.1908235e-05
6341,8.300764e-05
6343,0.00012433747
6347,0.9998857
6349,2.8965142e-05
6350,7.3547424e-05
6351,0.99983215
6353,2.2428121e-05
6369,7.350129e-05
6370,4.6841567e-05
6371,3.32876e-05
6377,0.9997968
6382,5.2309602e-05
6383,5.8365742e-05
6387,2.655651e-05
6388,8.857312e-05
6390,0.00022788072
6392,0.15637018
6398,5.0317125e-05
6402,0.00020114546
6407,5.7843015e-05
6410,0.9999125
6411,0.00023417603
6412,7.5374825e-05
6414,0.00023078865
6416,0.00057793944
6422,5.376478e-05
6423,0.0002566717
6424,5.7186342e-05
6431,0.00017028043
6434,0.99976736
6436,3.7392994e-05
6442,4.27341e-05
6444,0.00089684746
6447,0.0001257678
6459,4.4043627e-05
6464,0.000201708
6470,0.0005564905
6473,0.13671663
6477,0.99997544
6479,0.00018995382
6481,0.00049481
6483,0.0016706396
6486,0.9999641
6487,0.00017739652
6496,0.99987924
6500,0.0024522557
6508,0.00092903036
6509,0.0002474359
6515,0.15056048
6516,4.870943e-05
6519,2.7038239e-05
6523,0.99966526
6524,0.00041626405
6527,0.99979895
6529,5.081675e-05
6534,0.00010544636
6536,0.9999759
6537,0.00014771968
6538,0.99985766
6544,0.9996278
6553,0.0002834947
6554,0.010491625
6557,0.9998109
6558,0.9996383
6560,0.0014102067
6562,0.00010341179
6568,0.0004898361
6570,4.5617373e-05
6571,0.0007190281
6579,0.00014229339
6581,0.9999087
6582,0.0006808654
6583,0.9995571
6590,0.9995766
6592,0.000100156896
6597,0.99960345
6599,0.00016101463
6604,3.586732e-05
6607,0.08006766
6608,4.2012063e-05
6609,0.00033134813
6610,5.920629e-05
6611,0.00020046692
6612,0.00011525088
6616,0.00015605481
6618,0.00012849785
6625,0.00010031355
6627,7.432644e-05
6632,3.082153e-05
6635,0.039436333
6636,2.7735088e-05
6640,0.0002172594
6642,0.9996147
6647,0.00026958837
6651,0.9996455
6653,9.499195e-05
6661,0.000111274596
6666,0.001127531
6669,0.8785672
6676,0.99994695
6679,3.1112533e-05
6684,0.99972326
6687,0.0002776728
6689,0.99986625
6696,0.0003112324
6698,0.00033709998
6700,0.0002225188
6701,0.00017314614
6706,7.776722e-05
6724,0.999608
6729,0.00044885353
6734,0.00094978797
6738,0.00048462176
6743,0.9993205
6745,0.99992466
6746,0.9999534
6755,8.439306e-05
6761,0.999739
6762,8.395976e-05
6763,0.037223652
6765,0.00016317566
6769,0.99935323
6777,0.9998672
6782,0.14439052
6783,3.0756702e-05
6784,0.9998023
6788,9.108824e-05
6789,0.0005671154
6794,9.127718e-05
6796,0.9999565
6798,1.2373878e-05
6802,0.999393
6804,5.6529625e-05
6806,0.002245328
6813,0.00032549386
6814,5.655642e-05
6816,8.487965e-05
6824,0.000143447
6828,0.9997701
6830,0.99969065
6843,2.9293209e-05
6847,0.99908745
6851,2.4612178e-05
6852,0.00017790555
6853,0.00023129774
6857,6.527706e-05
6860,0.000174818
6862,0.9996418
6864,0.99989486
6865,8.002128e-05
6876,0.9991473
6878,8.817654e-05
6882,0.00072608056
6884,0.0001865542
6890,0.99839216
6902,0.00029145897
6908,0.0017272193
6909,0.99918336
6916,0.00010507087
6919,0.00023534487
6933,0.9996542
6938,6.065765e-05
6945,0.9998066
6952,0.00028061093
6955,0.92203796
6960,0.999915
6963,2.489061e-05
6966,8.2023675e-05
6969,0.0009517841
6971,0.22458781
6972,0.00029149483
6976,0.00024504453
6977,0.9619352
6987,0.999938
6988,0.00011520648
6990,0.00016067983
6993,0.000104800594
6994,6.32929e-05
6997,0.8619481
6999,0.00017148323
7000,0.00016036467
7009,0.9996911
7018,0.17085181
7020,0.95871294
7022,3.783336e-05
7027,0.0003642397
7029,0.0017060667
7030,0.00013928581
7032,0.00012659185
7037,0.999338
7040,0.00017767565
7042,3.162677e-05
7052,0.00018047968
7053,0.00028493762
7054,0.00012608973
7055,0.000185617
7061,0.00055175874
7070,0.0003177668
7078,0.9996387
7081,0.9994025
7082,0.057256408
7090,0.00013992464
7091,0.9997663
7094,0.00044311365
7095,0.9982734
7097,0.999941
7098,0.16140601
7100,0.00030550675
7106,5.7730984e-05
7107,0.0004847814
7109,0.9993717
7111,0.0003459766
7120,0.00041306796
7124,0.00020180726
7126,0.00069620775
7133,0.0030298394
7136,0.0004019511
7139,0.99984586
7144,0.0004605124
7147,0.9998485
7150,0.9995067
7154,0.0003617671
7162,0.84859246
7163,0.99783
7166,0.000120681856
7170,0.00019591273
7174,0.9997156
7179,0.9995715
7180,2.2207667e-05
7194,3.3897893e-05
7196,0.00015385743
7198,0.9992781
7203,2.3897743e-05
7210,0.9998381
7220,0.9997583
7223,0.0059626345
7224,0.9999603
7230,2.696192e-05
7238,0.00050044607
7252,0.06749942
7253,0.00016609184
7254,2.7423557e-05
7259,9.187677e-05
7264,0.0012708966
7269,2.7137177e-05
7279,0.000111013134
7280,0.9998306
7282,0.9998191
7283,0.00014270279
7284,0.9998247
7285,0.00038260146
7287,5.6652396e-05
7291,0.00013207446
7295,0.9999387
7300,3.0634958e-05
7303,0.00014658594
7306,0.00039222834
7310,0.0016988831
7323,0.9999113
7325,4.0957922e-05
7331,0.0011781596
7332,7.534737e-05
7343,0.00041030647
7344,4.5647575e-05
7348,8.3963285e-05
7349,0.00022219845
7353,0.9998715
7358,3.0110445e-05
7361,0.0001544666
7363,0.00010928347
7364,0.00012093264
7366,0.00059640524
7377,0.12405751
7382,0.0004344971
7389,5.5533816e-05
7395,5.3002954e-05
7396,0.0007397213
7402,0.99977905
7408,0.0003605715
7409,0.00042266378
7415,2.7655431e-05
7421,0.9990619
7424,0.00011543037
7426,0.9992878
7429,5.8948204e-05
7430,2.2783674e-05
7431,6.929158e-05
7442,0.9277649
7444,0.00013503332
7448,6.6104636e-05
7451,0.0005258996
7452,0.99975675
7462,0.0005141995
7466,7.699559e-05
7468,0.0013249007
7471,0.0001344427
7472,0.00011326602
7478,2.362679e-05
7481,6.178308e-05
7483,2.4565888e-05
7485,0.0002494039
7487,5.3293676e-05
7488,0.00061280746
7492,0.0002015471
7493,0.06610914
7494,0.00056747685
7496,0.00038720728
7498,0.99871445
7499,0.013094199
7503,8.21635e-05
7505,0.00018529092
7506,0.0003793869
7509,0.00011868732
7510,0.9993405
7511,0.00030131533
7512,5.7762867e-05
7513,0.00011398546
7514,0.99969244
7516,0.0005366888
7523,0.00015169244
7524,2.9615328e-05
7527,0.00032662286
7529,7.484373e-05
7532,0.00017531059
7535,3.56852e-05
7539,0.94254607
7545,6.938593e-06
7546,0.99985504
7547,0.99933654
7552,0.99990976
7557,0.99489826
7558,0.044436228
7565,0.0004111504
7566,3.7322065e-05
7567,0.00026564862
7569,0.99977607
7575,6.7967776e-05
7576,0.009202594
7583,0.00032407697
7587,0.99982053
7588,0.0012119729
7590,0.23961936
7594,6.151395e-05
7597,7.43531e-05
7602,2.6005573e-05
7603,0.00027953403
7609,0.00049854396
7612,0.00046977584
7615,0.99982834
7618,0.99953234
7627,0.9996432
7633,5.2245443e-05
7635,0.99882764
7636,0.00022438855
7637,0.99962187
7638,6.1829116e-05
7640,0.015130345
7645,3.1915726e-05
7646,0.00010910354
7649,0.7800474
7654,3.61946e-05
7658,0.00014986527
7670,0.000955569
7673,9.606183e-05
7680,9.2354174e-05
7689,0.00056576997
7692,0.0146264285
7695,0.00020747834
7696,3.48527e-05
7700,0.9995247
7702,8.724503e-06
7704,0.0008224478
7705,0.00046940296
7707,0.22589023
7713,0.17401105
7728,7.568792e-05
7729,0.9998115
7730,0.0012837242
7731,0.0002922339
7733,3.379351e-05
7736,8.8484645e-05
7742,0.0003101267
7743,0.00044714316
7749,0.00014354072
7750,0.9990314
7752,0.00017052154
7753,1.3530621e-05
7754,5.336889e-05
7756,0.9987618
7757,0.0010545941
7760,0.00012523239
7762,0.00090511836
7765,0.00015705393
7770,5.0845298e-05
7772,0.99791783
7775,5.7695433e-05
7779,0.18205541
7780,0.0005693799
7786,0.00013648915
7788,0.00015823617
7795,0.00036550377
7799,0.00038318514
7803,0.00016895792
7811,2.5760517e-05
7813,7.0720555e-05
7816,0.0003707487
7822,5.1754127e-05
7823,4.095601e-05
7830,0.999305
7831,0.9993499
7833,0.9998368
7835,0.9994168
7849,0.00020047343
7861,0.00043670076
7869,0.99921584
7871,0.9996501
7876,0.99987316
7877,9.676146e-05
7884,8.072063e-05
7885,0.9996147
7889,0.005522598
7890,0.00043783456
7892,0.0005254158
7897,0.00010044612
7902,0.99883896
7908,4.1880656e-05
7909,0.00033446954
7910,8.165026e-05
7916,0.9994098
7926,0.9997725
7927,4.9871756e-05
7931,0.99974006
7933,0.0001478613
7935,0.00014483214
7940,0.9999114
7944,0.0013571552
7945,0.00011641794
7950,0.9997944
7955,8.405044e-05
7957,0.0002246204
7958,0.0005333763
7959,2.6598278e-05
7966,3.810489e-05
7968,0.0005965491
7973,0.99801505
7979,0.9997837
7987,0.00013475883
7989,2.1953638e-05
7993,8.754131e-05
7994,0.99947685
8003,8.7598004e-05
8009,0.00025322588
8015,0.9999155
8016,0.9999658
8017,0.0006384231
8022,0.00017793183
8025,0.9999161
8028,2.4561039e-05
8035,0.00014371944
8036,0.00018345787
8038,0.9999199
8039,0.9994929
8041,0.0005230685
8048,0.99958104
8051,0.9997087
8056,4.6321307e-05
8057,0.98772454
8059,8.258232e-05
8063,0.00019375076
8068,9.186222e-05
8070,0.00019107827
8076,0.0002584311
8077,0.99965096
8081,0.0001525596
8083,0.9996381
8084,4.0961477e-05
8087,0.00084405625
8088,0.99972874
8090,0.9994646
8093,6.5135784e-05
8096,6.18668e-05
8100,1.9709847e-05
8103,0.00024247155
8108,0.2543561
8118,0.97569376
8126,0.0032380065
8132,0.00057139166
8134,5.7071822e-05
8138,2.3683073e-05
8141,6.2711995e-05
8144,0.9998729
8146,0.00081760634
8147,6.867558e-05
8151,6.373298e-05
8152,0.99976426
8160,3.2613007e-05
8164,0.00012447259
8169,0.91919535
8170,0.0008013117
8179,0.9996629
8183,0.00059342757
8184,0.9999455
8196,0.99971765
8201,1.790873e-05
8202,0.9996728
8203,6.6209934e-05
8209,0.9669572
8210,5.8679554e-05
8212,0.9996704
8217,0.00017167267
8224,0.89264756
8225,2.7579026e-05
8233,0.16564174
8234,0.99975663
8236,5.252755e-05
8239,0.9998838
8240,0.0030841057
8241,0.00049999164
8245,0.0003022752
8247,0.99957067
8248,0.00017852987
8249,0.001798465
8252,4.508663e-05
8259,0.00018585502
8262,0.99942446
8263,3.6368114e-05
8264,0.00020034348
8279,4.6136982e-05
8283,0.999956
8287,4.3757274e-05
8288,0.001206688
8290,0.00021021414
8301,0.0003531944
8310,0.00036112982
8316,0.00071303186
8317,0.00011409159
8320,0.99988556
8328,0.00017205106
8333,0.0042494047
8337,0.00047840123
8349,0.00026748076
8351,0.00022299562
8361,0.99495405
8370,0.9718256
8372,0.0050432
8374,2.2399563e-05
8383,0.00022418499
8388,8.068177e-05
8393,0.00019764979
8398,5.7371344e-05
8399,0.0005844404
8408,8.146314e-05
8413,0.9937224
8420,0.999795
8423,0.0011021475
8424,7.598421e-05
8426,0.0008961068
8428,3.2823464e-05
8432,0.0005002288
8434,0.0008357641
8435,0.00056705484
8442,0.9999387
8446,4.900743e-05
8449,0.10018391
8454,9.775492e-05
8456,0.00019268131
8463,0.99985087
8475,0.007939331
8479,0.00069022435
8489,0.9998418
8490,0.30164713
8496,0.9999372
8499,0.12261999
8501,0.99986696
8508,3.9602277e-05
8509,4.7659007e-05
8515,9.122054e-05
8519,0.9998171
8522,0.00084705185
8525,8.664684e-05
8527,0.00083147315
8528,0.0002411599
8530,7.3411975e-05
8534,0.00026597633
8536,9.183954e-05
8537,0.99986506
8539,0.07929058
8551,0.00013632202
8556,0.00072540966
8559,3.0796855e-05
8560,2.3615323e-05
8565,5.4034885e-05
8568,4.6953548e-05
8569,0.99849296
8575,4.289714e-05
8580,0.00043789906
8594,0.99950325
8601,0.0012372372
8611,7.344649e-05
8613,0.00016998031
8625,3.472732e-05
8628,0.00018659563
8631,4.8356065e-05
8639,6.886826e-05
8642,0.9998803
8644,3.260402e-05
8648,7.213517e-05
8649,0.99971
8655,8.67171e-05
8657,0.0005951634
8658,0.9997216
8659,2.2245249e-05
8662,6.962892e-05
8663,0.9997218
8664,9.9101686e-05
8665,0.00019705723
8666,3.373378e-05
8668,8.534316e-05
8679,0.00010927513
8693,0.9999002
8709,0.0012615577
8711,2.1701102e-05
8718,0.9998221
8720,0.00039155624
8722,0.9999056
8726,0.000194118
8734,0.00013889058
8739,0.00011340782
8746,0.00090505404
8748,2.2518627e-05
8749,0.99903524
8755,0.00020513967
8757,0.000859052
8763,0.0009029412
8764,0.00067610346
8766,0.99997926
8773,3.7640646e-05
8777,6.460724e-05
8779,0.0003187669
8783,0.0003161875
8787,4.285457e-05
8789,0.017371513
8791,7.0259295e-05
8794,0.00039441488
8800,0.00024749583
8803,0.010126769
8805,0.9997677
8816,0.0010242034
8817,4.5541092e-05
8818,3.4908815e-05
8819,0.99937963
8821,6.938858e-05
8845,0.008060379
8849,0.00033495904
8851,0.9948828
8852,7.275103e-05
8857,1.6708718e-05
8867,0.9998122
8870,5.3083684e-05
8871,8.801431e-05
8876,0.92471087
8883,0.00020161032
8885,3.4318953e-05
8889,0.0006197636
8891,0.00013017052
8892,0.00013870356
8893,0.99954647
8894,0.0006620677
8906,8.337478e-05
8907,0.99992466
8919,6.348767e-05
8923,0.0007263331
8928,0.99972564
8931,0.9997793
8938,3.058116e-05
8943,4.257944e-05
8955,5.7580663e-05
8957,0.99953175
8964,0.00050474977
8965,3.5046607e-05
8970,0.0015413213
8975,3.9566003e-05
8980,0.9991928
8983,1.7980261e-05
8989,3.736498e-05
8992,3.5939596e-05
8993,0.36957827
8996,0.99988234
8998,8.415663e-05
8999,0.000122038946
9004,0.00011972878
9007,0.9998828
9011,0.0026516567
9018,0.9996176
9020,0.00015037558
9021,4.2478252e-05
9027,0.0003540475
9035,7.079957e-05
9042,0.9999367
9044,0.99732566
9052,0.9998522
9056,7.1679584e-05
9058,0.00022801047
9059,0.0023304573
9060,0.0655701
9061,0.0004829954
9065,0.94550824
9068,4.158603e-05
9070,6.523276e-05
9071,3.0492718e-05
9077,5.1990628e-05
9081,0.0010149548
9083,2.9360384e-05
9084,0.00014675489
9085,0.00036833517
9088,9.6956624e-05
9091,0.17194192
9093,0.0032781495
9096,0.00011039853
9098,9.448312e-06
9103,3.1329764e-05
9109,0.0004454192
9113,0.00013556576
9126,4.8365655e-05
9129,8.381385e-05
9130,0.0075255246
9134,2.4360406e-05
9137,0.00012938175
9139,0.99970824
9141,0.99992096
9142,0.00036853974
9147,0.9998349
9148,1.41299315e-05
9151,0.99967027
9153,0.0005139587
9154,0.00028392504
9158,8.6227294e-05
9160,5.6758334e-05
9164,0.99972206
9170,1.3688377e-05
9175,0.055580392
9176,0.0038520102
9177,0.00012491157
9178,4.953504e-05
9185,0.99946827
9186,0.0005194227
9187,7.4514435e-05
9189,9.062264e-05
9190,0.05517999
9195,0.9998975
9199,4.3226974e-05
9205,0.00020338956
9209,0.00040174788
9213,0.9997838
9218,0.9997309
9221,0.0011593308
9223,0.9998411
9229,0.9998048
9234,0.0002780824
9235,0.0003099984
9237,0.00010735765
9243,9.171683e-05
9244,0.99977
9250,0.9784823
9252,0.00015365028
9253,0.000175041
9255,3.1659572e-05
9261,0.99976677
9262,0.999811
9270,0.9999043
9271,0.99975795
9273,0.121699154
9275,4.686748e-05
9281,0.00035767475
9283,0.00012448279
9290,0.0007358526
9291,0.00046563943
9292,0.99942315
9295,6.3984844e-05
9304,0.0011108827
9308,0.051301155
9313,0.99977547
9317,4.4832723e-05
9321,0.00025015385
9330,0.0005138972
9332,4.8143993e-05
9335,0.00015894843
9344,0.999808
9346,8.594269e-05
9349,0.058780365
9351,0.00055320846
9352,0.99996555
9354,0.000429813
9359,0.000139176
9371,0.0022163875
9372,0.0004970834
9380,4.8063437e-05
9381,1.217642e-05
9382,0.99989295
9384,4.8351223e-05
9385,3.021604e-05
9388,0.99955374
9395,8.60415e-05
9404,0.99971336
9405,0.00010532305
9415,3.6096877e-05
9416,9.724589e-05
9422,0.00031426235
9425,2.573746e-05
9426,0.0003929055
9430,0.00013601079
9433,3.3184973e-05
9434,0.99987257
9436,0.00018917587
9437,0.00047033545
9445,3.0291401e-05
9447,5.9582882e-05
9452,0.00014646816
9454,0.9968458
9455,0.00028583442
9456,8.302331e-05
9464,0.00028470354
9467,5.3907555e-05
9469,5.776738e-05
9478,0.9997068
9481,0.0070257033
9483,6.242196e-05
9485,5.988638e-05
9488,0.000183898
9502,0.0018916351
9513,0.99976236
9518,0.9996183
9521,0.02071274
9528,0.9999045
9540,0.00090252666
9542,0.9998764
9547,0.0004686979
9554,0.99978596
9558,0.9998318
9559,3.3775435e-05
9560,4.6766e-05
9561,0.9998425
9562,0.00013398928
9563,0.0007085277
9566,0.0002850444
9571,0.00015033114
9573,0.99958795
9574,0.00084818417
9584,0.00036613498
9588,3.577304e-05
9589,0.9998884
9599,0.0004639483
9605,0.99974805
9610,3.547483e-05
9612,0.00019938512
9613,0.0001781126
9615,0.00042350206
9617,5.293582e-05
9626,0.99923813
9634,0.99975735
9635,0.00046788767
9636,0.000116363226
9639,0.00036580092
9640,0.00013747165
9642,0.9997603
9643,0.0002989706
9644,0.00013693616
9652,0.00022003287
9655,0.9678496
9662,0.9860291
9663,0.0006973998
9664,9.0223846e-05
9670,0.00019609045
9673,7.764895e-05
9674,0.0010281731
9675,0.9999434
9677,0.00027975452
9685,4.5161887e-05
9690,5.765319e-05
9692,5.1859308e-05
9693,0.00018410501
9697,3.8600796e-05
9704,0.010335281
9705,0.00045684713
9706,0.0008194974
9710,0.00068570627
9717,0.0002501944
9719,0.0010192508
9720,0.9998759
9724,2.6048909e-05
9729,3.5023855e-05
9739,0.9999089
9740,0.99974054
9741,0.2004779
9747,6.161739e-05
9751,9.648293e-05
9752,0.0003719919
9756,0.08317056
9757,0.0009445448
9758,4.700785e-05
9760,0.99994254
9762,0.9998385
9775,0.99935204
9776,0.99962735
9778,0.00019750057
9779,0.00029155874
9784,0.00019649733
9788,0.9998447
9794,0.99867094
9804,0.9999045
9805,0.99949276
9815,0.99980253
9819,0.00035535576
9832,0.00034344208
9834,0.00018405657
9839,0.99979264
9840,0.002120728
9842,0.0003662741
9843,0.999928
9844,8.277091e-05
9846,0.00014110102
9850,4.094281e-05
9851,0.0034319158
9852,0.99949765
9862,0.08482736
9863,0.000282915
9864,0.00010501898
9866,7.3103416e-05
9867,0.00012244716
9868,1.50391415e-05
9869,0.00010673509
9875,7.101236e-05
9876,0.00018739085
9879,0.99994755
9882,5.3994143e-05
9884,5.9093585e-05
9898,8.363892e-05
9900,4.9340848e-05
9904,5.446329e-05
9907,0.9997503
9910,0.99926585
9911,4.5393495e-05
9912,0.9998746
9913,0.0001562208
9921,5.526444e-05
9924,0.00030231525
9930,4.8468755e-05
9934,0.00019448018
9935,0.9999435
9936,0.92477405
9940,9.810923e-05
9942,0.00031980916
9943,0.99983513
9945,9.867838e-05
9956,0.00014868302
9961,4.8418446e-05
9962,6.738341e-05
9972,0.99961144
9973,9.33476e-05
9975,0.00019333443
9983,4.8695307e-05
9987,0.0017726236
9993,0.00020617995
9998,0.032668747
10008,0.00030846125
10018,0.9999325
10024,0.0011737043
10034,2.8879967e-05
10038,0.00032565123
10039,7.997292e-05
10041,0.9984781
10043,0.999853
10044,0.082591474
10047,0.9997234
10052,0.99934477
10054,0.0001701613
10055,0.9998983
10056,5.143005e-05
10057,0.99965036
10062,0.0003296137
10071,0.9999033
10075,3.5461908e-05
10078,0.95090544
10082,0.06221061
10087,0.9996458
10093,0.00038290158
10094,5.0138606e-05
10095,0.0003225567
10099,0.000119950804
10105,0.00049753377
10108,0.9998838
10109,0.0006022697
10115,0.9997186
10122,0.00032432668
10129,7.588681e-05
10130,0.99902546
10132,0.00023275118
10147,0.0010130024
10148,0.999959
10153,0.0010437608
10155,2.3737475e-05
10178,0.97289735
10196,0.9995839
10200,0.0001844522
10203,0.99770576
10208,2.5060024e-05
10217,6.84969e-05
10220,0.9997259
10222,0.00010088596
10225,0.000111419205
10227,0.00011712601
10235,0.00030433608
10246,0.005091775
10247,5.1852534e-05
10248,4.541376e-05
10249,0.86624646
10250,0.0022489822
10251,0.17359845
10253,6.903824e-05
10256,0.0016234894
10257,0.9998926
10263,0.9997086
10264,0.0004416344
10265,4.2148622e-05
10270,0.000104926796
10290,0.0008783981
10292,0.0007995489
10310,0.0004409157
10320,0.0004974842
10325,0.00012917022
10329,0.00039821005
10331,6.5633656e-05
10335,7.5846445e-05
10351,0.28042826
10353,0.99970835
10357,9.6912256e-05
10362,0.898953
10372,9.7918e-05
10382,0.99995804
10384,9.700638e-05
10385,0.00048086734
10391,0.10358223
10397,6.0187358e-05
10398,0.9997768
10407,0.9996099
10408,0.00010799826
10409,0.9994236
10414,0.0008654704
10422,0.00012846025
10423,0.93075377
10427,0.0007391812
10429,3.639091e-05
10430,0.9999013
10433,0.99993503
10441,0.0004182042
10443,0.99669147
10446,0.9998771
10448,0.00030642212
10455,0.00047474046
10463,4.759379e-05
10465,0.99970204
10473,0.00031214854
10481,0.9998803
10483,0.00014494998
10484,3.588665e-05
10485,6.498583e-05
10494,3.086065e-05
10495,7.3141695e-05
10504,1.3632658e-05
10519,7.611271e-05
10522,0.9997061
10524,0.00038537342
10528,0.00014991015
10529,0.1376261
10536,0.00015044255
10539,0.00017811041
10540,1.9511404e-05
10541,5.144496e-05
10545,0.99984765
10547,6.471132e-05
10549,0.0016561128
10551,0.0001570382
10552,0.0010769675
10553,0.99993515
10554,0.014710413
10557,0.000647784
10564,0.00054348184
10566,0.08480244
10567,0.47386745
10573,0.9998659
10581,0.0052963505
10598,8.691811e-05
10608,3.2574124e-05
10609,0.9999263
10612,0.92585075
10617,3.596881e-05
10619,0.0013012295
10620,0.999851
10621,0.0001401602
10623,0.00153031
10627,0.00010816244
10629,0.9280428
10630,2.0615105e-05
10641,0.00022140413
10649,0.0001552877
10650,0.0001052862
10655,6.8505e-05
10662,5.0588915e-05
10663,0.0001068685
10667,0.000535709
10668,4.556724e-05
10669,6.934386e-05
10680,0.00016335392
10684,0.0017367376
10691,0.00017857243
10693,9.5465795e-05
10694,0.00021452845
10695,0.00026636003
10708,0.001706343
10711,5.376396e-05
10712,8.204003e-05
10713,0.0004046263
10717,0.0010258822
10728,0.9473183
10732,0.8776838
10734,0.9997688
10739,0.0011765676
10743,0.085246846
10746,0.00045561764
10747,5.7338148e-05
10754,6.36275e-05
10758,9.848303e-05
10760,3.8766324e-05
10761,5.7057132e-05
10765,3.9727256e-05
10766,0.99992347
10769,7.477738e-05
10772,0.92491865
10773,0.9998419
10774,0.043826308
10777,0.15851691
10778,0.000889234
10779,6.302614e-05
10786,3.9913215e-05
10789,0.00050216314
10794,0.000113486574
10795,4.0664436e-05
10800,4.835542e-05
10809,0.0008953426
10819,0.9848914
10825,0.9997235
10827,0.05824612
10831,0.9998449
10834,0.99991584
10835,0.00013982461
10836,0.15371348
10837,0.0005439643
10842,0.00013202862
10847,0.00017223868
10848,0.9997396
10849,0.9998022
10852,7.652376e-05
10853,3.2210424e-05
10856,0.00019575476
10862,5.85554e-05
10866,4.6974063e-05
10871,0.20090967
10872,0.99990547
10884,0.00016851837
10899,7.8394e-05
10902,0.999451
10903,0.00043654864
10905,5.1127212e-05
10912,0.99957365
10913,6.325103e-05
10915,2.2362256e-05
10919,0.00056418625
10923,0.037281062
10929,0.0019031197
10931,6.506861e-05
10950,0.9997178
10958,0.00016883119
10960,3.41034e-05
10962,4.9825267e-05
10963,6.947492e-05
10966,0.99978167
10972,0.00094859017
10979,0.00035459775
10980,0.25904718
10981,0.9996216
10992,0.00017013858
10993,6.355636e-05
10996,9.701933e-05
10998,0.000354247
11001,0.00011045582
11010,0.9983481
11014,0.99972194
11023,2.8381444e-05
11030,0.0014369724
11034,0.000103292434
11036,6.549661e-05
11037,0.00023536055
11044,0.9990126
11048,0.12099119
11050,0.0012955662
11051,0.0002976104
11052,0.99996495
11056,0.00043909953
11065,0.99943405
11066,0.9997445
11067,0.0017144049
11076,0.0036888903
11077,0.00019793662
11079,4.0083334e-05
11085,0.00040589715
11088,0.0004412954
11098,2.2448641e-05
11099,0.0005430168
11103,4.288871e-05
11105,4.377739e-05
11111,0.00021699586
11114,0.99956244
11116,0.00045697734
11122,2.7085416e-05
11132,0.9998323
11135,0.99976355
11137,0.00047355518
11155,5.426721e-05
11159,0.00033050103
11161,5.314482e-05
11167,0.00029790305
11171,6.343357e-05
11172,1.3947001e-05
11176,0.9973852
11178,0.99981076
11180,5.8696514e-05
11183,0.999652
11187,5.7519086e-05
11190,1.6183954e-05
11191,0.00011854209
11197,3.9709717e-05
11198,0.00012928173
11199,7.953698e-05
11200,0.99981326
11206,0.9996662
11217,0.00091822207
11224,0.000942493
11238,0.9938883
11243,7.1688264e-05
11258,0.00013319934
11261,0.00042809293
11266,6.4862936e-05
11273,5.60001e-05
11274,3.6893598e-05
11279,0.000326697
11281,3.8272592e-05
11298,2.2248983e-05
11301,0.0002383921
11303,0.0005164044
11304,0.0005000581
11305,6.7253284e-05
11312,0.99991953
11313,4.8220405e-05
11316,0.06915307
11319,3.1018917e-05
11324,0.18680583
11325,0.00017073516
11327,0.0023212326
11328,3.2833042e-05
11329,0.00010968363
11339,6.3202315e-05
11341,6.156365e-05
11350,0.99985373
11352,5.1417835e-05
11356,0.00011500234
11358,0.99947613
11359,4.3388787e-05
11372,3.768709e-05
11380,0.9998271
11388,3.3186712e-05
11392,0.00010639589
11395,0.00014998965
11397,0.9587563
11399,5.3654556e-05
11404,0.9999274
11405,0.9057738
11406,0.0018348345
11409,0.99973065
11412,0.00063912745
11413,0.9996296
11422,0.9991509
11426,0.99980456
11427,0.9478142
11429,0.9998665
11431,6.931444e-05
11433,0.99972326
11437,2.8986971e-05
11444,0.00015208058
11448,0.000148939
11450,0.99976236
11452,0.00078203954
11454,0.9994387
11459,0.010281311
11462,0.18203107
11464,7.368235e-05
11466,9.0923524e-05
11469,0.00013291171
11475,0.9998685
11483,0.00030566525
11487,0.99974936
11489,6.234189e-05
11490,0.9984805
11495,0.00020229892
11497,0.00017385303
11499,4.4757537e-05
11500,2.7742202e-05
11503,0.9999132
11505,3.0648516e-05
11506,0.9646459
11508,0.0022975183
11511,0.00048355054
11512,9.729328e-05
11516,0.0008346256
11517,0.0011061176
11520,0.99981457
11525,0.001228453
11536,0.00016021871
11543,2.989004e-05
11547,6.062197e-05
11549,0.00013400498
11554,6.733613e-05
11559,0.00030819466
11560,0.00022437122
11564,0.00082490843
11580,5.8157788e-05
11583,8.5523294e-05
11584,0.0040927376
11588,2.4596691e-05
11591,3.6786798e-05
11597,5.9142745e-05
11598,0.0009017693
11603,4.4922293e-05
11609,0.00051182305
11621,0.00010462855
11622,3.7684105e-05
11623,0.999691
11626,0.9975508
11634,0.00036399846
11637,0.00019900259
11650,2.4431038e-05
11652,0.00021541124
11653,4.9890114e-05
11654,0.99993193
11665,0.99941075
11667,0.0002251938
11669,3.6766032e-05
11671,4.9668095e-05
11677,5.6485e-05
11680,0.99837756
11681,0.9998716
11684,0.00010515948
11685,7.360847e-05
11693,0.0016182099
11694,0.0030825944
11695,0.99980074
11699,0.999673
11701,0.0002322431
11702,0.00012713743
11704,0.99996316
11705,0.00019773914
11706,0.00040098975
11717,4.246918e-05
11719,0.99951375
11722,0.99904746
11723,0.001052732
11724,0.0002103228
11732,0.00039668448
11739,0.0004297882
11744,3.1495903e-05
11746,0.00020006916
11749,0.9999356
11751,2.0295405e-05
11757,0.9996538
11769,4.7352944e-05
11775,4.0743078e-05
11778,8.082169e-05
11781,6.74221e-05
11782,0.00019666867
11786,0.9999335
11789,0.00072213134
11790,3.212842e-05
11796,0.0013416155
11798,0.00044951876
11799,0.9996063
11802,0.000102898906
11805,0.00021893525
11806,0.0010561032
11809,0.99996626
11814,0.00018940924
11818,0.00020976445
11821,0.00023549974
11828,0.99956566
11829,0.99994874
11833,0.0004803158
11838,0.99980325
11841,0.00026392363
11844,7.3179646e-05
11864,0.0011851353
11876,7.264386e-05
11879,7.535383e-05
11884,0.99964297
11885,0.0021347813
11889,0.00016601663
11895,0.0002093854
11904,8.451386e-05
11915,3.938155e-05
11921,0.0003065469
11928,0.9998367
11929,8.9030735e-05
11933,0.000228547
11939,0.00017552066
11951,0.00018501905
11952,0.00017413356
11969,5.3078875e-05
11972,0.0006255374
11976,0.00028905392
11977,0.00039001077
11980,0.00042472687
11983,0.00015604217
11994,0.005263273
12000,0.0003959855
12001,0.9981
12002,9.024768e-05
12005,0.00010010399
12009,8.800382e-05
12018,8.7608365e-05
12022,7.191847e-05
12031,0.9996364
12038,0.002424445
12047,0.99987113
12050,0.00027211985
12051,0.000112374284
12058,3.2137857e-05
12060,0.0002722452
12064,2.9662362e-05
12065,0.0001799295
12066,8.584833e-05
12067,0.0003386587
12072,0.0004816502
12075,0.0003833682
12080,2.621098e-05
12093,0.0002811473
12094,0.99997807
12095,0.00021187647
12102,0.9998845
12110,0.00096105307
12112,0.00044417285
12115,0.97218794
12122,0.9998654
12134,5.902296e-05
12135,3.0599687e-05
12140,0.99981385
12143,0.9998555
12160,0.00036723685
12162,0.0007326123
12163,0.0002489931
12164,0.00016398112
12171,9.2702874e-05
12173,5.6438057e-05
12174,7.8973324e-05
12175,0.00024872168
12178,3.97412e-05
12182,0.99966383
12183,0.00014298747
12195,0.00024727365
12196,0.9999496
12198,0.001406217
12199,0.9998976
12205,0.00024786542
12208,6.2236635e-05
12211,0.042854995
12212,6.3995954e-05
12215,2.6781207e-05
12216,0.00019299868
12220,0.99988794
12221,0.00018221521
12222,0.9999368
12231,3.690338e-05
12232,6.431679e-05
12233,0.9613088
12235,0.00012589246
12241,0.00013837015
12246,0.0029617571
12248,0.9998995
12252,0.99990237
12253,3.5402067e-05
12265,0.00025757827
12278,6.209004e-05
12281,0.00067844614
12284,0.00044444474
12290,0.99968076
12291,0.0010625012
12292,0.9998616
12294,7.045877e-05
12297,0.16794473
12300,0.053138066
12301,0.00019869962
12306,0.9999608
12308,0.0007343073
12312,0.0017811388
12317,0.00015836765
12320,0.06435846
12327,0.00059967383
12331,0.99923587
12333,3.8390004e-05
12339,4.8875165e-05
12344,1.1267685e-05
12351,0.12853989
12356,3.6674814e-05
12360,0.16284852
12362,0.9999629
12367,2.6605027e-05
12368,0.2610331
12370,0.000120180586
12374,0.99971706
12380,0.99981564
12384,0.999908
12390,0.00031920054
12392,7.4641524e-05
12393,6.726592e-05
12396,0.99991167
12398,0.0018551236
12407,3.4345965e-05
12408,0.00035327487
12413,0.0008225529
12414,0.9999498
12416,0.9976935
12417,0.0001570382
12422,1.5653291e-05
12425,0.0001385044
12426,8.975779e-05
12428,0.0014622728
12434,0.00014251785
12436,3.265001e-05
12439,7.8998026e-05
12443,0.9997876
12445,0.00019159493
12452,0.9993074
12456,0.99880373
12457,8.464613e-05
12466,0.9993955
12467,0.9998623
12480,0.00033398488
12484,0.00014224794
12486,0.0010101892
12496,6.474798e-05
12498,0.00015386741
12504,0.0003368494
12506,0.9997292
12511,0.00023017619
12513,0.9993067
12520,0.99933904
12524,0.00010512478
12526,0.00019739289
12531,0.0001703116
12532,0.0006525512
12533,0.024961716
12534,0.00011123131
12535,7.762918e-05
12537,0.00011395688
12540,0.14159128
12542,0.99992514
12548,0.9160491
12557,0.044871766
12570,1.59876e-05
12572,0.99994886
12573,0.99979097
12575,0.00012560528
12576,9.824301e-05
12577,0.99994814
12579,0.0010147599
12582,0.99910706
12597,0.0001434314
12598,0.00033941114
12606,0.0009822793
12611,0.00060838606
12625,0.00083597
12629,5.7920734e-05
12631,1.3703515e-05
12637,0.00017478982
12639,6.497449e-05
12641,0.0061603007
12644,0.0002460735
12645,6.14139e-05
12649,7.074875e-05
12652,0.00045586287
12653,8.2284794e-05
12664,0.029529866
12665,0.9998323
12672,0.99980277
12679,0.00021097316
12686,0.00029283043
12692,0.08687169
12698,0.0007984708
12699,0.00093758974
12700,0.00010591687
12702,0.074886374
12703,0.00017115634
12704,0.0001619292
12707,0.00036002052
12716,6.0434264e-05
12718,4.8739537e-05
12720,8.002785e-05
12722,0.10212449
12723,6.380054e-05
12725,0.012444021
12727,0.99953985
12730,0.0007053774
12731,0.00051412627
12738,0.0010641416
12741,5.898875e-05
12746,0.9975992
12750,8.193136e-05
12758,0.00057856605
12761,9.0138456e-05
12764,0.00011622472
12767,4.092263e-05
12773,0.019258091
12776,0.999742
12779,0.0011522312
12788,7.195414e-05
12796,0.000109787325
12802,7.5467244e-05
12810,5.7580994e-05
12813,0.999699
12817,0.9998479
12828,0.00026174425
12829,0.99991
12843,0.0011805923
12844,0.00036611911
12845,0.00020242124
12849,7.176754e-05
12851,0.00023369736
12854,0.99650395
12861,2.6979305e-05
12862,6.982042e-05
12864,7.356966e-05
12869,6.608037e-05
12872,0.9996542
12880,0.019537842
12882,0.00027484036
12883,0.00044800335
12889,0.0006632515
12894,0.00020732865
12897,0.9994197
12907,0.0005595117
12909,0.9981785
12913,0.000275366
12914,2.868205e-05
12916,9.6685e-05
12923,0.15091977
12925,7.386279e-05
12933,7.594618e-05
12939,5.286797e-05
12940,4.9149898e-05
12954,0.00015438825
12955,0.0003393961
12959,0.9999666
12969,0.00015409425
12975,0.0007769505
12981,0.99991584
12985,0.0008607887
12986,0.99935645
12989,0.00022568474
12992,0.00039634013
13003,0.0007446659
13010,3.736455e-05
13012,0.00012472375
13016,0.9746651
13021,0.00092906406
13022,0.0011617634
13023,0.00027339748
13026,3.0919244e-05
13029,0.07656144
13031,5.811521e-05
13037,6.8827554e-05
13044,3.7709055e-05
13047,3.6212725e-05
13053,0.14915244
13059,4.1330746e-05
13061,0.9991824
13066,0.00012583808
13067,8.159912e-05
13084,0.00012359535
13085,0.000194414
13089,0.00085206237
13093,0.00014332982
13099,0.0011169928
13100,0.0001622632
13105,0.0011098735
13106,0.00044781395
13107,0.00010177559
13111,0.00017371682
13117,0.0017555635
13118,7.485851e-05
13120,0.00070667657
13123,0.9994423
13127,0.99960905
13146,1.9292573e-05
13150,0.0003870071
13153,0.000264825
13154,0.9996253
13157,4.1661766e-05
13158,5.743194e-05
13164,0.99983823
13169,7.868961e-05
13170,0.00091193576
13174,3.863667e-05
13178,0.9994299
13182,0.9998933
13183,4.289194e-05
13187,0.00020449756
13190,0.010391923
13192,0.000540635
13197,0.9999137
13202,4.2210122e-05
13204,0.00019439361
13207,5.118604e-05
13208,0.9999393
13209,0.00048746154
13210,0.0002675856
13218,4.056741e-05
13228,9.3502786e-05
13229,3.119855e-05
13233,5.869489e-05
13235,0.0011053475
13236,0.0012386533
13241,0.0003026123
13245,0.00013351355
13248,4.8968333e-05
13255,9.5691554e-05
13271,0.0030215916
13272,6.205186e-05
13274,0.00057235203
13281,0.00038780263
13288,0.0006019458
13291,0.0006741494
13299,0.99915755
13302,0.005039108
13303,0.00012030763
13305,0.00022628976
13307,0.10257638
13309,2.0475856e-05
13311,0.0005884607
13320,0.00021822834
13332,3.5581113e-05
13333,0.99990666
13338,0.00050082017
13339,6.362307e-05
13340,0.0012334995
13346,0.00041385723
13348,0.9998423
13357,0.00015505111
13362,0.9997323
13364,0.17331001
13371,0.00015120622
13375,0.99993086
13382,0.99976045
13383,0.2688205
13387,0.00024947146
13391,0.9997745
13396,5.9966846e-05
13406,0.00034977973
13413,0.9976266
13419,0.00010891404
13423,4.1922252e-05
13427,0.9995054
13431,2.0915988e-05
13444,4.3106073e-05
13450,0.0009998031
13451,0.9998629
13456,0.99995625
13458,0.00028026817
13460,0.9989737
13464,0.04205915
13465,3.602645e-05
13467,0.9997286
13468,2.6127227e-05
13471,0.99985766
13479,0.00012269821
13481,0.13362129
13483,6.7793e-05
13488,0.00014539462
13494,0.9991104
13499,0.9996275
13500,6.678852e-05
13504,0.0003042688
13515,0.0001616794
13517,0.0009769677
13523,0.0013819443
13526,0.15958628
13528,0.99993527
13531,0.9994972
13532,4.832126e-05
13535,4.7170095e-05
13542,0.00045127148
13561,3.9820145e-05
13563,0.0012197224
13568,9.0209905e-05
13574,5.64654e-05
13575,3.6446476e-05
13576,0.00011569793
13584,0.00020602685
13587,8.336048e-05
13592,0.99988985
13600,0.00024930382
13603,0.9997732
13604,0.94683266
13606,8.5353015e-05
13607,0.0003760348
13612,8.8833905e-05
13615,0.0007337361
13622,3.1461892e-05
13624,0.9908393
13625,4.634154e-05
13628,0.00016882474
13633,2.7847515e-05
13641,4.1371444e-05
13649,0.00092061184
13657,0.9996117
13661,0.00024799825
13666,4.586168e-05
13667,0.00021693566
13668,0.00019477023
13672,0.00014498469
13675,0.0243352
13684,0.0016585467
13686,0.00015002197
13690,8.3508065e-05
13695,7.4405376e-05
13698,3.7087473e-05
13699,0.18627226
13704,0.00018862635
13712,0.99975413
13714,0.00023887948
13715,0.9997658
13718,0.9989505
13721,3.6311663e-05
13725,7.554998e-05
13729,0.00055596355
13738,9.272099e-05
13740,0.00016471028
13751,0.9998969
13756,0.00019834527
13762,0.0005361016
13769,0.99934834
13777,0.24964485
13778,0.0026935325
13780,0.002297371
13788,0.9998634
13789,9.163379e-05
13790,5.783369e-05
13791,5.450428e-05
13798,0.00067861815
13802,0.00025901917
13805,0.00032705942
13819,2.0705362e-05
13821,0.10327713
13827,7.797878e-05
13830,0.000104098915
13831,6.958074e-05
13833,3.175682e-05
13839,0.0001563348
13840,0.00043852878
13846,0.0006587028
13854,6.620084e-05
13857,0.00013175434
13859,0.00079480157
13860,5.8524365e-05
13862,0.009175014
13863,0.0007458431
13866,0.00011929981
13870,0.9999746
13877,0.0002854412
13881,0.00054131047
13883,0.99996436
13886,0.0003151201
13888,0.00017665062
13895,3.0183784e-05
13902,8.0103964e-05
13903,0.9619609
13906,0.0006518395
13907,0.99990404
13908,0.07283631
13909,1.6580478e-05
13913,0.011412392
13919,0.106957585
13926,0.00020890898
13927,0.9997392
13929,6.65279e-05
13930,6.943749e-05
13934,0.33754617
13939,5.152263e-05
13942,0.9996842
13944,0.99997354
13956,0.0002665
13959,0.0018001881
13969,0.00065160287
13973,0.99982256
13975,0.9678009
13977,0.00011680189
13979,0.0008546668
13980,0.0035652334
13981,0.0003530895
13987,0.00044920645
13988,0.00012133866
13991,0.9998691
14001,0.0004894235
14002,0.9997757
14009,0.99867505
14011,0.99979645
14021,9.175419e-05
14025,9.159246e-05
14026,0.00017933703
14029,8.4124695e-05
14033,3.7046364e-05
14035,0.0001364872
14037,0.0005427845
14040,0.00036487656
14055,4.1525516e-05
14064,0.00012939298
14068,0.00020934665
14070,6.1320265e-05
14075,5.4630367e-05
14077,0.00010027778
14079,0.9993536
14081,5.424569e-05
14084,0.00013261079
14087,0.9995127
14089,0.018098807
14090,4.999361e-05
14096,0.00015557374
14100,0.00016312792
14106,0.9997602
14107,4.973412e-05
14111,0.00026658154
14114,0.00036873354
14115,0.00030214668
14119,0.9989785
14122,0.00088198215
14124,0.000435107
14125,0.9995004
14127,0.9997602
14131,0.0005540715
14133,0.000169944
14134,0.00018823304
14137,6.277984e-05
14143,0.00023686055
14145,0.0031687268
14150,3.6415175e-05
14152,0.00013306794
14153,0.9999502
14154,8.128955e-05
14158,9.3911425e-05
14159,0.00025711698
14171,4.2814787e-05
14173,0.999845
14174,0.9999392
14181,0.99706084
14186,0.9999509
14187,0.9991843
14196,5.955851e-05
14197,0.9911095
14199,0.0010395785
14200,0.044727433
14202,9.010588e-05
14207,0.9998246
14208,0.9996233
14210,0.00012002415
14212,0.00029021924
14213,0.03648816
14220,0.00020167512
14221,0.00021932178
14223,0.00010980942
14224,0.00063704216
14236,0.0001297054
14241,0.0003720392
14242,0.00020756619
14244,0.9998203
14245,0.99982435
14247,7.246991e-05
14268,0.9961039
14272,0.00010285966
14276,0.99968266
14278,6.0850754e-05
14280,4.342368e-05
14282,2.4366538e-05
14283,2.4083562e-05
14284,0.00020867029
14285,0.9997701
14286,0.00013571774
14288,6.270817e-05
14289,0.00034835262
14295,2.5841888e-05
14296,0.0020318069
14297,3.3681674e-05
14301,1.6823487e-05
14302,0.15032037
14305,8.398058e-05
14306,6.46711e-05
14307,0.00067206036
14309,0.1711725
14312,0.0005699894
14324,6.2596504e-05
14325,0.9999616
14326,0.9991499
14329,0.00025376267
14333,0.9973162
14335,0.0011426085
14340,7.2649535e-05
14341,0.00015488162
14346,5.939392e-05
14347,0.117814936
14348,0.99968374
14358,0.9997949
14359,0.9988943
14361,0.00012364263
14362,4.9013368e-05
14363,0.99981123
14364,0.1305659
14368,6.232073e-05
14373,0.00022337696
14374,0.13239545
14378,7.96307e-05
14379,0.101729125
14380,0.99982053
14381,0.00027800418
14383,7.265321e-05
14387,0.00021276357
14389,9.188465e-05
14392,1.3617611e-05
14395,0.0005235513
14398,0.15892869
14401,0.0014685546
14406,0.000108316235
14412,3.5110133e-05
14413,3.9846505e-05
14415,0.00022132814
14416,0.9996792
14425,0.04273109
14428,0.0011114633
14431,0.00018368647
14435,6.828781e-05
14436,0.0017536675
14442,0.00033905444
14443,0.0004271906
14445,0.99996865
14448,0.9996884
14451,0.025480496
14453,0.0001651366
14454,0.002614128
14455,0.99970406
14459,0.9998658
14461,0.99989855
14462,0.9994407
14464,0.99985635
14467,4.1051382e-05
14470,7.213992e-05
14481,4.9738053e-05
14485,8.998704e-05
14488,8.048674e-05
14489,0.00038405386
14494,0.0004800851
14496,0.000112312686
14502,4.8154277e-05
14504,0.00011257463
14505,0.9758253
14507,0.00021467987
14513,0.99979466
14517,0.99990153
14522,0.9999646
14523,0.0005799239
14525,0.000258895
14539,3.9438222e-05
14545,0.00017001564
14549,8.996748e-05
14551,0.99982244
14563,2.7597838e-05
14566,5.0788793e-05
14568,0.00056335924
14569,0.00014106416
14571,0.14244881
14578,0.00040252344
14581,3.316795e-05
14584,0.00021053749
14592,4.8333706e-05
14593,0.00025978737
14596,0.00020993954
14603,0.9980731
14605,0.002248226
14611,0.0004781507
14612,8.371114e-05
14614,0.0001589013
14622,0.053402282
14625,0.00049775006
14627,0.00064139074
14629,0.9998797
14634,0.9996669
14640,0.9995353
14644,3.2895034e-05
14647,0.010137131
14655,0.98039675
14661,8.305428e-05
14662,4.560237e-05
14667,0.99955744
14671,9.4957904e-05
14673,0.000108748834
14674,0.00018794897
14675,0.0004550237
14677,5.7449637e-05
14680,4.3202206e-05
14689,4.990449e-05
14690,0.9997422
14691,0.98212564
14693,0.99966884
14694,0.00023241121
14698,4.1253566e-05
14708,3.4798264e-05
14709,0.9358183
14710,0.00035601173
14715,0.9999062
14716,2.9001101e-05
14719,0.00017534787
14720,0.0002029237
14722,0.00030141044
14726,2.3107654e-05
14735,2.5717907e-05
14736,0.00012370713
14739,0.0002373846
14743,8.8329194e-05
14755,4.3190343e-05
14759,0.00024966086
14763,5.121983e-05
14765,0.9997222
14772,0.18784711
14775,0.00034611812
14778,5.63798e-05
14784,0.00011874913
14798,0.000102875354
14821,0.99971837
14824,2.8986364e-05
14827,0.005241317
14831,0.99951184
14832,0.00037512896
14839,0.00054539595
14841,0.00021458429
14842,0.00017692472
14851,3.6307436e-05
14862,0.0006571925
14863,3.5008692e-05
14864,0.99870205
14865,0.00026785745
14866,0.08832121
14875,9.26867e-05
14879,4.346942e-05
14881,6.782922e-05
14894,0.00056559825
14895,0.99997425
14898,0.9998228
14899,0.99962175
14900,3.3882025e-05
14903,0.0015050869
14905,0.00014114207
14906,1.9213714e-05
14919,7.4297954e-05
14923,0.00087197154
14925,0.08552843
14926,0.00063041557
14928,0.0005883609
14929,0.0014834151
14932,0.00045649344
14933,5.9137274e-05
14939,0.0002945429
14946,0.0001301879
14947,0.30491644
14948,0.00011895437
14949,0.00085870415
14955,0.00030704236
14958,0.00012907873
14962,3.3438188e-05
14963,0.99983704
14969,0.00026306545
14978,0.0006834848
14989,0.0005893175
14991,7.3200514e-05
14997,0.00013574892
15007,0.0003020476
15009,0.00022145311
15018,0.007511978
15020,0.0012018484
15024,0.00014371905
15030,0.99972206
15032,0.0010376119
15036,0.057746723
15037,3.9227085e-05
15038,0.99985576
15039,0.9994091
15042,0.0005643554
15044,4.0700128e-05
15047,0.00010641212
15054,9.799628e-05
15059,0.0006987476
15062,0.0041813324
15069,5.5563054e-05
15070,5.3806838e-05
15075,0.99951327
15081,0.00022920711
15082,0.0008992673
15083,0.000116263625
15089,0.00019820179
15090,0.0001059494
15095,0.9998729
15100,0.00015556156
15102,0.0006997448
15112,4.5617417e-05
15113,0.0002386821
15120,9.351938e-05
15124,0.99940956
15127,0.9996735
15128,0.00046844574
15130,0.00074067886
15134,0.00019656499
15136,3.2864587e-05
15144,0.0001360244
15147,0.00017423455
15148,0.9998276
15153,0.011810627
15156,0.00019538088
15159,0.13720961
15161,0.00078445213
15164,0.99969673
15165,8.4948886e-05
15168,5.685741e-05
15174,0.9996213
15175,0.00022170285
15176,0.00083963753
15183,7.483017e-05
15184,3.306364e-05
15185,0.9998702
15186,0.9998722
15187,0.00029444043
15190,4.4779437e-05
15191,0.9995739
15195,0.99863714
15197,0.00010724336
15202,6.0937393e-05
15204,0.00023857516
15206,0.99965155
15209,0.999652
15215,0.9999759
15220,0.00013523175
15229,0.00024443923
15230,0.00016105839
15232,5.0907936e-05
15233,8.216475e-05
15240,0.9988882
15242,0.00010610339
15243,0.9997923
15245,0.00062279473
15247,0.00013343248
15248,0.9995994
15250,0.9998016
15252,9.92021e-05
15263,0.0010158829
15266,0.00022077028
15268,8.1031125e-05
15270,0.99977154
15271,0.9999701
15272,3.1829462e-05
15274,5.123644e-05
15275,0.99890864
15276,0.99984205
15281,0.0005698873
15283,7.8084144e-05
15284,0.00054164726
15287,0.17457506
15295,0.9997856
15301,5.259637e-05
15302,0.0003260069
15304,0.0006552425
15305,0.99996746
15307,0.9994106
15308,0.00046968024
15309,0.09682681
15311,6.364558e-05
15312,0.0001059581
15315,4.873447e-05
15326,0.99774086
15332,0.00014303505
15336,0.9972849
15341,8.154148e-05
15345,0.00015235244
15361,8.755458e-05
15364,0.99981886
15370,3.2561486e-05
15376,0.00014905265
15399,0.0009119318
15404,8.047845e-05
15409,0.0005448992
15411,0.00045270473
15414,0.00026308754
15415,0.05974494
15416,0.00020732153
15417,0.00090683356
15423,0.00014910824
15425,6.336712e-05
15429,0.0005111838
15433,0.00035306579
15436,8.6611726e-05
15442,4.283921e-05
15445,7.879662e-05
15448,6.9413465e-05
15450,4.8129437e-05
15452,0.999949
15456,0.00038701468
15458,0.0013171704
15459,0.0026841622
15463,0.00027476597
15468,0.9999037
15469,0.92946506
15472,0.00010324714
15476,6.8542315e-05
15483,7.320749e-05
15486,0.00031681423
15487,0.9391516
15495,8.339109e-05
15500,0.052908264
15502,0.9998447
15504,0.0007281489
15507,0.00011367329
15510,0.0003483984
15515,0.0001669978
15530,0.9995608
15533,0.0001712138
15538,0.9985026
15539,0.00021243881
15541,0.9999156
15543,0.00018342218
15546,0.9995844
15547,0.99973303
15549,0.9992118
15555,0.9998429
15556,0.99996376
15566,0.99891233
15571,6.391606e-05
15573,0.00016829661
15582,0.99959224
15591,0.75941277
15592,0.00023794838
15596,0.13803366
15597,0.00019527471
15601,0.0025227917
15608,0.00090978
15609,6.533467e-05
15610,0.9998124
15611,0.0010493142
15612,0.99988437
15618,0.002580715
15619,0.99975246
15622,0.00013859462
15623,0.14502306
15629,2.947358e-05
15631,9.3792834e-05
15634,0.99989104
15638,0.0001967754
15644,6.911538e-05
15645,0.083660185
15648,0.0029685532
15651,0.00021383207
15653,0.00026059532
15657,4.9467675e-05
15659,0.00016380157
15661,0.9996778
15665,0.00014420623
15667,5.290236e-05
15668,0.00051406893
15669,0.032176338
15670,0.10926311
15671,0.9999114
15688,0.0022508092
15689,5.3387317e-05
15690,2.9681149e-05
15694,0.00017892814
15695,0.99986625
15696,0.9985447
15709,0.0003329361
15711,7.347858e-05
15712,0.00081122253
15713,2.0043493e-05
15715,0.00013601274
15720,4.501561e-05
15721,0.9998777
15744,0.00010810098
15747,1.6188476e-05
15751,4.5802677e-05
15757,0.00022683392
15758,0.99960846
15764,0.00016502374
15769,7.756909e-05
15783,0.92573255
15786,0.00031635186
15788,0.991814
15794,0.0036344926
15795,0.10619225
15796,0.055334464
15797,0.97752666
15800,0.00035312856
15809,0.9998673
15813,1.5961077e-05
15819,8.244951e-05
15827,0.0005197471
15828,5.425381e-05
15829,2.5734858e-05
15835,0.000102343656
15839,0.00016683132
15841,6.98318e-05
15842,0.997081
15843,0.99978393
15852,0.99996567
15881,3.7307796e-05
15886,3.156127e-05
15891,0.00096853124
15894,0.0007585244
15904,4.5223303e-05
15912,8.329317e-05
15918,0.00013565292
15919,0.9998424
15934,3.297484e-05
15935,0.0003094324
15937,0.9973225
15938,9.366199e-05
15947,2.8339686e-05
15950,6.42716e-05
15955,6.751552e-05
15959,0.9998085
15964,0.99763465
15965,0.0001950055
15966,3.9079303e-05
15968,0.99962986
15969,8.012459e-05
15971,0.96229416
15975,0.00012823066
15978,0.00036100228
15980,0.00059582456
15981,0.00035362967
15982,0.9998598
15988,5.5419125e-05
15993,0.00010165174
15994,0.0008360361
15996,0.0007159983
15998,0.00017810836
15999,0.020031752
16000,0.9954998
16001,0.97403663
16004,7.821397e-05
16009,0.0008391903
16014,0.0009850238
16017,5.5186603e-05
16018,3.566142e-05
16025,0.99987745
16027,0.9538481
16028,0.9999454
16029,0.0010700898
16032,7.1448165e-05
16037,9.3492716e-05
16039,6.929461e-05
16044,0.00011747678
16046,0.0014178616
16058,4.2312207e-05
16059,2.4917375e-05
16061,0.999861
16064,0.0004895341
16065,6.5473876e-05
16077,7.92245e-05
16080,0.00049604184
16086,7.561449e-05
16092,0.00039477993
16100,0.0007751298
16110,0.0003859157
16111,0.23218939
16112,1.4647119e-05
16114,0.00050951337
16119,5.996439e-05
16127,0.0009743478
16129,0.9998559
16137,0.00034133525
16138,2.4928071e-05
16143,4.3506952e-05
16144,0.9994
16148,0.00017948894
16153,0.999884
16155,0.00337607
16163,0.9782543
16170,3.3836302e-05
16191,3.5747904e-05
16200,0.99911946
16202,0.00083708356
16205,0.14197944
16208,0.000108897846
16211,4.530121e-05
16212,0.9995869
16214,0.00014119456
16216,9.784753e-05
16221,0.001196289
16224,0.99991703
16225,0.999943
16229,0.99964035
16232,0.98974985
16238,0.9992435
16243,0.99991083
16253,4.916884e-05
16259,0.99778336
16260,0.00034550525
16262,0.0005512612
16267,0.9512016
16272,0.0001091155
16275,0.0011370238
16278,0.9983541
16292,0.00015557016
16294,0.000161428
16296,0.00011951114
16298,0.0001145843
16299,0.00014698133
16300,0.99972636
16302,0.0005615497
16304,0.00036050446
16305,0.00020147926
16307,0.99985445
16308,0.0001914742
16309,0.013492886
16315,1.2722846e-05
16316,0.0030346785
16321,0.00029935024
16323,9.817633e-05
16327,6.981655e-05
16330,0.00020810562
16331,0.0002252855
16333,0.0013022008
16339,0.00026891349
16348,0.00023268195
16351,0.9999132
16354,6.9832466e-05
16357,0.19062687
16363,0.9998715
16377,4.1724947e-05
16381,9.7494725e-05
16384,0.000101283294
16387,0.00018445501
16400,8.490912e-05
16402,0.99958307
16404,0.00018839123
16405,0.0001765166
16408,0.9995389
16410,7.6349694e-05
16420,0.0002372916
16425,0.082044356
16430,0.00019850401
16435,7.5777185e-05
16441,0.99993277
16447,0.00013237618
16449,0.00038052356
16454,0.0011301948
16457,0.00033364978
16458,7.025072e-05
16460,0.00012850987
16465,0.9998332
16468,0.00012226946
16469,5.9159105e-05
16475,5.644349e-05
16478,0.00015607504
16480,0.9998865
16481,6.822994e-05
16482,0.00019435765
16489,0.00018866717
16496,0.00041978332
16498,0.00031589586
16502,0.0001863254
16504,0.003092447
16510,0.00027205524
16523,0.025104173
16527,4.018821e-05
16529,0.99971193
16533,0.9993389
16534,6.0028586e-05
16540,0.00033545852
16552,9.616567e-05
16558,0.00034469477
16559,2.2835944e-05
16566,3.3283446e-05
16568,0.00024919808
16570,0.04532667
16571,0.99981946
16572,0.0047462718
16575,2.6503203e-05
16581,7.3604955e-05
16591,0.00011308568
16598,0.00019966153
16600,4.341515e-05
16606,0.9996051
16608,0.00030314416
16614,0.99971336
16615,9.844022e-05
16619,0.00020956434
16640,0.00028475674
16644,0.00029759848
16646,0.0034695824
16647,0.0001096714
16648,0.9997273
16650,0.0011438554
16651,0.22621302
16653,0.000122025565
16658,9.6316086e-05
16666,3.460309e-05
16667,0.0003012527
16668,5.4338314e-05
16672,0.0016972293
16675,0.99995136
16679,0.0001757967
16683,0.0002541971
16686,0.00014444528
16688,0.9569884
16690,0.0032144913
16696,7.3307114e-05
16705,0.0005587395
16708,7.2173905e-05
16709,2.3419778e-05
16713,0.0007089569
16718,0.9968683
16723,2.9149054e-05
16730,0.08311897
16735,0.9993166
16737,0.039294053
16749,0.0002144628
16754,0.9999256
16755,2.1196043e-05
16760,4.4153978e-05
16765,0.00010861504
16770,0.0014313114
16786,0.9998273
16790,0.0006047016
16793,0.0004903542
16794,0.912394
16801,0.088644125
16810,4.0431423e-05
16811,8.598056e-05
16814,2.5630716e-05
16815,0.9989336
16816,0.9997892
16825,0.00022785184
16832,0.00056070864
16835,8.548961e-05
16837,0.9996753
16839,3.6390113e-05
16840,8.71377e-05
16843,7.1708295e-05
16853,0.99988747
16857,7.765109e-05
16861,0.0003246181
16863,0.99968994
16876,0.009981473
16878,0.9718635
16885,3.3170956e-05
16887,0.0004253259
16890,0.9916517
16895,0.0005204684
16898,0.0002754348
16905,0.28222165
16910,0.00031560264
16912,0.9998543
16920,0.00010918659
16927,0.0010383289
16931,7.927566e-05
16932,0.041207284
16933,2.5215872e-05
16941,0.0002029411
16944,0.00058596453
16947,0.99957746
16948,8.301168e-05
16951,0.00023532555
16957,0.00016892185
16961,0.99976915
16964,0.00072841544
16966,3.4418852e-05
16971,0.9999
16972,8.821951e-05
16975,0.99983346
16977,8.5911146e-05
16978,6.045496e-05
16995,0.000117769865
16996,0.00028309226
16999,0.00011217514
17005,0.00027346943
17006,0.0004477399
17007,0.0013532
17026,2.8357908e-05
17037,3.1828826e-05
17038,0.99988234
17039,0.0014016991
17042,5.7616475e-05
17045,0.9997507
17046,7.474915e-05
17047,0.99990237
17050,5.201031e-05
17054,0.00024207724
17063,0.00010376057
17065,0.99920744
17066,0.9997924
17067,0.002073356
17073,0.00020582737
17077,0.9997669
17083,7.301437e-05
17084,3.0853706e-05
17087,0.99997306
17093,0.00053242187
17101,0.9998115
17113,0.9997693
17114,0.0019185151
17119,2.751884e-05
17120,2.4849911e-05
17121,0.00027304946
17124,2.37935e-05
17125,0.7993658
17131,5.5474433e-05
17132,0.0001178559
17133,1.5721602e-05
17134,1.9411924e-05
17138,0.00030868367
17142,0.0024048483
17148,0.00045951217
17152,0.9981363
17153,0.9997147
17158,0.9998559
17159,0.00053160114
17163,0.99971396
17177,0.99987686
17178,5.9056405e-05
17185,0.6273282
17186,0.9996774
17187,4.6242876e-05
17189,7.767842e-05
17190,0.00065300195
17191,4.643559e-05
17195,4.074502e-05
17202,0.99957603
17204,0.14473152
17205,9.5411466e-05
17207,0.00011158773
17214,0.024498427
17215,0.00014878712
17217,0.00030656034
17219,3.227336e-05
17220,0.99952066
17221,0.0004384711
17223,0.9998196
17224,3.602236e-05
17227,4.7147605e-05
17230,0.00020526919
17232,0.0002458219
17236,0.99965274
17244,0.9998198
17246,0.99984133
17255,0.00015174091
17259,0.9648281
17262,0.00067977357
17269,0.00027615315
17277,4.5907276e-05
17279,4.9826496e-05
17285,0.014880975
17289,5.8087175e-05
17293,0.99952674
17295,9.688786e-05
17297,1.6019818e-05
17298,0.00084649876
17304,0.99993837
17306,0.07302555
17321,4.6709174e-05
17323,7.80642e-05
17334,0.99996865
17335,0.9994904
17337,3.487308e-05
17343,7.257309e-05
17344,0.0045725293
17347,0.0069140852
17355,0.0008665344
17357,3.6144724e-05
17361,3.6058034e-05
17365,0.99952817
17368,4.3485303e-05
17374,6.389534e-05
17375,0.0001379591
17377,0.99950373
17378,0.00049109326
17381,8.071009e-05
17387,0.004302118
17389,0.0005159122
17391,5.4940905e-05
17402,0.00035159694
17403,6.992743e-05
17414,0.00036541928
17415,0.00010499916
17416,0.0003730244
17418,0.00041443936
17423,0.99942195
17426,0.00029779034
17437,0.09725341
17438,0.00024095949
17442,0.99985015
17444,0.00016776644
17445,0.008182451
17453,8.2050516e-05
17454,0.00021098602
17456,0.9999151
17465,0.000110366214
17473,0.00030523425
17476,0.00072282704
17478,0.9984761
17479,0.00025532732
17484,0.9996555
17485,0.00027960548
17486,0.12534092
17487,0.9999199
17488,0.9997707
17497,0.008467826
17498,0.9998896
17506,0.000108369124
17507,0.00019722884
17519,8.6261345e-05
17528,2.628555e-05
17530,0.0017380774
17536,4.5539917e-05
17541,0.0011514171
17542,0.00010888341
17546,0.000109336725
17562,0.9999021
17564,0.00097326655
17568,0.00010151515
17570,8.540634e-05
17571,0.99979407
17575,0.9997676
17578,3.753748e-05
17579,3.0094772e-05
17582,0.99993527
17592,0.00020159957
17593,0.9998716
17601,5.423912e-05
17604,9.0637506e-05
17613,0.000110106674
17614,0.9995492
17619,0.99964726
17622,3.0262472e-05
17624,0.00043678176
17626,0.00023951096
17634,1.4587037e-05
17649,0.9999534
17655,0.0002593634
17665,0.00039926104
17673,6.124084e-05
17678,0.99981076
17680,0.00024676917
17683,3.9654544e-05
17690,0.00027081667
17691,0.9999186
17693,1.9413776e-05
17694,0.00075101573
17695,0.00016009792
17697,0.0004186725
17700,0.0004250991
17709,5.7392957e-05
17712,6.0334583e-05
17716,0.99956554
17720,0.0048225285
17729,0.00085279864
17730,0.00048101658
17736,0.00028322914
17738,0.0003803899
17740,0.9990238
17742,3.0768584e-05
17747,2.0935846e-05
17749,0.00012404958
17750,8.2108585e-05
17753,0.00047318538
17754,0.00015540842
17756,4.6030018e-05
17759,0.0086678
17760,0.0007737472
17761,0.00027398486
17765,4.1242354e-05
17774,0.002283593
17781,0.0003162243
17782,0.00028267555
17787,0.0007061599
17788,0.99987054
17791,0.9999044
17796,0.00010532296
17798,0.00051840156
17803,5.845035e-05
17807,0.00031754904
17809,0.00020372533
17810,0.0004350129
17813,8.9581474e-05
17817,6.924679e-05
17819,0.00028460857
17823,9.075591e-05
17825,0.0014572927
17828,0.99929523
17844,6.528117e-05
17854,0.0003303621
17859,0.999938
17860,0.0061575454
17875,0.9995753
17876,0.9978169
17882,0.99940634
17890,4.470379e-05
17891,0.0067039295
17894,0.00019843929
17898,1.9643925e-05
17904,0.00024222893
17905,0.0007789882
17907,0.00019071986
17909,9.2891976e-05
17913,0.9994729
17918,3.2126092e-05
17921,0.1371238
17922,0.082614206
17924,2.7118575e-05
17925,9.070979e-05
17926,0.00012730097
17928,7.2177354e-05
17936,0.9994671
17938,2.245074e-05
17939,0.0001960884
17940,2.6952408e-05
17945,5.1823215e-05
17954,3.352005e-05
17964,0.99972266
17966,0.00073617103
17967,0.00023105681
17970,0.00039526663
17971,4.224975e-05
17972,0.9998826
17976,0.0005451025
17977,0.9998485
17980,0.9989184
17983,0.99928325
17987,0.00019722997
17988,0.9999238
17991,0.00016965129
17992,4.985706e-05
17994,0.00035483867
18002,3.0228233e-05
18006,0.0009887425
18009,5.5184653e-05
18014,0.94707984
18019,0.00019897129
18021,0.9998411
18025,0.99974555
18026,0.9352966
18035,0.00026935097
18036,5.679352e-05
18037,4.578084e-05
18039,0.00012876598
18046,0.0004194929
18049,0.00022294969
18055,0.9992737
18056,0.00015025862
18064,0.9997261
18069,0.00015728803
18070,2.5219791e-05
18072,7.383547e-05
18073,0.99963546
18077,0.027266257
18082,0.023603948
18083,0.8970618
18084,0.0003060992
18085,3.343098e-05
18087,0.9996995
18097,3.3128752e-05
18098,0.9996338
18106,0.0020072048
18110,0.05212952
18115,0.00068375614
18117,0.00045236846
18118,0.00046572112
18128,0.9996056
18135,7.772399e-05
18139,0.0001629914
18141,0.00011193847
18146,3.5030167e-05
18147,0.0001011334
18150,0.9999449
18155,0.00017182743
18166,7.134761e-05
18169,0.9997712
18170,0.999816
18191,0.99773115
18193,0.9998253
18195,0.0009078701
18198,0.9974106
18204,0.99993837
18207,0.0004117297
18212,0.999874
18215,3.8732545e-05
18218,0.99960154
18220,0.9998122
18222,0.00010252124
18224,0.994997
18241,0.001125571
18242,0.000103939616
18246,0.9995467
18260,0.9997693
18262,0.99970466
18264,0.9998306
18266,0.9995671
18268,0.1125672
18275,0.99990547
18278,0.0008102032
18282,0.18851659
18290,0.0006288308
18291,6.3258325e-05
18294,0.99989665
18296,6.271092e-05
18299,0.002101116
18300,0.00042847282
18304,0.00025599348
18306,8.09248e-05
18315,6.371542e-05
18320,4.4594748e-05
18323,0.00017061002
18330,0.99983346
18337,0.99914074
18342,4.9840757e-05
18343,0.9937342
18345,0.9998572
18350,0.0005001365
18351,4.6087865e-05
18364,0.00031273387
18368,7.644054e-05
18383,0.00046376503
18385,0.0002140189
18390,2.8361532e-05
18392,0.00033603434
18401,0.00039713513
18404,0.0005493305
18406,2.8071834e-05
18408,0.00023950342
18411,0.001786795
18422,0.00035936834
18428,0.0029094298
18430,0.0003289391
18432,3.9520073e-05
18435,0.9518342
18437,0.04382639
18441,9.987926e-05
18443,8.850347e-05
18444,6.764241e-05
18446,0.00030066166
18451,0.00038635815
18460,5.2262785e-05
18464,0.99960345
18465,0.0007670607
18466,0.00014835178
18469,0.0006463653
18470,5.2716736e-05
18472,0.99994254
18476,0.9997664
18481,0.00039768673
18482,0.001122546
18485,0.9996674
18500,0.99961
18505,0.00021050578
18508,0.999861
18511,0.0001470133
18517,0.0005286328
18528,0.00055590126
18531,0.29281354
18532,7.221473e-05
18540,0.9996426
18541,6.344513e-05
18545,0.00040307443
18550,0.00029856045
18553,0.0008132503
18559,8.19112e-05
18560,1.2240584e-05
18561,0.00024211232
18564,0.00010528951
18568,3.508871e-05
18572,0.9998233
18573,6.830161e-05
18574,0.00025348752
18575,6.350475e-05
18579,4.538969e-05
18583,0.0003929574
18588,0.0004435445
18589,0.9997358
18590,0.99976796
18591,0.99992895
18594,5.80679e-05
18595,0.00021321744
18597,3.4540382e-05
18603,7.703099e-05
18611,6.9651374e-05
18613,0.00010350739
18614,0.9968014
18615,0.99968135
18626,0.0005337702
18627,0.0001045727
18628,0.0003773495
18631,0.00030222276
18633,0.99987245
18636,0.362825
18640,0.99980205
18642,0.0009774566
18643,0.0001777853
18646,0.00041068994
18648,3.3075466e-05
18650,0.00021090457
18651,0.0002854001
18653,0.99974567
18654,0.9999192
18658,0.9999026
18659,0.00010194801
18661,0.000115520335
18662,0.0005612064
18663,0.999841
18668,0.0027349344
18680,0.99987066
18681,0.9998037
18684,0.9997068
18696,0.9998863
18699,0.12935732
18706,0.00013818081
18711,0.00068856834
18716,0.00038129502
18724,2.2109005e-05
18728,0.0016930915
18734,4.412022e-05
18738,0.000100248144
18740,0.99235266
18750,0.9995733
18756,0.0015438647
18764,0.9991602
18765,6.643984e-05
18766,0.0005716529
18767,0.9995752
18771,0.00013831131
18772,0.0004552662
18775,4.8730846e-05
18776,0.00044370187
18778,2.1728541e-05
18784,0.000104171406
18786,0.00059787475
18792,0.00011197327
18795,0.000111637535
18796,0.9995863
18797,5.041222e-05
18802,0.99964
18809,0.999731
18814,0.00065130426
18820,0.00015553531
18823,4.185307e-05
18831,9.7728356e-05
18833,0.81081486
18836,0.99943286
18847,8.684074e-05
18848,0.00021442847
18855,0.00062161556
18857,0.00054390007
18861,0.9962108
18867,0.9760632
18872,6.608251e-05
18876,0.98832756
18877,0.9999348
18889,0.0004695782
18893,3.4984198e-05
18895,0.0003664758
18899,0.02928672
18903,0.00019810919
18904,0.0013747737
18909,7.0280534e-05
18912,0.9999343
18914,4.74657e-05
18918,0.9998447
18920,0.00022435327
18923,0.9998505
18924,0.00016657176
18925,5.8395864e-05
18926,0.00083155505
18927,0.00044051386
18942,0.9996099
18945,0.00032307868
18953,5.157902e-05
18958,3.7902697e-05
18962,1.7487493e-05
18963,0.00032892087
18973,0.042360708
18976,2.2963372e-05
18977,0.00016702343
18983,1.7056438e-05
18990,0.001000462
18992,1.0632375e-05
18994,0.02340521
18995,0.03544688
19000,0.999311
19001,0.0013651743
19003,4.763897e-05
19015,3.401823e-05
19016,0.9998319
19017,3.6194702e-05
19018,0.00013900001
19020,0.999747
19023,0.00049961504
19035,0.0008574193
19041,0.00016337635
19042,3.9916373e-05
19045,3.5035813e-05
19057,0.99996865
19060,0.028481128
19064,0.0002755254
19067,0.00040462302
19069,0.99941707
19070,6.970958e-05
19072,0.0002248846
19073,0.99812037
19075,0.999928
19078,0.00023310764
19079,0.033385616
19087,0.9999777
19088,5.0905506e-05
19089,0.001150408
19092,0.99984884
19093,5.501593e-05
19094,0.9236054
19095,0.00021283154
19097,0.99992144
19099,0.0013060364
19103,0.9998636
19109,0.00011697299
19111,0.9998691
19115,6.821303e-05
19117,0.00025318583
19118,0.0007450073
19120,0.00024672094
19122,0.00026708757
19125,7.3617244e-05
19127,0.00022440353
19132,0.057730302
19146,3.643546e-05
19158,5.047707e-05
19159,0.9997625
19169,0.00045933525
19173,0.000102050915
19177,9.4159004e-05
19178,0.9999608
19180,0.00010178491
19184,5.688854e-05
19185,0.9997278
19188,0.00037182737
19191,0.000113375696
19198,0.00015316728
19200,0.9986627
19202,0.99956435
19208,0.00031502036
19213,0.9999136
19216,0.9996507
19221,0.00027329192
19225,0.00013639417
19229,6.524856e-05
19230,9.8064986e-05
19232,0.99976987
19233,0.09263354
19236,5.9825084e-05
19237,0.0002719352
19238,0.9996669
19240,0.00014410657
19243,0.9998035
19246,9.071611e-05
19248,0.0003943481
19249,3.4500154e-05
19250,0.00046941417
19252,0.0003671005
19259,9.4078045e-05
19263,0.00028304907
19270,0.09531908
19273,0.00016589415
19274,0.005764451
19281,6.021072e-05
19288,0.00021333763
19297,0.9998729
19299,0.00010136503
19305,0.0045947814
19306,3.079794e-05
19308,9.363645e-05
19310,0.0008115949
19311,0.00017748246
19315,0.0013896683
19322,0.99985087
19323,0.9997762
19329,0.99996746
19331,0.00011486237
19332,6.772961e-05
19334,0.00039559897
19350,8.8619505e-05
19353,0.999907
19360,0.9993986
19363,0.14737652
19364,0.00045978386
19367,0.0008115871
19368,0.0004961783
19370,0.9998449
19371,0.9996257
19374,0.0010615056
19375,0.9998355
19382,0.0005432785
19383,0.00035123696
19388,7.822739e-05
19394,8.9104455e-05
19399,0.99995553
19412,0.0006665594
19415,0.0003924836
19419,4.32657e-05
19432,6.459171e-05
19434,4.8111317e-05
19435,4.6902664e-05
19440,4.4757366e-05
19444,0.9997367
19450,0.00071183516
19453,0.0016045041
19455,1.9822966e-05
19464,0.0001320693
19469,0.0005847575
19471,0.00010098761
19477,0.00015693881
19478,0.00027189267
19483,4.643475e-05
19496,0.95578146
19501,0.109934136
19503,0.99997497
19504,6.557554e-05
19505,0.99981827
19509,4.734748e-05
19513,0.99964297
19517,0.00022035283
19519,0.9999027
19524,4.569557e-05
19535,7.374779e-05
19539,0.999795
19543,0.00018213165
19549,0.0003881516
19554,7.873788e-05
19555,0.00062272977
19561,3.9143866e-05
19565,2.9098674e-05
19570,0.00043597555
19574,0.00063112617
19585,0.000103448285
19588,6.705585e-05
19590,0.00039601192
19601,0.8483915
19602,0.9415008
19609,0.9999081
19610,0.00035399923
19612,2.5775751e-05
19616,0.0018009492
19617,0.00014098764
19618,0.9984118
19619,8.97334e-05
19623,0.0014127283
19625,0.00010256046
19626,0.0005747344
19627,2.660556e-05
19633,0.0039747157
19638,0.000110456655
19640,3.2055428e-05
19641,3.2595784e-05
19643,6.941949e-05
19644,0.0010320246
19653,0.99798465
19665,6.052329e-06
19667,0.9996687
19668,0.9997626
19674,0.99992216
19675,0.00025195145
19678,0.0008805916
19681,5.704331e-05
19682,0.99978775
19685,2.6708361e-05
19687,0.99990237
19688,8.713138e-05
19690,0.9999013
19697,3.5890997e-05
19701,5.025996e-05
19703,0.9995814
19708,0.00012354953
19713,5.3663105e-05
19714,0.00010010036
19715,0.0001732733
19716,0.00021714965
19723,0.9995427
19731,0.9999143
19735,4.2559266e-05
19749,0.00028260928
19753,0.9998398
19758,0.0003823229
19759,0.00026611355
19760,0.0476099
19780,0.00015987975
19782,0.999814
19789,0.9998373
19805,8.717036e-05
19807,0.00032138047
19810,0.004004395
19813,4.91484e-05
19827,0.00076805137
19832,0.000114609975
19838,0.99977344
19840,0.00037361463
19844,0.0020711017
19847,3.2536715e-05
19848,0.9997547
19854,0.00016963964
19863,8.913319e-05
19866,0.0013935845
19873,0.00087934686
19880,0.999648
19887,0.9981382
19897,0.00040938676
19899,0.99956125
19904,0.99995184
19908,4.376433e-05
19910,6.9306974e-05
19914,4.4261567e-05
19917,0.99990284
19920,1.8845454e-05
19930,0.998629
19931,0.00010922711
19939,0.99945265
19942,0.09991182
19944,7.548228e-05
19961,1.728912e-05
19963,0.99993134
19980,0.0007163559
19982,0.0010524322
19985,0.99592113
19990,0.9998411
19995,0.00013079785
19997,0.010477453
20005,0.99976903
20011,4.845688e-05
20025,0.99925965
20029,0.00032682813
20036,0.99983704
20040,0.99979526
20042,0.00011554016
20044,7.164221e-05
20045,0.2342469
20053,0.00048497043
20060,0.0008948211
20080,0.13247678
20083,1.9237566e-05
20088,0.0002454088
20091,0.99916685
20094,0.99968445
20095,0.094435126
20099,0.00010250111
20100,0.9998971
20102,5.2022762e-05
20104,0.00038937497
20105,0.00013127504
20106,0.9993643
20107,2.8310187e-05
20116,2.8504212e-05
20117,6.618468e-05
20123,4.4356086e-05
20124,0.00026515572
20128,0.00034040143
20142,0.9996357
20145,5.0162424e-05
20151,4.505873e-05
20158,3.0648633e-05
20163,0.0036263224
20167,9.562022e-05
20168,0.00050154224
20169,0.00035159878
20170,6.725925e-05
20176,0.9995078
20179,5.4618384e-05
20180,0.9993382
20182,0.9997023
20185,1.9189376e-05
20188,0.00014093092
20190,0.99997425
20193,0.00058789284
20199,9.3975745e-05
20200,0.9998252
20203,4.3723943e-05
20207,6.012552e-05
20212,0.00041069544
20217,0.0002567466
20222,0.99976546
20223,0.0006439857
20235,0.00043882232
20238,0.00024395865
20241,0.65501744
20249,0.00035281444
20250,0.00074233237
20251,0.99966896
20252,0.00013385186
20253,5.5718363e-05
20257,9.055967e-05
20263,8.260075e-05
20271,0.00021416774
20272,0.00035340353
20279,0.00012843318
20290,0.9609822
20292,0.00044497146
20293,0.00020646933
20294,0.00024379032
20295,5.8202837e-05
20296,0.0009534664
20297,0.99960417
20306,6.481081e-05
20308,0.00027861606
20313,0.00019528701
20318,0.00035043643
20319,0.99985266
20324,0.00019224345
20326,0.9998672
20330,4.171512e-05
20332,0.9998319
20335,0.9999374
20339,0.0011784678
20343,0.9997422
20348,0.09888353
20349,3.1879586e-05
20352,0.96583873
20355,0.00025142785
20356,0.0027059282
20361,6.832845e-05
20362,0.00025496678
20363,0.00016003105
20369,0.00014134934
20380,0.9980914
20381,0.99987113
20382,0.0003954604
20384,5.2219442e-05
20385,6.356588e-05
20388,0.00024029896
20390,4.645884e-05
20398,4.8342692e-05
20409,0.00076970475
20415,0.99927205
20416,0.119161546
20426,0.00020636048
20430,3.568911e-05
20436,0.00022948679
20444,4.6565117e-05
20454,9.092006e-05
20460,0.001071273
20461,0.99982136
20465,0.9999473
20468,6.184026e-05
20472,0.99930644
20475,8.6843465e-05
20479,4.0585364e-05
20482,0.10263153
20487,6.14006e-05
20488,0.15755703
20490,3.948948e-05
20493,0.00010724694
20501,9.8544566e-05
20502,0.00019508359
20506,0.00027922637
20512,4.0342726e-05
20514,0.99919087
20516,2.7136064e-05
20522,0.001412349
20524,3.751515e-05
20526,0.0010473641
20528,0.9915394
20535,4.024144e-05
20536,0.0009942102
20539,0.000259567
20541,9.557164e-05
20542,0.00020541996
20543,0.0848929
20545,5.8891514e-05
20550,0.9994228
20551,0.00018925994
20558,0.0009763104
20559,0.00031954615
20566,0.99956435
20570,0.999724
20576,0.00010399682
20579,0.99991584
20580,8.55038e-05
20588,8.545025e-05
20589,0.00026966652
20600,0.0010762649
20602,0.00023917598
20606,4.5136487e-05
20608,7.047113e-05
20617,0.9998803
20623,0.99851197
20624,0.18755735
20628,0.9993407
20630,0.99947125
20631,0.00026195345
20632,0.0010782619
20642,0.00012743821
20644,0.0012155547
20646,0.0001723609
20647,0.00024170431
20654,9.333273e-05
20670,3.7548794e-05
20671,0.00093394896
20674,0.0001267629
20681,0.0015556841
20688,5.5876506e-05
20691,7.877739e-05
20701,3.7505848e-05
20716,0.00031694837
20718,0.9997458
20725,0.00060630136
20728,0.00015006933
20729,0.0001857769
20731,0.9049922
20737,0.00014320017
20738,4.2579602e-05
20739,0.00029368824
20740,0.002098724
20749,7.247371e-05
20752,0.000216052
20754,4.627142e-05
20758,5.7239096e-05
20763,0.000118763055
20767,0.99983346
20771,0.0006825579
20789,0.00044968675
20793,0.9531477
20794,0.00016018601
20795,0.9998754
20796,0.9616222
20806,0.0002803315
20809,0.99986136
20810,0.00011262789
20815,0.00012818542
20820,3.8100454e-05
20823,0.00013182533
20826,0.99963236
20831,0.9999304
20832,0.9995383
20833,9.724542e-05
20836,0.9996947
20837,0.00019097807
20839,0.9997633
20840,0.00043811343
20843,0.9999101
20848,0.9998758
20856,2.2648062e-05
20859,5.268718e-05
20864,0.0012463352
20866,5.768338e-05
20872,0.0003329704
20873,0.0001095114
20876,0.0005478575
20882,0.00030066108
20884,0.0001441045
20885,0.00018339665
20886,0.99985313
20887,0.9998092
20893,6.939765e-05
20899,0.00053881825
20904,6.0352657e-05
20908,0.0002487409
20910,0.0010048433
20918,3.653661e-05
20923,7.563857e-05
20926,0.9998373
20929,0.99575764
20942,0.0003183147
20946,0.00025684477
20956,2.0793557e-05
20958,2.160195e-05
20961,0.9998988
20966,5.789191e-05
20973,0.00013806715
20974,0.00011088395
20975,4.7534642e-05
20977,7.705207e-05
20980,7.630133e-06
20981,7.486421e-05
20992,0.0010587662
20996,0.99979824
20998,0.00020426585
20999,0.0008481935
21007,7.0602364e-05
21010,0.999209
21013,0.010179661
21015,0.00030630032
21016,0.00021267595
21017,0.00087378593
21020,0.9994924
21024,7.04454e-05
21045,0.036299773
21053,6.5766675e-05
21056,4.037101e-05
21059,0.99990785
21060,0.0019893518
21061,0.00066292577
21064,0.0003847043
21072,1.7548151e-05
21078,5.5211134e-05
21088,0.9997831
21091,9.558776e-05
21092,0.00073158456
21094,7.64724e-05
21099,0.0002523645
21104,0.0001773194
21109,0.0015486137
21115,4.0480227e-05
21119,0.0001260693
21123,0.9497184
21134,2.6233312e-05
21146,0.00036363513
21147,0.14391409
21150,0.886114
21152,0.00018882338
21165,0.24316639
21166,0.00019549046
21168,0.0003963611
21169,0.9998766
21179,0.0015987441
21181,3.818597e-05
21186,2.4055122e-05
21191,0.0006942727
21195,0.15783176
21201,0.9980223
21206,0.0003313835
21209,0.9795288
21214,0.00023127238
21215,0.0039226166
21221,3.0046882e-05
21222,0.00094290246
21225,0.00066280575
21227,0.017079217
21228,0.0013096574
21230,0.9998472
21233,3.430207e-05
21236,0.99983203
21237,0.00029260272
21238,0.00010016979
21240,0.9990478
21241,0.004003465
21245,0.09763098
21246,0.9990453
21247,0.004400069
21252,0.14846654
21253,0.9984224
21258,5.3454307e-05
21261,0.00044897635
21266,3.3333028e-05
21275,0.000292843
21276,0.0014323579
21277,0.9979432
21278,6.80787e-05
21282,0.9939833
21285,1.5048581e-05
21287,0.0011562858
21289,0.00045709062
21301,5.3670676e-05
21306,9.6225755e-05
21308,0.9998497
21312,0.99986684
21314,5.4581364e-05
21318,0.00013946416
21319,2.1156642e-05
21321,0.99913555
21322,0.14119977
21328,0.089826174
21331,0.9642559
21337,4.3680644e-05
21346,2.2441473e-05
21352,0.9998592
21359,9.4628056e-05
21364,0.0006157391
21365,7.834109e-05
21366,0.0009468745
21367,0.999466
21368,0.00032095058
21372,6.409606e-05
21378,0.040452793
21390,4.1241332e-05
21394,0.00023224442
21396,0.9999131
21399,0.0001666995
21401,0.00011812504
21402,0.00049716444
21404,8.824408e-05
21405,0.9968342
21410,0.9995983
21412,3.1778327e-05
21413,0.99965954
21417,3.5031004e-05
21419,3.372156e-05
21420,5.907972e-05
21423,3.1855972e-05
21428,0.00012041667
21429,5.7599882e-05
21441,0.00021610038
21448,0.00058814895
21451,3.5809764e-05
21455,7.924006e-05
21459,0.99981827
21465,0.99981767
21468,0.00019058425
21471,2.600996e-05
21478,5.5107976e-05
21485,0.00014356003
21492,0.00045458865
21509,0.00018698961
21513,0.0018114668
21516,0.9997366
21523,0.9997973
21524,0.99936444
21529,9.7117074e-05
21531,5.16174e-05
21532,0.99963784
21536,0.012134925
21538,0.00039418144
21550,0.9998714
21558,7.30671e-05
21564,0.0006838803
21567,0.9997253
21571,0.9709136
21573,4.1363077e-05
21575,0.07057434
21581,3.4929628e-05
21591,9.628395e-05
21593,1.6877095e-05
21602,0.0006268113
21605,0.9996654
21617,0.0011043845
21619,0.001039263
21625,0.99990106
21627,0.0010202525
21629,0.00017353785
21630,4.1744406e-05
21631,0.00015185439
21636,0.00012202871
21637,0.06470615
21642,0.99985754
21646,0.00064146926
21647,0.00015243527
21652,0.0008263005
21654,0.00011664584
21657,0.9997818
21664,5.9196125e-05
21676,0.0010961081
21683,8.4635154e-05
21690,0.00015729507
21695,5.1587525e-05
21699,0.0009674643
21701,8.070309e-05
21707,0.02836379
21708,6.60194e-05
21719,0.00025791198
21720,0.0006346367
21724,0.9998424
21737,0.99939847
21743,7.846864e-05
21744,0.085012935
21746,0.9997974
21750,0.00012073274
21758,0.00054375076
21762,5.321151e-05
21770,8.260682e-05
21772,0.0006968759
21775,0.00011736605
21786,0.9996619
21787,0.0004097711
21796,0.99992
21799,0.99941766
21805,0.00018622541
21816,0.00036560517
21820,7.177924e-05
21826,0.9998097
21834,0.00087970763
21835,0.000105133106
21839,5.5007487e-05
21841,0.00022690228
21851,0.0007647222
21854,0.00018767676
21855,0.00073492894
21857,3.8081238e-05
21863,0.0004292727
21866,4.6994046e-05
21867,0.99986875
21868,3.6006528e-05
21872,4.4782086e-05
21874,0.00013369229
21875,0.001110689
21877,0.00010283515
21889,0.9966169
21890,9.840277e-05
21891,3.723479e-05
21894,3.835879e-05
21897,0.00046254692
21898,0.99940073
21900,0.044805415
21905,0.99861777
21907,5.3355965e-05
21910,0.00012154711
21911,0.00013833043
21912,8.911321e-05
21915,0.9998925
21919,0.0001526124
21922,0.9997253
21934,0.999696
21935,8.149523e-05
21942,7.2650786e-05
21943,0.00022051886
21952,7.6334116e-05
21954,2.7094586e-05
21956,3.620285e-05
21964,4.810948e-05
21966,0.14913902
21968,0.00028886384
21970,0.9998727
21971,0.9996062
21974,5.0397517e-05
21976,6.818038e-05
21977,0.00027217122
21982,0.06543492
21983,0.0025605687
21991,0.9999442
21992,0.00035374603
22003,0.99977773
22006,6.266375e-05
22009,0.0073904735
22010,8.873476e-05
22011,2.3399105e-05
22015,0.44905338
22017,8.0067315e-05
22019,0.9997284
22025,7.076548e-05
22027,0.0003196214
22028,0.999652
22034,0.00045625286
22035,4.6389072e-05
22040,0.9998599
22047,9.425845e-05
22053,3.1186293e-05
22064,3.5234574e-05
22065,0.00020254655
22067,0.0031497201
22068,0.0007572049
22072,3.3188106e-05
22073,9.31971e-05
22077,0.00020304814
22081,0.056650847
22087,2.5099798e-05
22090,0.99988663
22100,3.429239e-05
22102,0.99964035
22105,0.0003713003
22107,0.057392795
22112,0.086494826
22117,6.4712185e-05
22118,0.0007408748
22119,0.0013952458
22121,0.00019242096
22123,5.326918e-05
22126,0.00019364475
22131,0.00018519448
22147,5.706208e-05
22158,0.99924254
22169,0.00017484216
22170,0.00019486777
22178,5.139818e-05
22181,0.0005519097
22185,0.8846542
22189,0.00076123513
22193,4.5174726e-05
22196,9.173127e-05
22200,0.99990046
22211,0.00016644632
22212,0.00015014618
22213,0.0035257211
22221,0.00037160094
22223,0.00087688986
22224,4.5415578e-05
22231,4.4152966e-05
22233,0.00060836604
22234,0.99977547
22239,0.00010933006
22241,0.00010834898
22244,0.17539285
22245,0.99973935
22247,8.6240456e-05
22250,0.0002570417
22252,0.000570338
22254,0.0011094206
22257,0.00014044248
22259,0.9998858
22268,0.00039964414
22269,0.000112942565
22273,0.9995722
22279,0.00015478078
22283,0.99977285
22284,6.397454e-05
22287,4.4036613e-05
22288,0.011743371
22293,9.8384386e-05
22294,0.9998528
22301,0.00026261012
22303,8.566017e-05
22310,0.9998684
22317,0.00043692646
22318,0.0011750887
22320,7.634846e-05
22328,7.044614e-05
22337,7.076528e-05
22338,0.99949765
22341,0.0014683162
22346,0.00018893485
22351,5.6134675e-05
22353,7.446457e-05
22360,0.99962366
22370,0.9917176
22371,0.00011355812
22372,0.00031702302
22377,0.9999709
22382,0.00034358026
22387,0.0007610611
22394,0.999655
22401,3.323739e-05
22402,0.090744786
22414,0.0003770027
22415,0.107655786
22422,0.00012424136
22428,0.99984884
22429,0.9840984
22444,0.99994624
22449,0.2800566
22461,0.0007686156
22462,0.99980503
22467,0.140026
22478,0.9999274
22480,9.065263e-05
22486,0.00036089338
22488,0.00056461873
22498,0.0003119305
22505,0.000111505506
22507,0.00039234333
22511,0.99993205
22517,6.8538e-05
22518,3.201626e-05
22521,3.515285e-05
22533,2.8829912e-05
22538,0.99991226
22545,2.5263553e-05
22546,0.99988055
22551,5.7521174e-05
22557,0.000104958715
22561,2.1723154e-05
22563,0.0018805598
22568,0.20528251
22570,0.9996383
22572,0.99994576
22576,0.99991477
22580,0.0008371466
22583,0.0003624451
22584,9.728957e-05
22591,0.9997489
22592,8.7972694e-05
22597,6.717579e-05
22599,0.00066166435
22604,0.0003459474
22605,0.000105876796
22607,0.99981755
22613,0.9997776
22628,4.086678e-05
22630,0.0009174131
22631,0.00012525234
22636,3.8072707e-05
22637,0.00017784364
22640,0.99654096
22641,0.000421003
22642,0.0004310102
22646,0.00023043422
22654,0.0007796332
22655,0.00062806945
22657,0.122850336
22664,9.72203e-05
22666,0.06677189
22668,4.8903978e-05
22672,3.723209e-05
22675,5.8042984e-05
22678,0.014182356
22679,0.000333349
22680,4.258712e-05
22687,4.0210405e-05
22688,2.9777972e-05
22691,0.00025999648
22695,4.7337093e-05
22696,2.8739136e-05
22702,0.9998344
22703,2.7121549e-05
22706,0.9993819
22708,0.00019048068
22713,0.00011784411
22715,0.12903279
22716,0.00020260837
22719,0.0001354859
22726,0.9998323
22731,0.000118792734
22736,0.00034391996
22738,0.16370398
22739,0.0003361247
22754,5.6520887e-05
22756,0.00017042889
22758,3.8968403e-05
22761,3.5921745e-05
22762,0.0002966184
22765,0.99945766
22772,0.000109408385
22773,7.163127e-05
22774,9.096299e-05
22777,6.394368e-05
22780,0.00040624224
22787,4.4801865e-05
22795,9.495229e-05
22807,0.99974304
22809,0.0002384453
22814,0.99995947
22820,0.9998921
22823,6.510343e-05
22824,0.05628991
22830,0.0006833102
22831,0.9998772
22832,0.0003281873
22835,0.00047172984
22846,5.7449855e-05
22855,3.6719117e-05
22857,0.00022964046
22858,0.00014307351
22868,0.005266852
22869,0.99980134
22872,0.00017411847
22875,0.00046856384
22876,0.0010049313
22877,2.3533086e-05
22885,0.00012333858
22886,0.0010476934
22887,5.0711264e-05
22890,5.257155e-05
22891,0.0011058415
22892,3.734916e-05
22898,0.9998598
22899,7.455247e-05
22909,0.00054484076
22910,0.00022780926
22912,0.99975437
22919,0.00023434106
22926,6.901948e-05
22935,0.999967
22936,0.9997658
22937,3.305806e-05
22941,3.5991663e-05
22942,0.08826872
22943,6.985805e-05
22945,9.6961056e-05
22951,0.00079137355
22952,3.6116264e-05
22953,6.3594925e-05
22955,0.0029375777
22957,0.99916244
22962,0.00014818014
22970,0.00010709141
22977,0.99981934
22985,4.0467334e-05
22995,0.99955887
23000,0.00028100476
23015,4.4796056e-05
23018,0.0005039594
23019,0.00065842376
23022,6.339559e-05
23023,0.116527036
23024,4.7871592e-05
23025,0.0001784514
23026,0.00012976785
23028,0.0010951202
23034,0.9998683
23036,0.00016476354
23039,0.12122619
23040,0.00060323195
23041,7.9420184e-05
23042,0.000108530556
23043,0.00040962917
23054,0.00063755753
23055,0.9997751
23058,4.289268e-05
23059,0.99966025
23062,5.8460995e-05
23070,0.00010034656
23071,0.98632914
23073,0.97060823
23076,0.00021926052
23079,4.058227e-05
23080,9.263474e-05
23081,0.0001000061
23086,4.43404e-05
23094,0.00057810935
23104,0.00077869947
23106,0.0016734862
23107,0.016901692
23109,3.7534548e-05
23111,6.8719804e-05
23112,0.999956
23116,0.00042906875
23119,0.99992156
23122,0.999131
23124,0.9981223
23125,0.00014688115
23128,0.0002821995
23132,0.9982797
23135,0.00010426511
23136,0.99940085
23140,0.17947255
23143,0.00013196885
23145,0.00030123032
23150,0.00050953083
23151,5.3567182e-05
23154,0.00012864081
23155,0.028465893
23159,0.99865663
23167,0.0007220542
23168,0.0014276733
23172,0.0004641261
23173,7.880345e-05
23176,0.00059265684
23177,3.5977046e-05
23181,1.2300591e-05
23188,0.9998072
23192,0.00018521072
23197,0.00014062795
23198,3.7600537e-05
23199,0.99986553
23204,3.152442e-05
23205,0.99947447
23208,0.0003117313
23214,0.91885906
23218,0.99957865
23222,0.0001462266
23224,0.00010632236
23227,0.9999187
23234,4.718035e-05
23245,9.486522e-05
23246,0.00025106996
23251,4.8905145e-05
23252,0.99967206
23256,0.99992645
23257,0.045266084
23271,9.071836e-05
23273,7.0302856e-05
23274,3.2939766e-05
23277,0.11558929
23285,0.99968636
23286,7.528847e-05
23287,9.408568e-05
23293,0.00025428075
23298,0.99981564
23300,0.99959546
23312,0.99990773
23314,0.9997162
23315,0.000157548
23321,0.99743325
23323,0.005955717
23326,0.0013096911
23332,0.00015786994
23337,0.00016459347
23338,0.13674104
23340,0.013378605
23346,1.4104999e-05
23348,0.00046026026
23353,4.402582e-05
23355,7.397473e-05
23356,1.8083041e-05
23362,0.00022550169
23363,0.0011248684
23364,0.96962994
23368,3.1097465e-05
23370,2.832407e-05
23372,0.9996939
23379,0.99986184
23386,8.3938234e-05
23392,0.00010781408
23402,0.00011767736
23406,0.9996377
23408,2.5184892e-05
23411,0.99983144
23412,0.00036722983
23420,0.9999031
23422,0.0012820057
23426,0.00052879733
23429,0.00036524129
23434,5.971838e-05
23435,0.00069536397
23436,0.0002485221
23438,8.6017055e-05
23439,1.6539214e-05
23441,0.00011135739
23442,3.1369436e-05
23444,0.99993515
23454,0.00027424202
23455,2.0778134e-05
23459,0.00041530328
23461,0.99949217
23469,0.00027723899
23472,0.9995808
23475,8.7519686e-05
23484,9.095596e-05
23488,9.711929e-05
23491,0.006903429
23495,4.2850814e-05
23498,7.633819e-05
23500,4.984494e-05
23503,0.00014466196
23504,2.6089061e-05
23506,0.9998741
23507,0.0011408916
23508,0.0001569234
23509,6.423741e-05
23517,7.19516e-05
23519,2.1378055e-05
23526,0.00026289147
23529,0.0015085154
23532,5.6261048e-05
23539,0.00031773135
23547,0.9991078
23552,5.931965e-05
23553,0.9461765
23556,0.0005298218
23557,0.9996213
23559,5.690916e-05
23562,0.0009374629
23563,0.00016881879
23573,6.20402e-05
23576,5.3860793e-05
23580,0.9997433
23587,0.002972277
23588,0.9783161
23589,0.092443794
23600,0.00027318642
23603,0.9991748
23605,1.8034338e-05
23611,0.99957865
23614,0.0001634245
23618,0.00023032066
23619,0.002331291
23632,5.452055e-05
23635,0.99980015
23641,0.0011020756
23642,0.18708815
23652,0.9998976
23653,5.254769e-05
23656,0.9995234
23665,0.00031591905
23666,0.0004302241
23671,8.396961e-05
23678,0.00017826926
23681,0.23618324
23688,0.00047403187
23690,0.0002642789
23691,0.0002618823
23693,4.2573065e-05
23695,0.00030536405
23698,0.0006587238
23699,0.9999523
23711,2.498107e-05
23714,0.00031355637
23717,4.6722136e-05
23719,3.8782593e-05
23726,0.000281944
23733,0.00014905621
23736,0.99989104
23738,0.00036059605
23741,0.99993277
23750,0.00023941256
23753,0.999824
23754,0.99992895
23755,0.0001876664
23758,3.738576e-05
23761,3.471613e-05
23764,0.9995295
23770,6.7918605e-05
23775,0.999902
23779,8.029799e-05
23791,0.000110331806
23793,0.00020670707
23799,6.5687505e-05
23801,0.00075045344
23802,0.00015924714
23805,0.00083429925
23806,7.580039e-05
23812,0.00019498782
23814,0.18216184
23835,7.351481e-05
23840,2.2674169e-05
23841,0.00036777128
23848,0.9999597
23851,3.164089e-05
23861,0.00014189167
23864,0.00046524365
23868,0.9996451
23872,0.99979097
23880,0.000129829
23883,2.0146708e-05
23887,0.06832394
23892,5.556221e-05
23906,0.0003120798
23909,0.9999356
23917,9.20727e-05
23922,0.00035190192
23925,0.0028333405
23929,4.2535856e-05
23930,0.9998267
23949,0.07923022
23960,0.99955624
23964,4.140894e-05
23967,0.00028147452
23974,5.816505e-05
23981,5.77175e-05
23986,6.986924e-05
24000,0.13971256
24003,0.0024043405
24005,0.0006743007
24008,3.555103e-05
24009,0.99986076
24010,0.00024339362
24013,2.6152082e-05
24014,0.014117614
24017,0.99988484
24020,4.6038578e-05
24021,0.00013289954
24022,0.00018947788
24023,0.99980456
24027,5.160544e-05
24031,2.3652197e-05
24034,0.9990356
24035,8.323013e-05
24043,0.0001016436
24049,5.289409e-05
24050,0.00010538956
24053,0.000287817
24054,0.9995696
24057,0.99988794
24059,0.0471507
24062,0.00037418923
24063,0.10150938
24064,0.0001732685
24065,0.99996364
24069,3.068662e-05
24071,5.7008612e-05
24075,0.9998951
24076,0.0005452314
24077,0.0005153703
24080,5.355947e-05
24082,0.00069873856
24085,0.00012566325
24102,0.0002874753
24110,0.00024608383
24116,0.9991875
24118,0.14306077
24119,1.8428176e-05
24120,6.534258e-05
24122,0.9837218
24123,0.99970526
24124,0.00022320195
24126,2.6861497e-05
24129,0.00010039489
24130,0.99996674
24143,0.0020223178
24146,7.520423e-05
24149,7.573622e-05
24154,3.8621158e-05
24157,0.0019006577
24159,0.0014824456
24164,0.99975973
24166,5.7691304e-05
24172,0.00022018039
24180,0.9998324
24182,0.0010469547
24183,8.280564e-05
24184,0.00020120225
24185,0.00038746875
24190,3.2899836e-05
24193,4.6854966e-05
24199,7.213393e-05
24200,0.0003134607
24203,0.0007169262
24204,0.99946076
24207,0.9988158
24217,0.99933213
24222,5.8759066e-05
24233,3.448216e-05
24237,0.00020484746
24240,1.5918089e-05
24242,0.9998845
24248,0.00025516085
24252,0.9999323
24255,0.0001384566
24272,0.99987805
24276,4.6797988e-05
24279,0.066600084
24280,4.3851218e-05
24281,6.684752e-05
24282,0.99980134
24294,8.4018946e-05
24295,0.99994814
24308,0.00011340013
24311,5.296359e-05
24313,0.00017102846
24314,0.000106362415
24317,0.9997906
24318,0.9998857
24319,0.00013666223
24321,0.00048739763
24324,0.9404581
24325,0.00058857823
24331,7.4999334e-05
24334,0.021889469
24342,6.346993e-05
24345,0.99995434
24352,0.00018057849
24355,6.040747e-05
24362,0.00024053965
24365,0.0001802561
24366,5.777119e-05
24367,8.20071e-05
24368,0.99986494
24371,8.2069215e-05
24373,6.767209e-05
24381,3.4910878e-05
24383,0.10474931
24385,0.99989307
24386,0.00012924649
24387,3.4668687e-05
24392,0.00018587115
24397,0.0006073166
24399,3.0260942e-05
24400,0.99967325
24401,5.6945264e-05
24402,0.09585697
24403,6.3129126e-05
24406,0.999961
24412,0.10526639
24417,0.999824
24425,0.00023976299
24426,7.830412e-05
24432,0.999585
24433,0.0005722539
24434,0.04440577
24438,0.0004190217
24446,0.00015456679
24465,5.5899633e-05
24466,0.99954957
24469,0.9994486
24475,4.0485982e-05
24478,4.262913e-05
24479,0.99936384
24480,0.0061187204
24482,0.9999008
24491,0.0002219757
24493,0.001304162
24502,0.0008993226
24504,0.99977344
24507,0.9997453
24516,0.9993795
24521,0.9999349
24522,0.9996563
24526,3.2967706e-05
24541,7.250309e-05
24548,2.1128011e-05
24556,0.0015613396
24559,6.331005e-05
24563,0.16661517
24566,0.00024979588
24571,1.9950889e-05
24572,0.0003734818
24573,0.99954236
24574,0.9997787
24576,6.0731738e-05
24579,0.00011995356
24586,0.0012594075
24594,0.0006067112
24601,0.00014813212
24611,0.00033298024
24613,0.9998592
24616,0.12287299
24621,0.000118919554
24639,0.00016628945
24644,0.42363596
24649,0.00065326685
24650,0.99970907
24655,0.9991892
24659,0.0009792234
24663,0.9768305
24669,5.6712557e-05
24671,0.99895656
24684,0.99994266
24688,0.0005316987
24690,7.104054e-05
24691,0.42338166
24694,0.000399559
24695,0.99961555
24697,0.0010002924
24700,3.0446548e-05
24708,0.00022513774
24710,0.00040558848
24718,0.00037168633
24722,9.4371775e-05
24726,0.0004247066
24727,0.00032920574
24728,0.999355
24732,0.003693281
24740,0.0006533263
24741,0.00020404393
24746,0.9993843
24750,0.00017827487
24754,0.99992967
24758,0.00017629692
24762,4.812531e-05
24768,0.0003343028
24774,0.99987125
24779,0.006868684
24781,0.0004975093
24783,0.9993585
24786,0.99978393
24787,9.1976086e-05
24791,4.7871228e-05
24798,0.0008527117
24799,0.9999571
24800,0.9996731
24801,6.1369865e-05
24802,0.054076094
24812,0.0003886416
24816,3.7471385e-05
24822,4.0079933e-05
24823,0.9693782
24824,0.00044957464
24826,0.00018236574
24827,0.000102013844
24836,6.445653e-05
24840,0.00014566201
24842,0.00012613962
24844,0.0011654467
24845,0.99956363
24855,7.434246e-05
24869,0.00036071762
24871,8.6439366e-05
24873,0.0016965993
24874,0.00066777447
24884,0.00022496074
24885,8.155299e-05
24887,0.18309695
24889,0.9996314
24890,7.646956e-05
24906,2.2396254e-05
24907,0.00052046694
24908,0.0009851814
24911,3.52941e-05
24914,0.015330939
24915,0.061872046
24922,0.9998323
24927,0.09098133
24932,0.000755972
24938,0.9998634
24939,0.00405213
24944,0.9999093
24948,6.695164e-05
24952,0.99903226
24954,0.9998202
24955,0.0012424345
24957,0.00019309291
24958,0.47230846
24963,7.632968e-05
24965,0.00023202266
24968,0.0001281732
24971,0.9998084
24974,0.00020134983
24975,0.000111899615
24978,8.512793e-05
24980,0.9998745
24981,0.0012893571
24983,0.053697143
24993,0.00013723983
24994,0.00164837
25001,3.3446035e-05
25005,0.057170834
25010,3.398801e-05
25014,0.06635719
25015,2.3800603e-05
25022,0.00011802787
25025,8.2918246e-05
25027,6.3558e-05
25028,2.3438859e-05
25036,3.5198605e-05
25037,0.0005566258
25046,0.00018175191
25055,0.00026816997
25057,6.7188026e-05
25059,1.5532132e-05
25064,0.99959534
25066,0.9998097
25071,6.1290215e-05
25072,4.5629902e-05
25073,0.9997433
25078,3.9582457e-05
25079,0.9999399
25081,0.99938977
25083,8.31015e-05
25101,4.0890016e-05
25102,0.99960977
25104,0.00056772167
25107,0.0008222046
25109,0.00025662495
25111,2.980712e-05
25140,4.8476337e-05
25144,0.9995728
25148,6.667963e-05
25150,5.6298828e-05
25151,0.00013615677
25152,0.00091634167
25153,0.00011892578
25158,3.363048e-05
25163,0.0004113055
25174,5.1680097e-05
25176,2.5223857e-05
25195,0.23918118
25199,0.00021596115
25201,0.9998406
25210,0.00025911254
25211,0.1363722
25214,0.0011311457
25224,0.00042224975
25225,0.9999521
25227,0.99995196
25228,0.997618
25230,0.0009808345
25235,0.00022508217
25236,0.00011443556
25241,0.9992054
25252,0.00023842734
25254,0.99885166
25256,2.316118e-05
25265,0.00020874233
25271,6.018191e-05
25272,0.9998323
25274,0.00015788156
25279,0.99979
25280,0.9991025
25282,9.6857104e-05
25283,9.6573596e-05
25285,0.00033734125
25288,6.555585e-05
25292,0.0009221661
25297,0.0002725779
25300,0.00029875006
25317,4.4399e-05
25322,0.9999269
25323,0.9999746
25334,4.7765116e-05
25340,6.18142e-05
25344,0.23446825
25350,0.00043711456
25351,0.050518215
25355,5.6474553e-05
25359,0.0058285133
25363,0.99966264
25367,0.048198093
25371,0.00093403173
25378,0.00044928867
25382,0.0001311438
25394,0.00024431525
25396,3.180607e-05
25403,0.0004522751
25405,0.99988186
25406,0.00029112515
25407,0.999977
25408,0.9994778
25422,0.00012639405
25423,0.0008259191
25431,0.00028317864
25433,8.774916e-05
25434,6.606695e-05
25436,3.8339847e-05
25437,6.746095e-05
25438,0.0005368497
25440,0.9996793
25462,0.0005899087
25463,5.8795842e-05
25466,0.00013246103
25471,0.00018978382
25472,0.23207512
25478,8.840765e-05
25479,2.50327e-05
25482,0.00020723337
25493,0.00026576946
25502,9.779445e-05
25507,0.001386771
25509,0.0003175963
25510,0.20829889
25511,0.0006501606
25512,0.00024028934
25518,0.9999311
25519,0.9994715
25522,0.0006321905
25526,0.0003349354
25529,0.00013840722
25531,0.0002908638
25534,0.0003482593
25537,0.00027043765
25541,0.0001701123
25545,0.00012119873
25547,3.3679265e-05
25548,7.9285186e-05
25552,6.45911e-05
25556,2.8163566e-05
25560,8.696835e-05
25566,0.084420025
25567,0.00017510811
25568,0.0006229865
25571,4.0921183e-05
25573,0.00011802742
25575,0.1930896
25577,0.00044007922
25579,0.99942577
25586,0.00015942277
25594,0.00012527837
25595,0.9998809
25598,0.99984944
25599,0.00014421393
25605,0.00012651691
25608,0.0005435181
25609,0.00023327595
25613,1.5004258e-05
25614,7.5198e-05
25617,2.9456609e-05
25621,0.9998623
25623,0.00034936715
25624,0.007674324
25635,0.0017641061
25636,0.001442765
25637,0.0002755333
25638,0.00010294424
25640,0.00025964645
25642,0.014012721
25643,2.041808e-05
25644,6.632589e-05
25646,8.575571e-05
25649,0.00025985896
25655,0.00072000525
25663,0.9971258
25666,0.00035084624
25667,3.4355726e-05
25672,5.1611052e-05
25673,6.815282e-05
25676,0.00038151152
25679,3.905479e-05
25681,0.99981624
25690,0.9999603
25692,0.00012189474
25710,0.057935666
25711,0.00051669864
25713,0.9997323
25720,0.00016253929
25722,0.9995208
25729,6.4678e-05
25731,0.0017259899
25738,0.99988794
25740,0.0004582596
25743,0.00010296339
25748,0.016373893
25750,0.99995255
25753,0.0003049175
25755,0.0006590761
25757,0.00060734904
25759,0.00038700085
25770,0.9998267
25771,4.3651246e-05
25772,0.04640922
25776,0.00019954315
25779,0.9999732
25781,0.0003552181
25785,0.99956614
25803,0.0005061535
25808,0.00053433876
25812,0.00019523544
25819,2.0762942e-05
25824,9.632941e-05
25831,0.99981517
25836,3.583542e-05
25837,8.674481e-05
25858,0.0011160127
25860,0.0002769431
25862,8.693345e-05
25865,0.99966955
25866,0.00010813615
25870,0.9431568
25871,0.9998011
25887,0.999811
25889,4.551591e-05
25895,3.2066342e-05
25896,0.93231744
25906,0.9992125
25914,3.7783495e-05
25915,6.602519e-05
25920,0.00053646247
25922,0.99988866
25924,2.4490639e-05
25926,9.73047e-05
25927,3.3702432e-05
25938,0.0008199548
25939,9.057469e-05
25943,0.0006217986
25944,0.0003111713
25945,0.9999652
25954,3.361166e-05
25959,0.00036081029
25968,0.99485815
25969,0.95524544
25970,0.93697345
25971,0.9999372
25972,0.99873966
25975,0.00016237402
25977,0.0016892914
25979,0.00036021948
25988,6.554203e-05
25990,0.0010253902
25995,0.3025957
25997,0.0004475415
26004,0.99939775
26007,0.0001618446
26011,0.99983966
26019,5.5114022e-05
26020,1.2788438e-05
26021,0.0005434399
26024,2.5930833e-05
26032,0.00036056392
26033,0.00052400713
26035,0.00030371116
26037,0.00016219252
26039,1.689568e-05
26042,2.8846416e-05
26048,4.7524896e-05
26052,0.9997528
26054,0.00016637065
26056,0.00014920409
26059,3.9766408e-05
26061,0.999696
26064,0.9997664
26065,0.00033931425
26071,0.000108250344
26073,0.99959403
26075,0.00012823935
26076,0.00025013761
26077,4.18001e-05
26078,0.02378527
26091,0.0012342893
26092,0.00021752222
26100,0.0002825317
26104,0.99978393
26107,5.4413602e-05
26114,4.989454e-05
26117,6.0190454e-05
26119,0.00018154373
26121,0.00023770145
26127,0.9996166
26128,0.00016555945
26131,4.338701e-05
26132,8.904287e-05
26133,0.99964285
26134,0.00034667918
26137,4.5961944e-05
26140,7.144763e-05
26141,0.94114035
26154,0.9998049
26156,5.9402755e-05
26157,8.947348e-05
26158,3.163163e-05
26160,0.99874157
26162,0.9997514
26165,3.8979924e-05
26173,0.00019476449
26175,0.00020782204
26177,0.00015399966
26183,0.00016274168
26189,4.842048e-05
26200,0.0007984982
26205,0.00035842997
26216,3.0736966e-05
26220,7.556518e-05
26222,7.363452e-05
26229,0.9157357
26237,0.00014508826
26239,0.0010047336
26246,0.99975425
26248,0.000374371
26255,0.0001295589
26259,0.9998419
26261,0.9994691
26263,0.9999491
26276,0.9999037
26277,8.7481305e-05
26279,0.18098928
26285,0.0002393758
26286,2.3140998e-05
26290,0.0012907954
26291,0.0005742375
26292,0.04439544
26295,0.00063582964
26296,0.000620527
26300,0.99953985
26301,0.9996731
26307,0.99984145
26308,0.9645292
26313,0.9997807
26319,0.00033762743
26332,9.591117e-05
26333,0.00021517252
26337,0.00016595743
26339,0.0008470042
26342,0.0001516145
26344,0.9998584
26347,4.4369583e-05
26348,8.382368e-05
26353,0.99976677
26354,0.0001628789
26357,0.00076126563
26369,0.0009767485
26371,0.02888834
26374,5.849591e-05
26375,6.354194e-05
26388,0.0516278
26392,0.00013521758
26394,8.800542e-05
26409,0.00061613595
26415,0.00011394166
26419,0.00021346906
26422,3.1471613e-05
26430,0.99992645
26431,0.00059413357
26441,4.3250642e-05
26445,4.038884e-05
26448,8.8495115e-05
26459,0.9990225
26462,0.0001179671
26465,0.0009864687
26466,6.3724714e-05
26468,0.99924433
26469,6.319092e-05
26470,0.002344323
26472,0.044577505
26473,0.9998975
26476,0.00037930664
26477,0.000113062284
26481,0.00022297158
26482,0.99962974
26483,0.00041440025
26492,0.9999509
26499,0.00021584403
26500,4.3080137e-05
26505,0.0007459078
26507,0.09231703
26516,0.94117296
26518,9.4573836e-05
26519,0.99974483
26523,0.9997062
26526,0.0034527096
26534,0.10569451
26539,0.00063591084
26543,0.000108185544
26545,0.99968433
26551,0.14052911
26553,3.241976e-05
26556,0.00041419014
26559,0.00038526743
26560,4.6659003e-05
26565,5.0303115e-05
26568,1.70935e-05
26570,0.99997723
26575,3.7224174e-05
26576,0.9994797
26579,0.1266698
26582,4.7389804e-05
26583,0.9996811
26588,0.9999347
26592,0.00010640218
26594,2.2142134e-05
26601,0.0001289867
26604,0.9997663
26606,0.9998211
26607,0.0003083072
26610,2.0609501e-05
26611,0.00097073644
26616,0.0005279633
26621,0.99980825
26623,0.99943954
26627,0.00016138276
26631,0.00015104281
26640,0.0009200997
26642,0.000109499815
26649,1.6884549e-05
26655,3.1800366e-05
26656,0.99974734
26661,6.2362706e-05
26662,0.00035675697
26667,7.3187184e-05
26669,0.99985373
26676,6.588695e-05
26679,0.0002670667
26684,5.3337088e-05
26687,0.9997843
26698,0.0004443969
26703,0.0007923466
26704,0.00019545802
26706,0.00031567787
26708,4.7091664e-05
26712,9.023443e-05
26718,0.0001254334
26720,0.9961521
26728,6.964626e-05
26730,0.001361446
26731,6.824712e-05
26734,0.99985206
26736,0.0017667321
26740,0.9997229
26744,7.990416e-05
26746,0.9998474
26753,0.16585827
26759,0.0004615557
26760,5.535579e-05
26761,8.286004e-06
26767,0.00013991304
26777,0.00073525956
26778,5.0031045e-05
26781,0.00016959306
26789,9.80792e-05
26791,7.2343275e-05
26792,9.8696066e-05
26794,0.9998109
26796,0.00013619066
26799,0.00087134197
26800,0.00074160093
26809,0.9992436
26814,0.0004998818
26818,2.001053e-05
26820,0.00014511096
26822,0.99994195
26827,2.8443737e-05
26829,2.8604636e-05
26830,0.0005904611
26833,3.9942228e-05
26834,0.00017361133
26835,2.1511969e-05
26838,0.999933
26844,5.751508e-05
26845,0.00020268874
26846,0.99995923
26848,0.000920757
26849,0.9997509
26851,0.0017512242
26852,6.607602e-05
26858,7.916809e-05
26859,0.9998853
26865,0.00022896292
26866,0.00039351106
26869,9.575837e-05
26880,0.9999726
26882,3.7887265e-05
26884,0.00023380297
26886,0.00075898133
26887,0.0014544659
26888,0.0002879334
26890,3.7151756e-05
26892,0.0007095791
26898,0.0010301566
26902,5.0182043e-05
26907,0.99932873
26909,0.00042843135
26917,0.9998529
26920,0.0043248646
26928,0.99997497
26931,6.7761786e-05
26940,0.00011669146
26944,0.9995752
26946,6.265563e-05
26948,0.00030844452
26952,4.376462e-05
26953,0.9998485
26955,0.0023551625
26958,0.00016753848
26959,7.423577e-05
26963,0.9996014
26964,0.0001305123
26965,0.9999523
26970,0.0005009925
26975,1.9828658e-05
26979,0.9997657
26981,0.00063355337
26983,2.1227457e-05
26984,6.460169e-05
26996,0.0016182484
26997,0.99973315
26999,0.99985945
27014,0.00022202966
27023,0.9526008
27027,0.99969554
27030,0.00032448565
27032,0.00051021343
27034,4.344961e-05
27038,0.0004974626
27043,0.99995315
27044,0.00039074596
27048,0.9996973
27054,3.190118e-05
27061,0.000723204
27062,9.031578e-05
27063,0.00019307836
27064,0.0004343946
27068,0.0004206109
27069,7.4637464e-05
27072,3.0429741e-05
27074,5.1731924e-05
27082,0.00013849884
27083,0.0001495505
27084,0.9997292
27091,9.041479e-05
27098,0.0008662851
27099,0.99823064
27105,0.99963117
27107,5.3755397e-05
27109,0.00010089394
27117,0.28668168
27124,0.0062440876
27130,6.950951e-05
27135,0.00019632431
27136,0.99976474
27142,0.0001517331
27149,0.00012822956
27151,0.9925088
27153,0.065614454
27160,0.00018927276
27166,0.9999039
27168,4.654874e-05
27174,0.0009932715
27175,9.555678e-05
27178,1.2003865e-05
27182,0.99962914
27186,0.0005688461
27195,0.9995467
27198,0.00033605806
27200,0.00013012187
27202,0.9995708
27211,0.0015483946
27213,0.9999095
27214,0.0003600509
27217,0.0016929979
27218,0.18013823
27219,0.89878035
27221,0.0003537344
27222,0.00036584676
27229,0.00014286659
27232,0.99993765
27234,0.00023824669
27237,0.99991107
27238,4.9164388e-05
27240,0.9999442
27249,0.00033576041
27250,0.000112135036
27251,7.761201e-05
27252,4.321774e-05
27256,5.198532e-05
27258,0.00087990717
27260,0.0003606961
27265,0.00031512883
27267,0.15373045
27268,0.00025797493
27275,7.039718e-05
27278,0.001110312
27279,0.19931671
27281,0.00028869972
27287,0.9748755
27290,3.0733627e-05
27307,0.00052241975
27310,0.00012302121
27318,0.9994112
27322,0.00073226634
27327,5.0155584e-05
27345,0.0012505703
27351,0.9999224
27354,0.00011961056
27356,0.0007371774
27359,0.0006680577
27363,9.383453e-05
27365,2.5101643e-05
27370,0.0004919858
27371,4.936593e-05
27373,3.9880266e-05
27383,0.99981064
27397,0.9999063
27398,0.99987876
27401,9.4328585e-05
27406,0.9999273
27409,1.0034714e-05
27410,0.00087581394
27413,0.00014191629
27415,0.9994874
27430,0.00012813056
27433,0.00048159758
27434,0.00071464985
27439,0.00022451738
27440,0.0007127621
27442,0.00025472674
27445,0.00033299357
27446,0.0004941457
27447,3.6297675e-05
27449,0.006428855
27450,0.0005806875
27451,0.0035452836
27453,0.0038169445
27459,0.999841
27462,0.9999441
27465,0.000187021
27467,0.00030084516
27468,7.8131074e-05
27472,4.8236823e-05
27473,0.0001511693
27476,0.99983335
27477,0.9998977
27482,0.00040780086
27483,2.9206847e-05
27484,0.0004258444
27486,7.698069e-05
27490,0.00014471935
27500,0.9997509
27507,0.000105078485
27509,0.999801
27516,4.6487785e-05
27521,0.00017380113
27524,0.00011286301
27525,0.0016117631
27528,7.584065e-05
27532,0.00071858935
27534,4.345856e-05
27535,0.00019948362
27541,0.0010888563
27545,0.000912512
27546,0.00032996296
27548,0.0008126252
27551,0.00010124525
27555,0.09010664
27561,0.99959594
27562,0.9997105
27566,6.193941e-05
27573,0.0007910719
27574,0.99977416
27575,2.3573068e-05
27577,0.99977094
27579,0.99989855
27583,0.00013482668
27586,2.0982856e-05
27589,0.14430392
27595,0.0006207742
27598,7.247572e-05
27599,0.00056237425
27603,4.447846e-05
27604,0.9998772
27605,5.9541584e-05
27610,0.0001805945
27615,0.0004952361
27623,0.00038004847
27630,0.99985194
27633,2.5856554e-05
27634,0.0010225392
27640,0.999009
27641,0.00020218919
27651,0.094252326
27656,0.00054385315
27658,0.99987936
27662,0.00076674536
27664,0.00046586338
27669,0.10153767
27673,0.00012330177
27687,0.0009078161
27694,0.99973327
27701,0.00016854264
27704,0.0009871809
27707,0.9997749
27708,5.1704894e-05
27711,0.99922466
27713,6.333686e-05
27716,0.00073625485
27717,0.14823
27719,0.00012155278
27720,5.348587e-05
27722,5.1967723e-05
27723,0.00011664373
27726,2.2771292e-05
27728,0.00023790527
27729,0.0001455726
27732,0.00013892104
27744,0.0002626592
27748,4.088639e-05
27750,0.00042719243
27760,0.99989855
27761,4.0164145e-05
27763,0.00010779948
27769,8.621941e-05
27786,0.0003267914
27793,0.999635
27794,0.00033149158
27799,0.00047544987
27803,2.4345612e-05
27806,0.000112689755
27816,0.9998516
27817,1.1689312e-05
27823,0.0011160015
27825,0.99984777
27826,1.4429035e-05
27828,0.9995552
27832,0.83426857
27834,0.0009560794
27846,0.0008011777
27848,6.15194e-05
27849,0.999859
27852,0.00020794573
27853,0.99948186
27854,0.00017476082
27857,0.9602863
27862,4.288405e-05
27865,5.8096095e-05
27871,0.00075213914
27875,0.00048948464
27878,0.00029958834
27879,0.0010863639
27881,0.9996075
27882,5.70857e-05
27888,0.0031762363
27890,0.00015408882
27894,4.211158e-05
27898,0.10608025
27902,3.4405857e-05
27905,2.5029167e-05
27909,0.00030957046
27910,0.00014482717
27916,3.7887155e-05
27917,0.00011530891
27920,0.99961805
27921,0.006727021
27922,0.00058855466
27923,0.00039394028
27932,0.9998976
27933,4.4270007e-05
27935,0.999537
27937,0.011770131
27943,0.0005761094
27951,0.00014566771
27954,0.0010546463
27957,9.15674e-05
27959,4.393368e-05
27960,4.444746e-05
27969,3.832237e-05
27977,0.99992454
27991,7.139552e-05
27993,0.99972945
28002,0.9645658
28005,0.0004310123
28011,0.00016111937
28022,0.00012908784
28024,0.00053138327
28028,5.579035e-05
28029,8.1357946e-05
28034,0.99964905
28035,0.0003678856
28037,3.627996e-05
28039,0.00039050297
28045,0.00018183545
28058,0.99955815
28059,0.00058934
28062,6.176683e-05
28063,9.42625e-05
28064,0.99951696
28065,8.4700805e-05
28068,4.6312914e-05
28069,3.548759e-05
28074,5.962096e-05
28078,0.0018701614
28081,0.00018787211
28083,0.9528638
28085,6.930962e-05
28092,0.0011637566
28096,0.99968565
28110,0.00051921577
28115,4.5279834e-05
28121,0.9998827
28128,0.99978036
28132,5.0836185e-05
28136,3.7385187e-05
28138,0.9999124
28139,8.901138e-05
28140,0.00041166574
28141,0.00067356724
28146,0.00010569249
28150,3.8068967e-05
28153,0.99994123
28156,0.0005650349
28159,0.00026616277
28160,0.014488975
28164,0.99989533
28165,6.3400184e-05
28169,3.8784256e-05
28174,0.9997836
28181,0.0694934
28188,5.6879486e-05
28190,3.5921676e-05
28194,0.03410647
28196,0.00010026047
28200,9.545013e-05
28205,1.5727841e-05
28208,3.4713416e-05
28210,0.00020619744
28212,4.7393467e-05
28215,0.00016278934
28217,0.257983
28218,3.128089e-05
28219,2.2376058e-05
28223,0.99984753
28225,0.9992446
28226,3.3374217e-05
28235,3.9387447e-05
28242,0.0002562907
28246,0.9997085
28248,2.9160117e-05
28249,0.00018733816
28250,0.9995004
28256,0.0005609019
28260,0.0077266563
28266,0.20659931
28269,0.99989057
28270,0.9994338
28273,0.9191869
28276,0.00035028128
28277,0.99994135
28278,0.9988739
28279,0.00096975564
28280,0.0008271541
28292,0.9999286
28293,7.445015e-05
28296,0.99981207
28301,0.99989986
28310,8.584579e-05
28316,0.00018394848
28321,0.0039155153
28322,0.00014381006
28323,3.3852764e-05
28326,0.00019731442
28331,0.00019425261
28337,0.00083693484
28338,0.99963295
28344,0.00058682833
28348,0.00036529475
28351,0.0005696608
28352,0.99957377
28361,0.00017828388
28362,0.00089460454
28365,0.9997396
28371,5.5758126e-05
28380,3.9161936e-05
28384,9.689848e-05
28388,0.99960905
28393,0.0011771478
28394,3.1978852e-05
28396,6.151043e-05
28397,2.826654e-05
28402,0.9763984
28407,0.00013072143
28413,4.0973235e-05
28420,0.12646243
28421,7.2700335e-05
28422,0.9998715
28423,0.9998337
28426,3.8298444e-05
28430,0.00094881153
28444,0.0001605544
28446,5.2139723e-05
28449,0.9999298
28451,9.84698e-05
28457,0.00024115322
28459,0.0006863732
28460,5.1895968e-05
28461,0.9999596
28462,0.9998109
28466,0.0002725597
28469,8.653413e-05
28470,0.29868013
28472,0.9999459
28475,0.0001262861
28482,0.051171277
28483,0.00023719137
28488,6.6452696e-05
28490,0.00075441506
28492,2.4402583e-05
28493,8.55826e-05
28498,0.0014972193
28500,0.0007378834
28503,0.00069566193
28505,0.0004007398
28506,7.930908e-05
28508,0.9998648
28509,0.000108011234
28513,0.047061354
28516,0.00154886
28518,0.00011048373
28532,0.03887122
28543,0.9996221
28547,0.00023508965
28550,0.00018263407
28551,0.99768066
28562,7.5803495e-05
28565,0.0006404244
28571,0.99985707
28576,0.00028129935
28578,0.00035190058
28579,0.0003561195
28585,0.00024845457
28589,0.99979514
28597,0.99989736
28599,0.9998411
28609,0.0003398643
28614,0.001120435
28637,8.716189e-05
28639,0.9955994
28644,0.0002768156
28650,0.9999094
28653,0.99963343
28656,0.00022794351
28658,0.087714024
28661,1.4322909e-05
28665,9.922604e-05
28666,6.9809095e-05
28667,0.00014203435
28670,0.00069417345
28672,0.00016620035
28674,0.9999701
28681,4.7725138e-05
28695,0.0016665434
28696,0.99993443
28707,0.00010030906
28713,3.0097786e-05
28719,3.37528e-05
28726,0.0006125789
28731,4.624967e-05
28735,5.0313287e-05
28738,8.13142e-05
28747,0.0017823135
28749,0.9997961
28750,0.00040683927
28751,0.0004651432
28752,4.5465502e-05
28759,0.9966719
28761,0.056804847
28763,0.00012603335
28767,0.99997485
28770,0.0002999067
28771,0.0006581606
28775,0.99971396
28776,0.07105072
28778,0.00046054623
28784,0.0043526175
28785,0.9996935
28789,2.8744043e-05
28791,0.000108241584
28792,0.065913804
28794,0.14353904
28799,7.253746e-05
28806,2.8190707e-05
28813,0.001062727
28819,0.0003153798
28822,0.30120715
28825,0.0003894609
28832,5.94346e-05
28833,0.00030420438
28836,0.000655468
28837,0.00011375527
28842,2.6863365e-05
28844,9.170695e-05
28846,0.00011173382
28850,0.00011273318
28857,0.00021987075
28860,0.9996425
28868,6.333692e-05
28875,0.0014353578
28876,0.003737151
28878,0.9997904
28879,7.736653e-05
28880,0.0009124364
28881,0.00016569227
28889,0.9999026
28890,0.09964556
28892,3.1445095e-05
28893,0.9998925
28898,0.0034577157
28900,0.00013490899
28901,4.4448694e-05
28905,0.00047961215
28908,7.638778e-05
28909,3.2267824e-05
28910,0.0011348666
28912,0.00017635929
28919,0.99926096
28920,0.00039543703
28923,0.00023984826
28924,0.9585621
28932,0.9987423
28939,0.9997011
28947,0.07157739
28951,0.00055890565
28952,4.1494048e-05
28954,7.1018454e-05
28958,0.00011098582
28960,6.739054e-05
28964,2.9295163e-05
28976,9.689285e-05
28979,8.1984654e-05
28994,0.00081071985
29000,0.9993606
29005,0.99974567
29007,0.0006026987
29010,2.4540788e-05
29011,0.15511693
29013,0.0005352395
29016,5.3480973e-05
29018,0.122941725
29029,5.936351e-05
29030,0.0004115653
29033,5.2439314e-05
29035,2.9553259e-05
29038,0.0004264395
29049,0.00056931336
29055,5.5066062e-05
29057,5.9354854e-05
29064,3.283101e-05
29065,4.462665e-05
29071,3.6322053e-05
29074,0.00038905494
29076,0.00042818964
29084,3.8404287e-05
29086,0.00015242466
29092,0.00017941126
29098,0.9999441
29101,5.455623e-05
29105,0.9998068
29110,7.472919e-05
29120,0.9997857
29132,0.00017785195
29134,3.8502854e-05
29141,0.05482966
29147,9.372748e-05
29148,0.99984956
29159,0.99993753
29161,5.825364e-05
29165,0.00027368698
29177,0.99976116
29182,0.00017575949
29184,4.1552656e-05
29190,0.0006045656
29194,0.9996859
29202,2.4405936e-05
29206,6.052493e-05
29207,0.009626566
29210,0.00012918586
29211,1.993128e-05
29213,0.00013407017
29219,0.00038357437
29221,0.9997671
29228,0.00010049383
29236,7.0991235e-05
29239,0.0001331441
29243,5.1933046e-05
29248,2.3995759e-05
29250,0.00014439983
29251,0.99998
29253,4.212331e-05
29255,0.0007540747
29263,3.9273687e-05
29266,0.00011483062
29269,5.1288698e-05
29273,7.131095e-05
29276,0.0008266742
29281,2.7652504e-05
29284,0.00031258483
29285,0.00047238346
29298,0.93682295
29302,0.9998166
29304,0.9996486
29305,0.0005650247
29308,0.99961025
29313,0.103324845
29319,0.00031241679
29322,0.00029288098
29325,0.00016162977
29329,0.00021039923
29335,6.0700295e-05
29336,0.0010045078
29342,6.152738e-05
29352,0.0006825696
29358,1.8346604e-05
29359,4.4264605e-05
29370,0.9995882
29373,0.00066290743
29375,4.6708905e-05
29382,0.99973685
29383,0.99982905
29385,0.00055569253
29387,0.16267733
29390,0.00064851507
29392,6.5405984e-05
29401,0.00012494874
29411,0.9994242
29412,0.9995352
29416,0.00023589616
29419,0.0007137185
29422,0.0005168641
29426,0.00020702029
29428,2.457995e-05
29430,0.9999466
29431,0.99990845
29446,0.00025142927
29451,0.9999447
29455,0.00021350896
29461,0.00015907291
29464,0.0025448243
29473,4.2851305e-05
29474,0.9998516
29476,0.00067006116
29477,6.381836e-05
29478,0.00016510449
29490,0.99773693
29506,8.000274e-05
29511,0.9999453
29513,0.9995784
29521,3.7477785e-05
29526,3.0179124e-05
29534,0.99967647
29537,0.00013058177
29539,0.00080347015
29540,0.99568826
29542,0.9972241
29544,0.9999075
29545,0.99955946
29547,0.00021146292
29555,0.0010007642
29560,0.026412249
29561,5.3073814e-05
29568,0.23363723
29575,7.9398225e-05
29581,0.9997918
29583,7.965797e-05
29584,8.826133e-05
29585,0.00012673426
29589,0.00011715393
29594,0.00011483829
29595,0.999926
29598,0.90468913
29599,0.00033899787
29603,3.8360693e-05
29604,8.0521364e-05
29608,0.00013993212
29614,0.99731016
29615,0.999461
29618,0.00033897784
29622,4.3706477e-05
29629,0.9999629
29631,3.5357363e-05
29632,0.9999324
29660,0.9992448
29666,0.00012765396
29679,0.0009032863
29680,0.0001518528
29682,0.00025218408
29683,0.00013990262
29684,0.9996958
29689,0.00013388364
29707,0.996727
29716,0.99956065
29720,0.000546151
29734,0.00013648512
29738,0.0004970346
29741,0.00070543314
29742,8.5691536e-05
29744,2.1781361e-05
29757,5.231155e-05
29758,0.9998894
29765,0.0006002325
29767,0.00017477515
29769,0.00055538357
29781,0.0008314383
29785,0.00037633625
29787,0.00010063585
29791,0.0010594311
29805,4.157449e-05
29808,0.0003093778
29812,7.5325464e-05
29813,0.00018498341
29815,0.9999378
29816,0.00012085529
29817,3.173251e-05
29818,0.99995565
29819,0.00028995262
29826,0.9987876
29827,0.00017464123
29829,9.554712e-05
29830,0.00026715276
29833,2.7054875e-05
29836,0.99954647
29837,0.00081369374
29845,0.99979407
29853,0.99988294
29855,0.99979657
29859,0.00067937234
29860,0.00014214747
29861,6.654738e-05
29865,9.954332e-05
29869,0.0001191452
29873,0.0003020079
29874,7.810418e-05
29876,0.9998568
29877,3.548576e-05
29878,5.9230904e-05
29880,2.9832087e-05
29885,0.9997551
29890,2.771325e-05
29893,0.99981517
29894,7.175105e-05
29896,4.7913065e-05
29898,0.00030035852
29902,6.279883e-05
29903,0.9998715
29904,0.0005818726
29905,0.00014268524
29909,0.00027190408
29911,9.021679e-05
29912,0.00029070966
29921,0.0010349344
29922,4.8366393e-05
29923,0.00012954335
29926,7.3580886e-05
29931,6.303053e-05
29932,0.0054444517
29933,0.0015918018
29935,1.6507933e-05
29936,0.0003078458
29939,5.9603797e-05
29941,0.056540553
29956,9.0449634e-05
29957,0.00066540355
29958,0.9996691
29960,0.00021073269
29967,0.00015385274
29971,5.8872087e-05
29982,0.062632464
29983,0.9994143
29984,0.00048202724
29985,5.591797e-05
29987,0.0013882905
29989,0.9998882
29990,0.00057975674
29991,0.00018007864
29995,0.99963284
29997,2.0736286e-05
30003,3.898275e-05
30008,0.0003360275
30014,0.9995334
30020,0.99991524
30024,9.353998e-05
30029,0.00016003168
30032,0.0006206006
30042,0.99979347
30047,0.00016567331
30052,5.5079716e-05
30057,0.9999362
30065,0.0021644742
30072,0.0002857832
30074,7.929555e-05
30075,9.186345e-05
30077,0.00019082609
30081,0.99959
30082,0.14407435
30084,0.99998367
30088,0.9998791
30105,0.2577591
30110,0.9997464
30111,0.00012681464
30113,3.0901232e-05
30117,0.99771214
30124,0.0006175534
30136,0.00012760128
30144,0.0007166731
30149,6.965323e-05
30156,0.99978095
30157,6.877782e-05
30158,0.0009117633
30161,0.00027821606
30164,0.07475703
30165,0.00018173527
30171,0.0005487666
30174,0.9994286
30176,0.9996699
30180,8.928026e-05
30181,8.052474e-05
30190,5.546766e-05
30198,0.99936754
30202,0.00042266495
30220,0.9812899
30223,0.00020763864
30225,0.00016145232
30230,7.509588e-05
30231,0.00035058326
30235,0.9997681
30237,6.601663e-05
30238,0.9997948
30241,0.00034265456
30242,0.00010661709
30245,4.0077106e-05
30248,3.143631e-05
30253,3.0658804e-05
30259,0.954837
30262,0.99984753
30264,0.99982077
30265,7.470989e-05
30267,0.0003620992
30268,0.00046113943
30270,0.00015570389
30274,0.00048113003
30275,0.99975175
30276,7.259082e-05
30277,0.9998567
30283,7.6823315e-05
30291,0.00014358206
30295,3.7265127e-05
30298,8.776171e-05
30310,0.9998982
30311,0.9993567
30320,2.9491406e-05
30323,0.0003380998
30324,0.999705
30328,0.00010920399
30334,0.00013305132
30337,0.00014696886
30339,3.1955864e-05
30341,3.6623784e-05
30346,0.00025777332
30347,4.7553774e-05
30350,0.00019613514
30355,0.99836665
30360,0.0015772232
30366,0.99971765
30367,0.0005260194
30370,0.0008052779
30372,0.0011579313
30373,0.0008805533
30374,0.9985738
30378,0.0005228143
30380,0.99984443
30388,0.009426426
30397,4.902164e-05
30398,6.1205756e-05
30410,5.9085134e-05
30412,0.99951446
30418,3.810416e-05
30422,5.97924e-05
30424,0.9978229
30432,0.0006930983
30439,0.08092229
30440,7.598906e-05
30449,0.0022068112
30451,0.0006013325
30452,0.9997843
30455,0.0011687251
30459,3.6051744e-05
30460,0.999908
30479,6.404443e-05
30483,0.9997298
30484,0.9997272
30489,0.999488
30493,0.00064767536
30500,0.00070148846
30503,4.5576933e-05
30516,0.000117540985
30520,6.168889e-05
30522,0.0003147472
30526,8.5287356e-05
30527,2.8020107e-05
30528,0.00018288344
30537,0.93350714
30545,0.9997956
30549,0.9102963
30551,0.00040087965
30555,4.755482e-05
30558,0.99982977
30560,0.00014424528
30562,0.008144731
30570,0.0031825684
30577,0.090272024
30580,0.0005023987
30582,0.99976057
30583,3.792967e-05
30584,0.0014404922
30588,0.0001070671
30594,0.00014043914
30602,0.00026893785
30603,0.9990109
30610,6.09335e-05
30612,0.9971547
30616,0.99989235
30622,0.00018013394
30623,0.99819994
30624,0.00032940164
30629,0.0008059132
30630,0.9997117
30637,0.0002836653
30643,0.0014650235
30657,0.9234089
30658,0.9998388
30665,5.191641e-05
30668,0.00014831033
30671,8.7618155e-06
30674,0.000118915246
30675,0.9999323
30676,0.00041145587
30682,0.00011066045
30695,8.488936e-05
30696,0.99996626
30697,4.2100375e-05
30699,0.99427927
30701,0.0002588698
30705,0.0006265527
30710,0.99985135
30711,6.089034e-05
30718,0.9999316
30725,4.8163784e-05
30726,0.999577
30727,0.00015580235
30729,0.00011925557
30731,0.99981326
30735,0.99938273
30738,0.00065074797
30740,0.000309752
30743,0.00078900054
30744,8.186513e-05
30749,3.689388e-05
30755,4.1597177e-05
30759,0.2686536
30760,0.00017566749
30762,6.068415e-05
30765,0.0005528187
30766,0.00016588892
30774,0.00014100943
30786,0.00022519164
30787,0.9998318
30795,0.00013182925
30796,4.8994534e-05
30797,0.06186632
30798,0.9673158
30802,2.0487712e-05
30806,0.07230335
30812,0.00011276199
30819,2.8011906e-05
30821,0.18320942
30825,0.00038605498
30831,0.04560111
30832,7.9343125e-05
30833,0.00018591316
30837,3.1067942e-05
30839,0.9998084
30840,9.861996e-05
30842,7.267171e-05
30843,0.00017538616
30844,0.0015547253
30858,0.00023759203
30862,0.9997168
30866,4.854527e-05
30870,4.346971e-05
30871,0.99993646
30875,0.000626513
30876,0.11563168
30885,0.00012949493
30889,0.00037940318
30890,0.00015524357
30896,0.0024167786
30899,0.0010924549
30900,0.00010517973
30906,9.6799486e-05
30907,0.000112570444
30912,0.0010199595
30913,0.000120627315
30914,0.00016951967
30921,0.0009668759
30926,0.00021671237
30928,0.00051002746
30929,0.006219291
30931,0.00021164166
30934,0.00014074493
30940,6.987283e-05
30943,4.7958092e-05
30948,0.99982065
30949,7.072467e-05
30951,0.9999242
30965,0.030186035
30968,0.00020247414
30978,0.051070478
30980,0.0041083684
30983,7.7993136e-05
30986,1.9697181e-05
30987,0.00011224395
30989,7.897234e-05
30990,8.1570026e-05
30991,5.9667087e-05
30995,0.997761
30997,2.9176086e-05
30999,0.00029088074
31002,0.00018854164
31005,0.9998888
31007,0.9997948
31008,0.00010708752
31014,0.9725317
31017,2.4163208e-05
31027,0.00013199364
31029,0.99994814
31030,0.99984753
31031,0.00019173107
31036,0.00011059113
31042,0.0008817842
31046,3.789832e-05
31048,0.00042730608
31051,0.0016106049
31052,0.00052450184
31053,9.935367e-05
31056,0.9654527
31060,2.717395e-05
31062,0.9999496
31064,0.034506522
31070,5.3332817e-05
31073,0.99889416
31077,0.000102863
31081,6.9164365e-05
31085,0.9993874
31093,0.00045694815
31094,0.00035118894
31096,0.001042382
31097,0.0001429099
31102,0.9997197
31103,9.305191e-05
31107,8.186505e-05
31109,5.4850134e-05
31110,0.00070575054
31120,3.817108e-05
31126,0.00016350133
31136,0.00084353925
31138,0.00024880326
31139,0.90121716
31143,6.4577674e-05
31145,0.99977964
31153,0.0009263111
31158,0.0005758733
31162,0.00094406254
31165,0.9998679
31166,0.99982965
31174,0.00011115709
31177,0.00010028094
31179,0.0008212618
31180,0.00013614418
31181,6.478486e-05
31183,0.0012883419
31184,0.00023816606
31187,0.0018454557
31193,2.996307e-05
31197,4.813421e-05
31202,7.7629105e-05
31205,0.9997009
31208,0.017622821
31214,0.0002899225
31217,2.4975949e-05
31224,6.08007e-05
31229,0.0003801566
31242,0.00013513779
31246,0.99993575
31249,4.1485975e-05
31256,0.95890045
31261,0.9997687
31266,9.4981806e-05
31267,0.00022704987
31269,0.99968517
31278,0.00024766487
31281,0.3631557
31282,6.170366e-05
31289,0.00026059855
31290,0.00013287737
31291,0.9998697
31293,0.99985313
31297,0.00017794811
31299,0.0012204092
31300,0.9997882
31303,0.9998958
31304,0.0007273656
31312,5.1309977e-05
31316,7.2863164e-05
31317,0.0005379187
31318,0.00096003356
31323,0.00016945179
31324,0.9999684
31326,6.930136e-05
31335,0.00024549608
31339,0.00060480216
31342,9.852502e-05
31350,5.674518e-05
31351,6.1644896e-05
31352,0.0069490746
31356,0.0001316648
31358,0.0005445827
31365,2.8755172e-05
31368,0.99978465
31374,0.99871814
31376,0.9997913
31377,7.956922e-05
31378,9.807612e-05
31379,9.8810386e-05
31380,0.00041418817
31383,0.9999273
31389,0.9998253
31390,4.6154368e-05
31399,4.435537e-05
31401,6.14787e-05
31404,3.8236696e-05
31407,0.041518737
31410,6.3913925e-05
31411,0.0006953822
31421,8.290283e-05
31423,7.679335e-05
31425,0.00012978271
31426,0.9650634
31433,4.563495e-05
31436,0.0007218121
31438,0.001083406
31440,0.00022179524
31442,0.00013104567
31443,0.9996536
31445,3.1180643e-05
31449,0.00032829118
31463,0.00066210114
31469,0.20111592
31470,0.21331646
31473,9.5324605e-05
31474,0.00038402327
31486,0.00010364565
31490,0.0010307335
31498,6.113815e-05
31502,0.0004843841
31507,0.00021881775
31508,5.3923697e-05
31511,0.9731497
31532,0.9996019
31539,0.0024058393
31540,0.9996809
31545,0.0001881446
31546,9.875133e-05
31547,0.00022103798
31548,0.96674824
31557,0.999881
31565,9.243462e-05
31567,0.0003513545
31570,0.15270919
31572,3.9690145e-05
31578,8.2208324e-05
31588,0.9997632
31607,0.0002182481
31608,0.999845
31609,0.00019664035
31611,0.9999726
31614,0.9996731
31618,0.00021580244
31619,8.6590764e-05
31620,7.504999e-05
31624,0.00042244463
31625,0.0033370433
31628,0.001214992
31632,0.0010274692
31638,0.00035305502
31639,0.9298527
31640,0.8984365
31645,0.99804014
31659,0.00014619021
31666,5.503288e-05
31678,0.001651975
31681,0.00018191713
31684,0.99976236
31686,0.9977653
31688,0.9962787
31692,0.99982196
31696,0.0003567184
31698,0.24089819
31699,0.00040201205
31700,6.4873384e-05
31702,0.0008527214
31707,0.00031144553
31708,0.9999409
31710,0.0014777487
31713,0.0004506312
31718,5.495946e-05
31719,0.00038322457
31720,0.00011859997
31723,0.00034706097
31724,2.4041065e-05
31734,4.3824508e-05
31741,0.00010304924
31749,3.0268011e-05
31751,4.7511938e-05
31754,8.724804e-05
31755,0.00019417297
31757,3.821027e-05
31771,0.000114651615
31772,0.0009462468
31778,0.00019207105
31779,0.99931276
31783,0.00010032685
31789,0.9999393
31792,0.00019303751
31795,0.0032720088
31796,0.0009995188
31803,3.3850505e-05
31814,0.99980694
31819,0.006268049
31821,0.0003358646
31823,0.99868387
31824,7.4147974e-05
31825,6.586691e-05
31826,7.7511344e-05
31829,5.4035554e-05
31835,5.410764e-05
31836,8.810459e-05
31837,0.99961495
31838,0.00012223542
31840,0.99976605
31841,0.00013466197
31844,0.00021043354
31846,0.0002495176
31850,0.043701902
31857,0.000117000534
31866,0.0019516132
31867,0.9999664
31868,0.00010783474
31876,0.00084891194
31878,2.8627534e-05
31883,0.99958664
31886,0.0002634613
31890,0.00036115822
31893,0.99993324
31895,0.9997286
31898,0.00020752821
31905,7.835207e-05
31913,0.9561892
31919,2.6967964e-05
31921,8.1771585e-05
31922,9.71231e-05
31923,0.0006971077
31925,0.00020156459
31931,0.0002457865
31932,0.00065625366
31933,0.9998771
31940,0.039409734
31948,0.00018131988
31953,0.00019839616
31954,0.00043531734
31957,0.00048288773
31959,0.00026510414
31960,9.92374e-05
31961,0.00013383068
31962,0.0015918276
31963,0.00010499044
31966,0.00046694107
31975,0.00015877922
31980,0.99988174
31983,6.1339975e-05
31987,0.97669786
31989,0.999974
31995,4.1257026e-05
32002,0.0006153672
32003,0.00016749073
32005,4.7214246e-05
32007,0.00044287296
32015,0.9999387
32016,0.00012127273
32021,0.00046506897
32035,0.00016808444
32037,4.73955e-05
32044,5.9722362e-05
32050,0.00077373243
32051,0.0005149586
32054,7.434962e-05
32057,0.9996604
32060,0.00013791912
32061,0.99981266
32062,0.007338976
32066,0.0003343452
32071,0.99985945
32073,0.0014436445
32076,2.5368065e-05
32084,0.00059000065
32086,4.309222e-05
32090,0.09129381
32091,0.00031468927
32096,0.99971086
32097,0.0002382192
32099,0.9580385
32103,0.9995067
32107,4.9164668e-05
32109,0.00040573833
32112,9.092336e-05
32115,0.005879009
32116,0.9995315
32117,1.1805127e-05
32120,0.9998691
32127,0.0003857956
32130,7.929101e-05
32131,0.00044659284
32136,8.5535525e-05
32142,0.00020942732
32148,0.0010481398
32152,0.9996747
32154,3.697803e-05
32159,0.00065723323
32166,0.0020258084
32172,0.00051653315
32173,0.00015510923
32176,7.405046e-05
32179,0.9999645
32189,0.88562256
32190,0.0002520192
32194,0.99180216
32200,9.8764234e-05
32201,9.886609e-05
32205,4.0488605e-05
32210,0.00015610407
32216,8.0730875e-05
32224,0.009898638
32226,7.146302e-05
32227,2.9873681e-05
32232,0.97626126
32236,0.00035122375
32239,5.550041e-05
32240,6.8345915e-05
32252,0.001072173
32257,0.003931706
32259,0.0004663895
32280,8.288931e-05
32284,0.23171785
32286,8.663363e-05
32291,0.0005251136
32292,0.99959534
32295,0.9997913
32298,0.0010297234
32310,0.00055149035
32314,0.00029397424
32315,7.9731304e-05
32316,0.9996692
32326,0.9997948
32330,4.041558e-05
32333,0.0021825752
32335,0.0006018058
32344,0.91864824
32345,0.9988626
32348,0.99941254
32349,3.1015814e-05
32351,0.00080420164
32354,9.7759024e-05
32355,0.001766294
32358,0.00028481078
32359,5.5936587e-05
32363,0.0006137219
32366,0.27156752
32380,9.7807504e-05
32385,0.000119460776
32386,9.8606986e-05
32387,0.0004500493
32391,1.3487526e-05
32396,0.000118699085
32397,0.123495154
32399,0.9998622
32401,0.9996873
32405,0.09173368
32414,0.0019470517
32416,0.99988616
32418,0.00025339157
32419,6.0081667e-05
32422,0.9997011
32428,0.0010074322
32434,8.614133e-05
32435,0.999065
32436,8.092101e-05
32438,0.00041562726
32449,0.00014141755
32451,4.7245863e-05
32452,0.9998654
32454,0.99979717
32456,0.00018904785
32457,7.5376306e-06
32469,7.573355e-05
32472,0.00017850127
32474,0.00021868573
32479,0.045317154
32486,0.0002169851
32490,0.0001045362
32505,0.00017701871
32508,0.0037591942
32510,0.00020757926
32512,0.00073797867
32515,0.00035181406
32517,0.9999764
32519,0.00019195642
32523,0.038222563
32535,0.041191224
32540,0.99989164
32544,0.00027457898
32545,0.08737911
32549,3.201666e-05
32550,0.00012499283
32557,0.0003927703
32558,3.97412e-05
32571,5.910103e-05
32577,0.101883136
32580,0.0016947694
32581,0.00038089574
32583,0.9092857
32590,0.0005368973
32600,0.000120199504
32633,0.0013310683
32636,7.982008e-05
32639,0.059622303
32641,0.00033493413
32642,5.1373332e-05
32645,5.09395e-05
32653,0.00089086784
32654,0.0004764028
32655,3.6682122e-05
32656,0.00015752637
32659,0.00046553978
32667,5.9630063e-05
32668,0.00011916861
32674,9.381494e-05
32678,0.99996746
32679,0.00016990335
32680,0.000112313865
32682,0.94980884
32688,0.17351943
32699,0.0496403
32701,0.00047634332
32705,0.9997385
32710,0.946497
32714,9.807537e-05
32715,0.9998568
32720,1.4209145e-05
32723,0.007014319
32727,4.896422e-05
32731,0.00016717911
32734,0.9998785
32739,4.3007527e-05
32744,4.192705e-05
32755,0.009383739
32759,0.00014915559
32761,0.17890447
32763,0.09301676
32764,0.00074465247
32768,0.0001653389
32771,0.99974173
32774,5.0642688e-05
32778,0.0007494443
32802,0.9996371
32803,4.897057e-05
32805,0.0005854434
32808,0.99968433
32809,0.0002612536
32810,0.0004347716
32814,2.764417e-05
32817,0.9997906
32824,0.00010200208
32831,0.9998165
32832,0.00041019774
32838,0.00037324885
32863,0.9998067
32872,0.00011545558
32876,0.9999132
32883,0.9999707
32886,0.00013630382
32888,0.9998716
32889,8.943424e-05
32891,0.00010648297
32895,0.00011617641
32905,8.277233e-05
32921,0.0010678576
32924,4.3005435e-05
32928,0.99997437
32930,0.00013277149
32942,7.0181086e-05
32946,0.00010864353
32947,0.00052715145
32954,0.00012742265
32959,0.0004425347
32967,0.14745115
32978,8.64219e-05
32983,0.9990601
32985,0.99950445
32987,0.00010330219
32989,0.0001772256
32994,0.9999378
32995,0.0029836246
33000,0.99314415
33001,4.4491437e-05
33002,0.9994684
33003,3.1648044e-05
33011,0.00028643187
33013,0.00064695725
33021,0.12736028
33023,0.9995414
33025,8.922519e-05
33032,0.00077006273
33043,0.999464
33046,0.99858284
33049,0.9999788
33054,7.061745e-05
33056,0.0001643239
33063,3.5745892e-05
33065,0.83558214
33069,0.32137433
33073,0.0006081846
33080,0.99993694
33098,3.1184776e-05
33101,0.00024001044
33103,3.2466323e-05
33104,0.00018929188
33105,0.07511175
33106,0.00013678844
33107,0.00015837565
33108,0.000206211
33112,3.0081255e-05
33114,3.911174e-05
33117,0.9996338
33118,4.4910303e-05
33120,8.1232596e-05
33124,4.9177048e-05
33130,3.612105e-05
33136,6.9969385e-05
33137,0.00024855195
33140,8.0794096e-05
33141,0.0008444363
33144,0.00013303381
33152,0.00013594388
33153,0.9997116
33158,7.839362e-05
33161,0.088614546
33163,0.00016653936
33178,0.000115621166
33183,0.19922562
33186,0.0005432692
33188,0.0022097814
33191,0.00015474581
33193,0.99979967
33210,0.00019081445
33215,2.828733e-05
33219,5.2458017e-05
33228,0.09610002
33229,0.0001201343
33233,0.9996592
33234,3.900443e-05
33246,0.99997413
33248,4.6919977e-05
33250,0.000137937
33258,0.00014027678
33263,0.00038426463
33266,0.0009982621
33267,0.00032913606
33274,7.313102e-05
33275,0.00024295565
33298,8.406094e-05
33303,4.225112e-05
33307,3.918383e-05
33311,0.9997762
33314,0.0009329026
33315,5.602237e-05
33322,0.9997974
33324,0.9998615
33335,0.00046998478
33343,0.00036732614
33344,0.9996586
33349,0.00028677206
33354,0.000551236
33356,6.414185e-05
33357,0.0005406069
33365,0.00017412992
33367,0.99986815
33370,0.000105799685
33372,0.9991708
33373,0.11352197
33375,3.8179052e-05
33378,0.00021217769
33381,0.0016546194
33388,3.9777522e-05
33391,3.0110907e-05
33394,0.0011595158
33396,3.0837145e-05
33400,0.9996927
33411,5.9804832e-05
33414,0.00028643076
33419,0.9997962
33420,0.0001155817
33424,0.2800217
33428,0.122298315
33434,9.976379e-05
33436,5.290312e-05
33448,0.00017450223
33449,0.9998294
33457,4.7259964e-05
33471,0.999843
33474,6.215781e-05
33478,0.0005615224
33481,0.00031927053
33487,6.8811416e-05
33488,0.0027039137
33489,9.138892e-05
33491,4.2874646e-05
33496,6.249779e-05
33497,0.9999341
33504,0.1023856
33512,0.0004159047
33517,0.028115593
33518,5.1862175e-05
33524,0.0045968145
33529,0.9999188
33532,0.00020720335
33541,0.0008418734
33542,0.15946187
33546,0.09175909
33550,0.00016547786
33552,0.9997913
33555,0.99976367
33561,0.99985456
33562,5.3677075e-05
33564,0.00038572293
33566,7.386624e-05
33576,5.7445195e-05
33582,0.9995097
33586,0.00038109388
33591,3.9541523e-05
33595,0.00027795226
33596,0.9998568
33601,0.00026459483
33603,0.0045725964
33605,6.556416e-05
33607,0.8893006
33609,0.9998449
33611,0.00043833317
33618,0.00035678028
33619,0.00043925527
33627,0.00048638243
33633,0.00020210286
33637,5.0596736e-05
33638,0.00013994733
33640,0.18256871
33644,0.9570945
33647,0.9500898
33648,0.99994457
33652,0.99987864
33654,7.7902005e-05
33657,6.6278786e-05
33659,2.0930995e-05
33662,0.00062156166
33669,7.326364e-05
33670,4.824671e-05
33682,6.648299e-05
33685,0.9996326
33690,0.0015914828
33704,0.99938107
33715,0.00027736908
33716,0.0015340676
33722,7.4709744e-05
33723,0.00012124394
33733,3.2386386e-05
33737,2.2474134e-05
33739,0.00059522036
33740,0.9640461
33743,5.7789977e-05
33747,0.0010610729
33757,0.0004814053
33766,0.0002374131
33769,0.00039528625
33783,0.9998679
33786,0.9999136
33790,0.9998441
33794,0.9968154
33796,0.9481492
33798,0.99986947
33802,0.9473928
33804,0.045349773
33807,0.9997222
33809,0.0059112874
33810,4.928089e-05
33811,1.6014777e-05
33812,0.0003334186
33821,0.00010146773
33833,0.0010209943
33834,0.17681699
33837,0.0003136933
33838,6.151043e-05
33839,0.0006909875
33843,3.0931365e-05
33848,3.3132164e-05
33849,4.9453243e-05
33854,1.8743809e-05
33856,0.0008357199
33860,0.9990676
33862,7.3770156e-05
33867,0.994766
33869,0.000293877
33875,5.7920897e-05
33876,0.00013787887
33877,4.122832e-05
33879,9.463182e-06
33883,0.99992824
33885,7.268141e-05
33887,0.9997048
33889,0.9998629
33900,0.9996698
33903,7.599935e-05
33905,7.2542585e-05
33908,0.99996877
33912,0.99968266
33915,9.508638e-05
33920,0.9972337
33926,2.8799634e-05
33927,0.010565607
33929,0.18668787
33932,1.8837673e-05
33951,0.0003157173
33965,2.0510017e-05
33971,0.0011790516
33972,3.9518753e-05
33976,5.025268e-05
33980,0.106404446
33982,0.0021718834
33984,0.00012697038
33985,0.00021401953
33991,5.614035e-05
33995,0.00014367615
34001,0.9998242
34007,0.0004259485
34011,0.00010477891
34014,0.00018229567
34017,0.00013631643
34020,0.00015264966
34022,0.9998072
34024,0.0001250101
34025,0.9998417
34027,0.00036043162
34037,0.0003613831
34040,0.9997571
34046,0.9995766
34047,4.2885113e-05
34052,9.4682306e-05
34053,0.00043947683
34055,0.0038715603
34056,9.1093534e-05
34057,0.00045195577
34058,0.0031680972
34059,0.00022761253
34061,0.00015714426
34067,0.00010656596
34070,0.9996494
34075,0.12080889
34077,0.0005217778
34084,0.00024880754
34088,0.9195053
34090,0.00015035206
34095,0.082673565
34096,6.165607e-05
34098,8.5051906e-05
34101,0.0006874671
34102,0.000103346334
34106,5.3722244e-05
34112,5.779841e-05
34115,7.991712e-05
34116,0.00010751399
34117,9.076612e-05
34120,4.329587e-05
34128,6.5333734e-05
34129,0.9993305
34139,0.9997876
34140,9.872563e-05
34150,0.99993014
34152,5.8036734e-05
34155,0.00024102817
34158,7.6563534e-05
34159,0.99985874
34165,0.0001470813
34167,3.8883023e-05
34170,0.9999027
34171,0.99972636
34172,0.9633315
34176,0.001002702
34182,9.946372e-05
34184,0.00030214438
34187,0.00018349373
34191,3.5893252e-05
34195,0.9999443
34198,0.0005288369
34202,0.0008136577
34209,9.0395995e-05
34216,0.00011180842
34219,4.115333e-05
34226,0.00015716658
34227,0.00016365481
34229,0.00011855769
34231,0.99963284
34237,0.00026505638
34242,0.00041242345
34250,8.3534906e-05
34253,0.10627804
34257,1.1339813e-05
34262,0.9998516
34265,0.00020509
34266,3.7987335e-05
34274,0.00230362
34280,0.00015781021
34281,0.0013365829
34283,0.9994267
34296,0.99981123
34300,0.0003133675
34302,9.136336e-06
34307,0.0004656525
34308,0.000366992
34310,0.00056705077
34311,0.0006380469
34314,0.00057703344
34317,3.6786903e-05
34333,0.00065171777
34337,0.000557198
34338,0.0054821544
34341,5.6910358e-05
34342,0.0008106611
34343,7.881285e-05
34345,0.9997526
34346,0.9997017
34351,0.0004727314
34360,4.0741525e-05
34363,0.99985397
34366,0.0009629435
34369,0.99983704
34371,5.010849e-05
34372,0.14299625
34373,7.9154495e-05
34375,0.23505414
34376,3.3064964e-05
34385,0.00020995973
34388,0.9999654
34394,0.95828354
34402,9.2577786e-05
34403,0.9996897
34406,0.00031556716
34408,0.9977997
34410,6.296373e-05
34414,0.99987745
34415,0.00013953452
34416,0.0038495774
34424,0.99918085
34426,0.9998642
34433,0.00023710004
34435,0.9998733
34441,0.9999094
34444,0.99043876
34452,0.0013035137
34453,0.99966896
34455,7.8041645e-05
34456,0.00051100994
34459,0.00022487302
34460,0.0010184966
34466,7.68061e-05
34467,3.7768146e-05
34475,2.1664544e-05
34476,0.0001595476
34481,0.99986243
34494,0.0013569044
34495,0.99942434
34496,6.360669e-05
34498,0.99980384
34500,0.9995647
34502,9.010734e-05
34507,0.00031397186
34508,2.1068474e-05
34510,8.467245e-05
34513,0.00028651571
34516,0.99965703
34519,5.487263e-05
34520,0.9998258
34526,3.1175412e-05
34529,0.99983704
34536,0.00040415637
34539,3.5465764e-05
34542,0.0017458883
34544,0.00023759971
34550,0.9998565
34557,8.9703884e-05
34571,4.5855293e-05
34575,0.9999325
34578,0.00019739967
34586,0.999798
34587,0.9972951
34594,0.00051381666
34597,3.964672e-05
34599,5.8075486e-05
34601,0.00019897945
34611,0.011251689
34614,0.0002943812
34615,0.00029258878
34619,0.92908686
34621,7.21724e-05
34622,0.00015297679
34623,0.9995247
34630,0.00018514541
34643,2.2624834e-05
34646,6.982215e-05
34647,0.00021069874
34652,0.0006070912
34653,3.959416e-05
34654,0.26952368
34655,0.00045215228
34657,0.99992275
34667,7.905387e-05
34670,0.99979
34681,0.0039120205
34682,3.6669637e-05
34684,0.0014194071
34688,0.00019975446
34690,0.99983287
34693,0.00030304157
34705,0.99997866
34715,7.249549e-05
34717,0.00021868468
34718,6.7791385e-05
34719,0.0015197557
34721,2.7268208e-05
34722,7.8113415e-05
34727,0.00011247945
34729,0.00033882385
34730,0.9998517
34731,0.00027470783
34733,0.0002709218
34734,0.9998536
34735,0.0014499796
34736,0.9998265
34738,0.99958545
34743,0.00030060633
34748,0.00012439131
34753,0.99981636
34760,0.00041793202
34765,0.9999192
34769,0.9997645
34773,0.0012725458
34778,0.0021981408
34786,0.99961925
34788,0.99969697
34792,0.0003910767
34794,0.9998274
34810,6.505273e-05
34815,0.9998425
34816,6.011531e-05
34822,5.098407e-05
34824,0.0005864227
34830,0.00010511556
34836,0.9995834
34841,0.00029549247
34845,0.9998623
34848,0.9070809
34849,0.00023552467
34851,0.000181506
34856,0.00010143349
34859,0.006143735
34862,6.625926e-05
34864,0.00019162032
34865,4.838028e-05
34870,0.9995881
34871,0.046247702
34876,4.95152e-05
34886,0.00022160668
34889,0.00010273909
34890,0.001555048
34891,0.0011522406
34895,0.0011277018
34896,0.0002953942
34897,0.00048184232
34903,4.4486602e-05
34908,0.9999572
34909,3.544879e-05
34914,0.9999497
34917,0.00017502847
34924,0.0001394748
34926,0.00083812117
34934,4.906612e-05
34936,0.0017251478
34938,0.0019987337
34941,0.00025195818
34948,0.00070549664
34957,0.99949825
34961,6.766461e-05
34962,0.00014939856
34966,0.99995804
34968,0.0020728863
34969,2.4571722e-05
34974,0.0007763673
34975,0.9995454
34976,0.06616216
34977,2.5572266e-05
34982,0.00027603892
34988,2.9110106e-05
34990,0.99987507
34993,9.484053e-05
35024,0.00034967053
35027,0.000145079
35034,0.000360065
35036,0.00013154508
35051,2.3186085e-05
35053,0.999864
35077,0.0009620787
35080,0.0006061343
35083,0.00010473037
35084,0.0003726665
35091,0.00014090714
35104,0.00018694969
35108,0.00010892962
35117,0.99993
35125,0.0008352789
35128,0.00039382142
35132,0.005385063
35134,0.00016732088
35137,0.999954
35140,4.1917898e-05
35141,4.5966106e-05
35146,0.00013683774
35147,0.9997061
35150,0.00021113515
35153,0.00037179017
35164,0.9997789
35165,0.9999486
35168,0.00029330628
35186,0.99996305
35187,0.07099694
35192,4.095093e-05
35195,0.00012153273
35198,0.00045482573
35205,9.053031e-05
35206,0.99972755
35210,0.0003530476
35214,0.00013085238
35215,8.658135e-05
35219,0.0001422984
35223,0.00028909167
35227,0.99952805
35229,0.99981886
35232,0.0006994768
35234,7.836231e-05
35235,8.7469125e-05
35247,0.99979275
35251,0.22189358
35254,4.9194965e-05
35258,0.00020975045
35260,0.00062679965
35261,0.00056690705
35262,0.04972655
35263,0.00025084527
35264,0.99965143
35265,0.99988914
35270,6.0578397e-05
35272,0.040019605
35283,0.00048482782
35286,0.9996718
35308,0.00027269486
35311,0.9996177
35312,1.0291682e-05
35315,0.9998803
35319,0.008224904
35321,0.9995951
35322,4.4636527e-05
35323,0.03438084
35330,4.6619592e-05
35335,3.7594193e-05
35343,0.0008153438
35345,0.99986386
35347,9.011611e-05
35351,7.7093304e-05
35352,6.138286e-05
35358,0.9997191
35361,0.9637596
35363,0.0018330459
35365,0.0020848438
35368,0.004567373
35370,0.9998661
35372,0.0017935213
35376,0.000149068
35382,8.473182e-05
35385,0.00024212085
35386,0.9990513
35388,0.00025085866
35392,0.00012956459
35397,0.22065529
35401,0.00022694533
35409,1.8425277e-05
35411,0.00061794906
35415,4.219302e-05
35417,8.853968e-05
35420,0.99988735
35422,0.99986446
35434,0.00010448408
35442,0.046406157
35445,0.00023263626
35448,3.944902e-05
35454,0.0011701877
35456,0.9996722
35457,0.00026204414
35464,0.012806467
35467,0.99983907
35468,0.0011879575
35473,0.9985568
35475,7.849775e-05
35484,0.0005114602
35487,2.8224733e-05
35491,0.00053985644
35493,0.17043939
35494,4.1513085e-05
35508,0.97986335
35517,0.9997775
35524,0.00017941144
35525,6.494816e-05
35527,0.00036533448
35528,6.649809e-05
35532,9.215958e-05
35536,0.00012151362
35537,9.205654e-05
35544,0.99987626
35546,0.0015595803
35550,0.00048511257
35561,0.00012807998
35563,0.9999602
35566,0.03614383
35569,0.9995067
35570,0.11737664
35576,0.9998369
35578,0.07311054
35581,0.0023266287
35583,0.00014760226
35587,0.0003993764
35589,0.00043820468
35590,0.9998733
35591,0.9327281
35594,0.00083323306
35595,0.9998561
35600,0.00037166983
35601,0.0026436297
35605,0.00026820882
35606,7.615402e-05
35612,0.00019839841
35613,0.0003268509
35622,0.00010081037
35626,0.00024714592
35633,0.00014125704
35639,0.95671725
35641,0.0005231862
35650,5.312273e-05
35652,0.9998523
35654,0.001342294
35656,0.99970657
35657,9.476766e-05
35660,0.000125222
35664,5.6045086e-05
35667,0.00011721841
35673,0.00022829152
35674,1.3556712e-05
35677,0.00021008251
35678,5.7967587e-05
35682,0.9983333
35683,0.0007158236
35685,0.16273215
35687,0.99977165
35689,0.00013141255
35690,0.00010638249
35692,6.2788764e-05
35701,0.9998129
35702,0.0004598147
35703,2.5055197e-05
35707,0.9998803
35713,5.152602e-05
35716,0.00026043662
35718,5.8569254e-05
35720,0.999711
35721,0.99808574
35727,0.00022709534
35728,0.99945337
35738,0.00023077612
35746,0.9763217
35753,0.0013876488
35754,0.00041001514
35755,0.00066314475
35758,4.782081e-05
35760,9.966966e-05
35767,0.0002698867
35778,0.0003334933
35786,0.00060882315
35796,0.07043162
35811,5.3168595e-05
35814,5.9010526e-05
35816,0.9998877
35824,0.00042962597
35826,0.99993503
35827,0.99950314
35829,0.00017598117
35832,0.00015307426
35837,0.0003794059
35843,0.9521601
35844,4.1203242e-05
35845,0.0005401429
35848,0.0004342294
35861,0.0002793848
35864,0.0003034556
35867,0.00047139698
35870,0.9997197
35874,0.9997987
35877,0.9997938
35879,0.00034026857
35883,9.344183e-05
35901,0.08469947
35902,3.3897442e-05
35905,0.0008250731
35908,1.7667204e-05
35912,0.0006583777
35914,3.197062e-05
35916,0.00013975769
35917,0.99986005
35919,0.997875
35928,4.6864752e-05
35929,0.004862025
35933,0.9998374
35942,0.037823524
35945,9.904878e-05
35955,4.6079076e-05
35962,4.68396e-05
35969,6.215016e-05
35972,0.0015323923
35977,0.000107362874
35986,0.001126494
35988,0.0002738172
35989,0.00040185015
35990,0.9995906
35991,0.00020740574
35996,0.0028332004
36000,0.000117173935
36009,0.9997801
36011,0.00027952334
36012,2.3163497e-05
36013,0.00014603863
36023,0.00026314697
36025,0.0003837287
36026,9.566071e-05
36027,0.99984133
36031,0.9997416
36032,0.0007501417
36041,3.8925802e-05
36043,8.489779e-05
36050,4.2733573e-05
36052,0.9998259
36053,0.00017925104
36061,0.9999523
36066,4.537653e-05
36074,0.99977547
36075,4.4404293e-05
36077,3.4630553e-05
36092,7.227633e-05
36097,0.0011977336
36098,0.00051758735
36099,0.000338552
36101,0.9961528
36104,0.000152174
36107,3.711284e-05
36108,0.99969685
36110,0.0067313625
36111,0.99993217
36113,1.8863004e-05
36117,4.907506e-05
36123,0.9967616
36128,7.436707e-05
36129,4.247477e-05
36131,0.9999801
36140,0.99980134
36142,0.00018131486
36146,0.07328232
36149,7.685753e-05
36151,0.00012228111
36152,0.0001533897
36153,3.195803e-05
36168,9.28608e-05
36178,4.69437e-05
36181,0.0009527108
36186,0.0055345553
36191,0.99988914
36193,0.00010623814
36194,0.0018849729
36197,0.00010228269
36204,4.0338185e-05
36207,6.0070382e-05
36208,0.14103512
36209,0.00040843466
36211,2.285939e-05
36223,0.98508435
36225,9.864178e-05
36232,0.00029887084
36246,5.41303e-05
36250,0.0004765068
36255,8.772231e-05
36262,0.12921827
36264,0.00011759694
36268,0.00013620326
36277,4.330524e-05
36278,3.566363e-05
36296,4.7269114e-05
36300,6.399882e-05
36302,0.00019535574
36305,0.000103168895
36308,3.859395e-05
36311,0.99896634
36314,0.999567
36315,0.0002067877
36316,0.0001437374
36320,0.055312958
36321,8.66661e-05
36327,0.8534561
36329,0.00021149762
36333,0.1706308
36341,7.275443e-05
36346,2.472847e-05
36349,0.00026706312
36352,3.3158718e-05
36355,0.00019003969
36361,0.00039288172
36373,0.0119467145
36374,5.2344283e-05
36376,0.0002882825
36382,0.0006025528
36396,0.00031084276
36398,7.109916e-05
36407,0.99981385
36411,0.9998584
36412,7.71974e-05
36413,0.9999701
36416,5.5136366e-05
36420,0.00018757104
36423,0.00045739723
36447,1.6972179e-05
36449,4.1783358e-05
36451,0.00010978492
36454,0.99322355
36459,2.9842135e-05
36460,0.00017562429
36461,0.9999285
36471,3.162279e-05
36472,0.013188838
36477,0.9997323
36481,0.00016401504
36487,0.000297392
36490,0.0007572287
36491,3.3047596e-05
36498,0.9996363
36504,4.3834287e-05
36510,0.00021487073
36517,0.0013301667
36520,6.9808564e-05
36522,0.00053814973
36526,0.00084617455
36530,0.00021040706
36535,3.9340746e-05
36537,0.9998275
36539,0.9980355
36541,0.99987674
36544,0.0005256189
36546,0.99978024
36547,0.00015807798
36553,0.00012569562
36555,0.00013086398
36560,0.9996903
36565,4.3075826e-05
36570,7.308661e-05
36572,0.13095309
36574,0.0003206215
36583,0.99987054
36589,9.72406e-05
36590,0.00038222977
36597,6.352619e-05
36606,8.6902364e-05
36607,0.00012462556
36608,9.8026285e-05
36614,6.9035144e-05
36618,0.0007003756
36619,0.00018666718
36627,0.99988556
36630,6.550261e-05
36634,0.9996867
36641,0.999102
36645,0.00013978062
36646,0.00034340148
36653,0.00012103831
36656,0.0009359399
36658,0.00014221703
36661,0.00015191492
36669,7.392706e-05
36672,0.9997774
36673,6.7995716e-05
36680,0.00048657044
36683,0.9993474
36684,0.0002302394
36689,0.000658812
36696,0.9967912
36699,0.9996172
36705,0.0003924821
36706,7.0884016e-05
36713,0.0004954996
36716,0.00032539302
36717,0.0010612907
36721,0.99977297
36729,0.9998658
36730,4.8410275e-05
36739,0.00015709961
36740,0.999617
36742,0.0014274401
36749,0.00011555735
36752,8.52989e-05
36753,0.00017826688
36754,2.796965e-05
36755,0.0012649574
36758,0.00027770697
36760,0.00010599488
36766,5.9421167e-05
36768,8.087519e-05
36769,0.0003894362
36770,0.99970406
36787,6.525409e-05
36792,0.00075753545
36793,7.722648e-05
36795,0.0001287488
36797,0.13105994
36801,0.0001235395
36802,0.000108713466
36805,0.00021647531
36812,5.8526206e-05
36817,0.0018965338
36819,0.00073426665
36821,0.9999418
36822,0.00031991498
36829,2.9894829e-05
36835,0.00049135124
36836,0.99965906
36838,2.759913e-05
36843,0.96348
36845,0.0002959399
36846,4.8468206e-05
36849,6.450123e-05
36850,5.2620253e-05
36851,0.99990714
36854,3.3248358e-05
36858,0.99976057
36871,0.00010282828
36874,0.00041716997
36876,0.00021185365
36883,3.8954728e-05
36888,0.99880016
36895,0.99952507
36899,3.5696634e-05
36905,5.3553802e-05
36911,0.000110075394
36914,0.99980503
36916,0.00036324534
36918,6.0157407e-05
36924,0.00014531879
36927,0.99962306
36930,0.9998611
36932,0.999728
36934,0.99971205
36938,3.9220467e-05
36942,0.00011260834
36943,0.12686831
36954,2.8075421e-05
36961,0.0018300009
36963,6.427528e-05
36964,0.00079136
36966,3.4390276e-05
36969,4.118285e-05
36974,0.0007427304
36977,0.000319182
36990,6.504807e-05
36993,8.180699e-05
36994,0.00012532581
36997,0.00010955767
36999,0.00024908263
37004,0.00046918262
37009,0.000111704845
37014,0.99878377
37017,0.029355856
37018,0.000576072
37022,2.9790866e-05
37028,4.340083e-05
37032,3.1131232e-05
37034,0.00035837272
37038,0.00042168138
37039,8.658448e-05
37045,0.00027684463
37048,0.00036022929
37050,7.6546385e-05
37053,0.0010136174
37054,0.99977916
37055,3.0488096e-05
37056,0.00011973746
37059,7.247744e-05
37063,9.514688e-05
37065,0.0012431791
37068,2.6959504e-05
37072,0.0005238571
37083,0.0009455267
37088,0.3175359
37090,4.5543216e-05
37093,0.99979824
37096,7.074248e-05
37100,3.9899816e-05
37102,0.0001395924
37107,0.0010900514
37108,0.9997794
37118,0.0009102026
37120,9.0774e-05
37122,2.7069818e-05
37128,0.00011370885
37129,0.9999286
37143,0.00023796405
37146,0.05135193
37155,0.0010647243
37156,0.9999244
37162,0.00096685754
37166,0.1674886
37169,0.0008454625
37171,0.9993012
37178,0.00010056516
37183,3.265608e-05
37185,0.002422628
37195,0.0003906009
37197,0.9997423
37200,0.0012465115
37205,3.2286353e-05
37206,0.9997428
37208,0.00025512048
37212,0.0010083652
37217,0.00024118426
37219,3.1762513e-05
37221,7.167719e-05
37222,3.2448806e-05
37227,8.8998226e-05
37237,2.5534518e-05
37238,6.0662394e-05
37255,3.3639975e-05
37259,0.00011747868
37260,0.0013720603
37261,9.855632e-05
37263,9.690376e-05
37267,0.00014914977
37270,5.357025e-05
37273,6.9132446e-05
37275,0.9999275
37278,0.99976546
37279,0.0627342
37283,5.5193967e-05
37286,0.22119445
37288,2.8252687e-05
37289,0.00011844718
37290,0.00056898117
37292,0.00025361637
37307,0.0011588582
37313,0.99967885
37316,7.295995e-05
37318,0.00029256087
37319,0.00013070996
37321,0.00026278794
37322,9.876263e-05
37333,4.128663e-05
37343,0.9994628
37344,0.9997869
37346,6.972906e-05
37355,0.0016003257
37362,0.00017472917
37363,0.9998241
37365,0.99985933
37371,0.00037070434
37386,0.00016473807
37388,0.00018259019
37389,0.9999701
37393,7.1950984e-05
37397,0.9997255
37398,0.00016045492
37400,4.177603e-05
37401,0.00018498483
37402,4.533185e-05
37404,0.9999348
37405,4.8640777e-05
37407,8.958327e-05
37418,5.379206e-05
37420,0.0001272773
37421,0.9999474
37422,0.00072083663
37429,0.0001837427
37432,7.4686024e-05
37439,0.99954176
37443,0.0009755995
37446,0.91422266
37455,0.00016815786
37460,0.0011150918
37463,0.00024871386
37467,4.6585596e-05
37468,5.7737867e-05
37470,0.00042123522
37471,0.9998056
37476,0.9997452
37481,0.00019433486
37482,3.692415e-05
37483,0.00037090178
37487,0.000111043206
37493,5.8892747e-05
37494,0.9998976
37501,0.99987006
37505,2.7163975e-05
37519,0.14182219
37522,5.445461e-05
37525,0.000166295
37541,0.9985098
37544,0.002358654
37546,3.304334e-05
37553,0.00038420365
37554,0.1236574
37563,0.0011221034
37568,3.325283e-05
37571,0.96557426
37573,0.04184627
37574,4.498879e-05
37579,0.000858476
37582,0.0011116291
37583,0.0005871069
37594,0.0004983371
37597,0.00017979195
37602,0.99974626
37608,0.0002762996
37609,0.00054110645
37610,0.00014564036
37614,0.001166849
37615,0.0008814839
37616,2.76862e-05
37619,0.0007518127
37622,0.0008832167
37643,0.00011014921
37646,0.99951506
37648,0.00010748703
37650,0.0012918666
37651,0.00014242384
37656,0.00059814804
37661,0.00015468709
37668,0.9998635
37669,4.2294578e-05
37674,0.00036514504
37675,0.00011355552
37677,2.2592903e-05
37678,0.00032345776
37679,0.00031165106
37680,0.0003911203
37692,0.00030617215
37698,0.00033544283
37699,0.002315925
37703,0.0024829367
37705,3.068633e-05
37710,0.99962604
37713,0.00044381878
37716,0.000425721
37719,4.4109915e-05
37728,0.0005201852
37729,0.99968684
37731,0.00027111868
37732,0.0002001325
37735,0.9997147
37736,0.0034211152
37739,0.000105948195
37741,0.999666
37752,0.00033966365
37760,0.00045526362
37767,0.00010233878
37773,0.99966824
37774,7.886616e-05
37776,0.0001098664
37779,4.0884246e-05
37780,0.9996716
37781,0.0004422149
37782,3.7716716e-05
37785,0.0010855617
37786,0.0006667979
37787,0.97474426
37789,0.99990475
37790,0.9983524
37801,0.08222071
37804,3.275867e-05
37806,0.00043824647
37812,7.034202e-05
37818,0.9995104
37824,0.00044365975
37827,5.612954e-05
37835,0.00013329297
37836,0.00061551767
37851,1.2663568e-05
37852,0.9998398
37853,6.8279995e-05
37855,0.00010219758
37859,0.00020081183
37863,4.841346e-05
37866,0.9999839
37872,0.0007937215
37873,0.0006961792
37874,0.9999274
37876,5.1332496e-05
37884,6.0494633e-05
37890,6.325929e-05
37891,0.9997733
37894,0.00044577578
37900,0.00028113043
37901,0.9997366
37902,0.0010242977
37903,0.00034506235
37909,2.7980323e-05
37914,5.311761e-05
37915,0.9997454
37919,0.0003756362
37920,7.671058e-05
37923,0.99991167
37924,5.6590627e-05
37930,0.00014931482
37936,0.99984837
37937,0.9993679
37940,0.9994388
37944,0.00027036289
37956,0.99949026
37959,9.4974566e-05
37964,7.7028126e-05
37966,0.9998696
37969,1.5462138e-05
37979,0.00024930667
37981,6.328288e-05
37983,0.00054660125
37988,5.600913e-05
37991,0.00012984424
37995,0.9997757
37996,2.133787e-05
37998,4.313757e-05
37999,0.00062228565
38001,5.0618066e-05
38002,0.00052285136
38007,0.996653
38011,0.00032978653
38016,7.45025e-05
38017,5.2629286e-05
38020,2.8343362e-05
38027,7.061509e-05
38029,4.5531622e-05
38033,0.99991393
38036,4.0134015e-05
38053,0.00010005055
38055,0.99982786
38060,0.9998946
38062,9.754066e-05
38064,0.0001624592
38076,7.388992e-05
38082,0.0008244837
38086,4.265243e-05
38093,0.9998851
38095,7.390408e-05
38097,0.99916685
38099,0.00012673873
38102,5.1599436e-05
38108,0.000940493
38111,0.0011155391
38114,6.8815025e-05
38116,0.0002274841
38117,0.0020658427
38120,0.0001943912
38124,0.00011845723
38135,4.1897434e-05
38145,0.9996686
38149,0.9140924
38150,5.3900818e-05
38152,3.849078e-05
38153,0.9998679
38158,0.9975975
38161,0.9996371
38178,0.99981374
38179,4.2591666e-05
38187,6.991496e-05
38192,0.001046625
38195,0.00019150342
38198,0.9996145
38199,0.00034187696
38204,0.0001218163
38206,0.99986744
38217,5.7135538e-05
38220,0.0010955088
38221,0.9993654
38230,0.0008587181
38234,0.11064809
38244,0.999681
38246,0.00081780384
38256,0.07558804
38259,0.00031868665
38261,9.346009e-05
38263,0.00026202915
38269,0.000139526
38275,0.98629516
38277,6.0498725e-05
38279,0.99987376
38280,0.00013218433
38284,7.968182e-05
38287,6.966831e-05
38291,0.00011866639
38292,0.23143123
38293,0.99932206
38301,0.9997515
38302,0.00018942605
38306,0.0005190137
38307,0.9998859
38312,7.691663e-05
38315,0.00020039316
38319,0.00044182662
38326,0.9694355
38327,4.6408677e-05
38329,3.0215208e-05
38343,0.00014736543
38344,0.00063748093
38347,0.008601341
38353,0.00037466898
38356,0.00025293053
38357,0.00010415839
38361,0.101920456
38362,0.28345913
38368,0.00011513181
38369,0.00084410777
38371,0.001079414
38374,0.00026970508
38375,8.304438e-05
38377,0.00021069493
38378,0.9998646
38380,2.334962e-05
38384,0.00014553471
38387,0.99729663
38390,4.588587e-05
38391,0.00015124457
38392,0.031995393
38408,4.897132e-05
38410,0.99831736
38423,0.10253489
38425,0.00038301878
38426,0.0008738188
38428,2.3953575e-05
38431,0.99961627
38432,0.0036277575
38434,2.0751264e-05
38435,0.00038204747
38436,0.999826
38438,0.091530114
38439,0.0003531412
38440,0.00012653718
38445,4.5055724e-05
38447,0.0015845892
38456,0.00010781469
38463,0.99996316
38475,3.827223e-05
38479,0.087013885
38480,3.204418e-05
38484,0.9998964
38486,0.00022689383
38487,2.7131922e-05
38497,0.00010860934
38499,0.9339061
38501,0.00013030862
38502,2.4687895e-05
38507,0.9998503
38512,3.1001826e-05
38517,8.7362765e-05
38527,0.0006991033
38530,5.388489e-05
38532,0.000120624674
38533,3.320555e-05
38535,0.9999049
38540,0.0004983444
38541,1.8001021e-05
38547,9.732381e-05
38555,0.9996884
38561,0.00017836635
38562,0.00010787218
38563,4.423722e-05
38564,0.00015076264
38565,6.006357e-05
38566,0.9994456
38570,0.00011168524
38580,0.0001220052
38583,0.9998623
38585,0.0012086205
38586,5.9518883e-05
38587,7.183868e-05
38593,3.0155103e-05
38594,0.0010663951
38597,0.00017931174
38598,1.9466965e-05
38600,0.0013739341
38604,0.001187591
38607,2.884892e-05
38608,6.50994e-05
38610,4.390189e-05
38617,0.00037425576
38621,0.0035003116
38625,0.00019630577
38630,7.001377e-05
38637,0.00037594396
38649,0.00043219392
38653,6.5851455e-05
38656,0.9999238
38662,0.999694
38666,0.00026529428
38669,0.027633308
38675,2.7096603e-05
38680,0.15940875
38686,0.0007993882
38687,0.9999076
38689,0.0006265312
38690,0.9592396
38692,0.00039399005
38710,0.9996201
38712,0.99966156
38719,0.99951136
38726,0.00020534064
38732,4.7823087e-05
38742,0.0007558748
38743,0.99996126
38744,0.00075016596
38749,0.0005522678
38754,4.2372412e-05
38758,0.9998859
38759,0.00013377186
38761,0.00027055474
38765,0.00025227666
38766,0.00034350462
38767,5.8126407e-05
38773,0.9995697
38775,0.9997098
38778,0.002704647
38781,0.00012351724
38784,8.616088e-05
38787,0.00016006417
38789,0.0061826273
38795,0.0008164887
38797,0.00072213344
38798,0.00012713418
38801,0.0011342505
38803,6.5684006e-05
38809,0.9999187
38811,0.00026928523
38812,0.00033072734
38814,0.00031260747
38822,0.97985935
38831,0.00021916354
38836,0.00043797295
38837,0.00017276534
38840,0.9997483
38841,7.900361e-05
38843,0.99981016
38844,0.9988881
38846,0.99977666
38848,2.1271087e-05
38851,5.278555e-05
38853,0.99976295
38855,0.00010097297
38864,0.00014356003
38870,0.00021230153
38871,0.04047562
38874,0.9998572
38880,6.064417e-05
38882,7.2056515e-05
38891,0.00014774743
38896,0.00041310812
38899,0.000104987244
38901,0.00025991743
38903,0.00067241595
38904,0.99986947
38910,0.0012045158
38915,0.9997423
38918,0.00048076262
38923,0.00016620955
38925,0.0068924376
38930,0.99995935
38936,8.063969e-05
38938,0.00013173386
38940,0.9948997
38943,0.0017657989
38945,0.92547286
38947,2.060398e-05
38950,2.3726294e-05
38956,0.0010647232
38957,0.00027055913
38971,0.043525856
38972,0.00027640682
38979,0.0031437967
38985,0.000331146
38989,5.017893e-05
38992,0.993022
38999,0.00014763279
39001,0.9685628
39002,0.00018061344
39003,4.0600964e-05
39008,0.00053637126
39009,0.9997937
39014,0.10775346
39018,0.9999217
39019,7.378163e-05
39021,0.9991033
39024,0.9823868
39028,0.00022693104
39029,0.00047880565
39031,7.9946e-05
39035,8.618981e-05
39037,0.0003301565
39040,3.5238103e-05
39054,0.00064798194
39064,0.99954104
39065,6.111984e-05
39069,0.13216446
39073,0.0002994396
39078,2.2474605e-05
39083,6.3315536e-05
39084,2.7503462e-05
39085,2.796725e-05
39089,0.00030334914
39090,8.803866e-05
39094,0.0002087266
39097,0.00019323529
39099,0.9993247
39102,0.00017385899
39103,0.9993432
39105,0.00033101343
39106,4.3837255e-05
39111,0.99536234
39112,1.888644e-05
39113,0.99990046
39117,0.15505195
39123,0.00075364724
39124,9.5487376e-05
39130,0.13018543
39133,0.00065054273
39135,0.12567426
39140,3.6580535e-05
39144,0.0002718105
39145,7.597689e-05
39151,0.0010478247
39155,8.0126505e-05
39166,0.00016139583
39167,0.9984666
39174,4.7793455e-05
39176,0.00051450863
39179,0.00017374547
39180,0.0005767923
39181,0.0001672901
39184,0.999943
39185,0.11447053
39186,8.224447e-05
39190,8.821766e-05
39196,0.9998541
39199,0.00019818232
39205,0.9993881
39207,0.9681512
39212,0.00040339812
39215,0.00036085345
39216,8.952511e-05
39219,0.0001103519
39221,0.9999199
39225,0.00040621395
39227,0.00013944834
39229,0.9999095
39230,0.0001184918
39231,0.17115523
39233,0.00010631739
39235,0.0004449628
39237,0.99971956
39246,5.9026228e-05
39247,0.00041067527
39248,0.9998554
39249,4.484769e-05
39254,0.00027985
39257,0.0001527232
39260,0.99987936
39265,0.05748262
39270,0.99971706
39272,0.20152049
39274,0.10680932
39282,0.00088151795
39287,0.999949
39289,0.0003051359
39290,5.0943876e-05
39305,0.99956626
39309,0.0005498032
39318,0.99992144
39320,3.325321e-05
39325,0.0002843089
39327,0.16539487
39328,0.00012425226
39329,0.99974126
39333,9.346758e-05
39336,0.00029867573
39338,0.00017917517
39339,0.0027946995
39340,0.9998154
39341,7.905575e-05
39344,0.9998573
39345,0.0003504725
39355,0.00022700851
39356,8.802166e-06
39357,4.1101008e-05
39359,0.006479021
39361,9.088764e-05
39362,5.175225e-05
39367,7.633826e-05
39372,0.9996648
39373,0.0001342211
39377,0.0013193638
39385,0.99980754
39386,4.4637847e-05
39393,7.278892e-05
39396,1.2484599e-05
39406,0.0011416711
39408,0.00020701674
39411,0.0001021815
39412,0.99997103
39413,0.99993455
39415,4.408048e-05
39418,8.353514e-05
39429,0.99996936
39433,2.0935106e-05
39435,2.4353065e-05
39441,0.00019500343
39453,7.704979e-05
39466,0.00078460993
39480,0.99990106
39505,0.9995633
39507,6.2780266e-05
39519,0.00011112115
39522,5.646061e-05
39540,2.4214463e-05
39552,0.00067965407
39554,6.37283e-05
39555,0.99893075
39561,0.0001045698
39569,6.531486e-05
39571,0.0014122784
39573,0.00039388976
39575,0.00021372059
39579,0.0006305823
39582,0.00307625
39588,5.905094e-05
39591,0.8644689
39595,0.00022398263
39600,8.9710215e-05
39605,0.00013834072
39608,0.99978477
39614,0.00054060435
39621,9.6510994e-05
39624,0.9998853
39625,5.0081457e-05
39628,0.00028330908
39629,6.714409e-05
39631,3.374456e-05
39632,0.9996772
39636,0.00035798177
39639,0.00022838013
39641,4.603915e-05
39649,0.039473977
39651,0.0002461662
39657,0.00066314696
39671,0.000114141316
39672,5.4972297e-05
39676,0.00010231088
39679,0.999866
39683,3.741215e-05
39686,0.00026005573
39688,0.9983449
39693,2.1935974e-05
39694,0.00018703009
39698,0.00012799427
39699,0.0026170549
39702,0.99975306
39703,0.99967766
39707,0.0003914176
39710,0.988597
39712,0.00028244872
39716,0.0005481351
39717,0.0028730757
39718,0.9999182
39719,9.08515e-05
39730,0.00034874718
39731,0.0004719671
39734,0.0001367364
39737,0.0001247479
39740,3.8522692e-05
39744,5.3821204e-05
39746,0.00071276
39747,8.156582e-05
39752,9.939536e-05
39762,7.3211795e-06
39764,0.24465536
39768,0.0001085851
39770,2.465618e-05
39772,0.99996877
39775,0.9997181
39784,0.15036438
39785,0.9997981
39790,3.8742597e-05
39792,0.0006550258
39793,0.9997533
39797,4.206855e-05
39798,0.9197416
39799,7.5052856e-05
39806,2.7366055e-05
39807,2.0680853e-05
39815,0.000107080166
39820,0.00011938801
39831,0.00016703492
39832,9.435189e-05
39837,0.00019221338
39838,0.00036162522
39841,0.00012120139
39843,0.00011306897
39844,0.00089852524
39848,0.0042114225
39856,2.6808393e-05
39859,6.197273e-05
39860,0.9997583
39862,0.0009942017
39865,4.5216144e-05
39869,0.00045517462
39892,0.00018892369
39897,6.539076e-05
39899,0.00031393324
39904,0.00013410763
39917,0.00015716374
39939,0.015853118
39943,0.00015801724
39945,0.00039046243
39946,0.0005581431
39949,4.265235e-05
39950,0.0012936249
39956,3.5684552e-05
39957,9.983088e-05
39963,0.0003741862
39966,8.3091196e-05
39973,6.510784e-05
39975,2.6486601e-05
39980,0.0005050154
39981,0.00023534823
39982,0.00031089995
39985,0.9997464
39987,0.98136085
39989,0.999746
39996,0.9998609
40004,0.00033932022
40009,8.554393e-05
40016,0.00095700443
40017,0.99997616
40019,0.00010823435
40025,0.00024272388
40028,0.00029764557
40030,0.9961605
40032,0.99995816
40033,2.978294e-05
40037,0.000119034594
40038,0.00017802822
40043,8.436417e-05
40052,0.9998938
40061,0.00041732413
40062,0.0003949751
40075,8.7470544e-05
40076,6.552359e-05
40088,0.99987125
40095,0.00013303192
40097,5.971764e-05
40100,0.00012530465
40110,5.4556593e-05
40113,2.9638271e-05
40116,0.99979955
40120,2.6535523e-05
40122,0.99983466
40123,4.639261e-05
40124,2.6219106e-05
40134,8.090172e-05
40135,2.4944315e-05
40138,0.0008703164
40141,0.0001411426
40142,0.0003731414
40148,0.00014789205
40151,0.00034698372
40163,4.8581856e-05
40165,0.0006104995
40170,0.0004392944
40171,0.00033669526
40175,2.684618e-05
40179,0.00069855945
40181,0.9997032
40185,0.00018988899
40197,0.00040900192
40202,0.0003800182
40206,0.00051767816
40210,8.382129e-05
40215,0.99989307
40216,7.961081e-05
40225,0.0009556959
40229,0.04916968
40232,0.00030150643
40264,0.000107027496
40265,0.99959284
40267,1.7034006e-05
40269,0.0002456738
40272,8.8910514e-05
40281,0.0006543822
40286,4.3836753e-05
40291,0.0001521035
40292,0.00040171613
40298,0.00037623523
40310,0.9999783
40324,6.7584e-05
40328,0.00017046432
40329,1.8791292e-05
40332,0.0005208421
40337,0.999969
40338,3.6650687e-05
40345,0.0002909864
40351,0.00020011514
40353,7.7281446e-05
40356,0.99957556
40363,0.00014346848
40366,4.1543302e-05
40374,0.00010059566
40375,0.00047213538
40388,0.00015404283
40395,0.0001431045
40397,0.9998462
40399,0.00083243795
40408,8.0946105e-05
40410,5.673868e-05
40412,7.505779e-05
40426,6.880984e-05
40427,0.0012176951
40436,0.00026174774
40437,0.18189527
40440,0.99958175
40445,0.94819015
40447,3.739767e-05
40450,6.260683e-05
40452,0.20629366
40454,2.7436636e-05
40461,0.00012128313
40462,0.20389064
40472,0.028088689
40485,0.00065765524
40490,0.99973744
40493,0.9994673
40499,5.083148e-05
40504,0.000274535
40512,0.000116452684
40517,0.99980026
40528,0.0003959464
40535,8.371432e-05
40545,0.00017545959
40548,0.99931276
40554,0.00012838788
40565,5.2829007e-05
40571,0.038049567
40572,8.1507584e-05
40576,7.2763105e-05
40581,0.00016929916
40583,0.00014303137
40592,0.9997727
40596,4.7219197e-05
40597,3.6152687e-05
40600,0.000119359436
40601,0.9999225
40603,0.00032240176
40604,7.121811e-05
40608,0.00016931548
40617,7.0263784e-05
40620,6.556253e-05
40631,5.0203773e-05
40632,8.5880594e-05
40640,0.99983406
40642,0.0008054801
40644,0.9999435
40646,3.1670927e-05
40658,0.0007466136
40663,4.6892696e-05
40666,0.99447966
40667,8.726193e-05
40670,5.6479676e-05
40673,3.5219826e-05
40681,0.00017664305
40694,0.00023722305
40699,0.000684689
40701,0.00011386292
40705,0.9997253
40706,6.915882e-05
40710,0.0003512358
40711,0.9950388
40715,0.9995801
40718,3.5721598e-05
40725,0.00034425108
40729,0.99968445
40731,0.0002789568
40735,0.99968004
40741,2.6015963e-05
40743,0.00010221785
40751,0.0002288839
40752,0.00026165842
40753,2.3128423e-05
40754,0.0003575667
40756,6.302164e-05
40765,0.00046694686
40768,3.0834144e-05
40775,0.00023432341
40780,0.9995958
40782,0.00015465332
40791,5.5945442e-05
40794,0.00032677953
40796,0.00014495841
40805,0.14338991
40815,0.00041679633
40819,0.9994636
40821,9.3912946e-05
40822,0.99974555
40825,9.291706e-05
40827,0.0024399653
40831,0.07924504
40843,0.99984264
40849,0.00061129284
40864,9.201363e-05
40865,0.000382034
40866,6.384923e-05
40867,0.16795242
40873,0.00024423396
40878,0.9999155
40879,6.810649e-05
40882,7.344132e-05
40885,6.4396816e-05
40892,0.0001578954
40894,0.00020107202
40895,4.0253795e-05
40899,0.99956506
40901,0.00019703711
40911,0.9999465
40913,0.97781724
40919,0.9999112
40924,0.0029692634
40925,0.0005098731
40926,0.000286672
40930,0.9997862
40937,0.99995565
40938,0.00041665294
40945,0.00012158675
40954,0.00039724188
40956,0.000101347825
40959,0.00017580642
40963,0.0001067812
40969,0.00039580153
40970,0.0032346454
40976,0.00015359023
40982,0.06191681
40986,7.566252e-05
41006,0.00041648437
41008,5.8282647e-05
41009,0.9998553
41013,0.001489221
41019,0.00041028258
41025,0.00042106683
41031,4.0497795e-05
41032,0.00010919742
41033,0.0007728243
41037,6.4363354e-05
41040,0.0022873115
41044,7.513485e-05
41045,0.00020287726
41048,0.0002150765
41055,0.0013727589
41057,0.00010621241
41058,0.9997789
41062,9.3432376e-05
41069,5.7946312e-05
41070,5.5218552e-05
41072,0.08223765
41074,0.00068861427
41077,0.00041610716
41080,0.000102402824
41082,0.0005893995
41084,3.9973744e-05
41087,0.9996414
41088,0.0006749443
41095,0.00039266812
41096,0.0024015184
41101,0.99977356
41102,0.00017785278
41106,0.18121353
41111,0.0001977395
41117,0.0012489413
41124,8.605135e-05
41127,7.512131e-05
41135,7.214865e-05
41138,5.8793594e-05
41139,7.0400005e-05
41143,6.029605e-05
41144,5.787601e-05
41153,8.2061626e-05
41165,0.19274224
41166,0.9998627
41172,0.99990153
41176,0.001508066
41177,3.357239e-05
41186,3.9130653e-05
41187,4.2755095e-05
41191,1.9773688e-05
41196,0.9999622
41197,1.4010109e-05
41209,0.0001709339
41213,0.99962795
41216,0.00022057563
41218,0.999592
41220,0.00011504972
41221,0.0006389819
41223,0.00074566825
41224,0.12762666
41235,0.9995821
41239,0.0008154025
41242,0.0001690169
41244,6.619894e-05
41245,0.0001455003
41246,6.256195e-05
41250,0.0005330228
41251,0.00012188729
41252,0.9664522
41254,0.00015529791
41256,0.99944633
41257,0.35092628
41261,0.003976158
41268,3.7235925e-05
41270,0.9122963
41272,0.00025956923
41276,8.819613e-05
41278,2.2731456e-05
41279,3.0502055e-05
41281,0.0002343947
41284,0.00055012957
41285,0.00015372428
41287,0.00083033973
41289,0.00010007289
41291,0.00022424442
41292,0.9996294
41295,0.00015324148
41299,0.97371155
41306,0.9203905
41313,0.0002262861
41315,0.0011945196
41317,0.0016711289
41318,0.9985251
41325,0.00010701392
41331,0.99986434
41332,0.00028045313
41335,0.000405777
41341,0.00059204036
41345,6.738238e-05
41352,0.00019705064
41358,0.99880064
41359,0.0006789105
41365,0.00023710479
41375,0.00025737795
41388,0.00032935294
41399,4.324586e-05
41402,0.0005690392
41413,8.142081e-05
41414,0.18543305
41416,0.99977165
41423,0.99991333
41425,0.00023695383
41427,0.0008231916
41429,0.00083186774
41430,0.00013972199
41432,0.00033972127
41439,8.297575e-05
41440,0.0836506
41445,0.00026715148
41449,0.00048937474
41451,0.0011535821
41453,0.00058924983
41460,0.9998642
41467,2.8375762e-05
41468,0.0001387
41469,0.0011609652
41475,3.0257423e-05
41480,0.0009482793
41488,0.9999114
41492,0.9510661
41499,0.99986434
41501,0.9629356
41503,0.00013606461
41510,0.98312634
41511,8.9545945e-05
41518,0.9999708
41524,0.00024665156
41527,0.0004062928
41530,0.00034526453
41540,0.99994266
41541,0.0001052332
41546,0.0013761931
41554,0.0008275384
41555,0.00012662687
41559,0.9997104
41573,0.00033333534
41577,0.99943966
41583,0.00055326277
41584,0.28161556
41587,0.00049159746
41591,3.6505437e-05
41596,4.3782067e-05
41600,0.00019073623
41601,5.0412316e-05
41614,9.955301e-05
41617,4.1482097e-05
41631,2.833585e-05
41634,0.9999305
41644,0.00023934797
41647,6.610974e-05
41655,0.0002734225
41661,0.0002970542
41666,0.99993134
41668,0.00017759639
41669,0.99989843
41677,3.5210927e-05
41682,0.00043838666
41683,0.001495978
41685,0.99974734
41693,0.9996106
41695,0.9998765
41698,0.06963452
41706,0.9998902
41707,0.006228449
41712,0.036192857
41715,0.11676704
41723,1.9579737e-05
41726,0.00032922832
41728,0.0003230137
41735,4.4539156e-05
41738,0.00028895502
41742,0.00020729107
41756,0.9996948
41757,0.00013963754
41760,4.0565283e-05
41761,8.430611e-05
41763,3.6215075e-05
41769,0.00017206435
41771,0.00010225548
41772,4.323196e-05
41776,0.99988043
41778,1.8227682e-05
41785,0.00061111664
41787,3.4839173e-05
41790,0.00036976283
41797,0.9997187
41798,7.2694165e-05
41801,7.09398e-05
41802,0.99905795
41805,0.9996542
41811,0.00036916582
41816,8.1575316e-05
41818,0.122522645
41831,0.0004576044
41834,0.043246474
41839,0.00023178387
41847,0.9996012
41850,0.002712108
41852,4.9894497e-05
41853,0.000347849
41855,0.00024536386
41859,6.606147e-05
41871,8.356422e-05
41875,0.99974996
41885,0.9999614
41898,5.303779e-05
41901,6.810818e-05
41903,0.9999603
41904,0.9769092
41908,0.99983096
41910,0.00030161426
41915,0.00023126774
41920,0.000352277
41923,0.0012426724
41927,0.0034763766
41931,0.00030813736
41934,0.00020176456
41942,5.414341e-05
41956,0.9991216
41957,2.9179675e-05
41958,0.122712746
41959,0.0008522113
41961,0.00022328392
41967,0.9998554
41970,0.0001697691
41973,0.9998228
41991,0.9998801
41993,0.00023107664
41997,0.99928564
42005,0.00067384617
42009,0.9996824
42011,0.999931
42012,0.00023057597
42022,0.9995585
42024,5.8767644e-05
42026,0.99960846
42036,0.9331011
42042,0.9997873
42043,0.00040099336
42044,0.00011312872
42047,0.0012579329
42048,5.843302e-05
42060,9.435855e-05
42062,3.219433e-05
42070,0.00011129359
42079,0.93046755
42082,0.00018329211
42084,0.99994934
42085,0.002616811
42087,0.00014682711
42097,0.00021091582
42099,7.1954964e-05
42100,0.14425242
42101,0.9997346
42115,0.00013494129
42116,0.00012796914
42121,0.9997824
42122,0.9999112
42127,0.9999039
42130,4.835394e-05
42131,0.00031140604
42132,0.9997049
42138,0.00041179193
42144,0.08012842
42149,0.0016888267
42156,8.3633735e-05
42160,7.544127e-05
42170,7.409687e-05
42173,0.00051426206
42174,2.1100042e-05
42176,0.99631715
42177,0.00012873762
42178,0.9101705
42183,0.99990344
42186,0.0006741205
42187,0.9998498
42188,0.99987066
42193,0.945041
42194,8.420158e-05
42196,0.9996357
42200,0.00042772398
42204,0.00023934593
42216,0.99986315
42223,3.1368152e-05
42227,0.0001315999
42228,0.999777
42229,0.999716
42243,0.015467568
42244,0.0001865887
42245,0.00020871127
42248,0.00013362232
42251,0.9997646
42252,0.00017016794
42254,0.00032164808
42265,0.00024836906
42273,9.571418e-05
42275,4.0525803e-05
42281,0.00027430375
42286,0.9998884
42287,0.00060846057
42289,6.127256e-05
42303,0.9998129
42304,0.9998584
42305,0.99988866
42306,5.7566886e-05
42308,0.00015929223
42315,0.99995124
42319,0.003273079
42321,0.99982786
42337,0.00011503249
42341,0.9998481
42348,0.1336725
42352,0.99995625
42355,0.02973358
42373,0.99546033
42375,0.9998759
42384,9.385869e-05
42398,0.00030016986
42400,2.5910784e-05
42401,5.1580442e-05
42405,0.0007153214
42407,6.8829e-05
42410,0.14488418
42411,0.0008509491
42412,0.00012956286
42415,0.0009201124
42420,6.786435e-05
42426,0.9994549
42428,0.00031105857
42437,0.00022262108
42439,2.2738677e-05
42441,0.00016234243
42447,0.00010266055
42458,0.0015768643
42470,9.197871e-05
42476,0.00025014143
42481,0.999892
42484,4.7938243e-05
42485,7.1039176e-05
42488,0.00024432712
42490,0.99984515
42494,0.00028974732
42497,4.0549887e-05
42498,0.9362337
42499,0.00030378587
42500,5.4087366e-05
42507,0.0004278753
42508,7.710566e-05
42509,8.054302e-05
42510,8.35138e-05
42519,0.96094865
42523,0.0044737286
42526,5.4773973e-05
42532,0.0004959643
42535,0.0002248711
42537,1.7356933e-05
42542,6.866387e-05
42549,4.655726e-05
42550,0.00042218438
42579,3.4245884e-05
42583,6.036762e-05
42584,0.0006289881
42593,0.0007977491
42595,5.6817735e-05
42596,0.0001950929
42601,4.2599542e-05
42604,4.8521804e-05
42609,3.841249e-05
42611,3.180677e-05
42616,9.269589e-05
42623,0.99969304
42624,0.99992526
42628,3.5123194e-05
42635,5.1481868e-05
42637,0.034161072
42640,4.6788886e-05
42641,0.9999454
42643,0.00054290274
42645,0.0002209874
42651,0.00027569517
42652,0.0005159269
42653,0.00012192228
42654,0.00028424332
42659,0.96766406
42660,4.8694008e-05
42665,0.00022898366
42670,0.07050533
42687,0.0003410877
42690,0.9976834
42695,0.0001322876
42700,0.99868995
42709,0.9997969
42714,3.095385e-05
42724,0.00012123063
42733,0.99991095
42740,3.8483e-05
42741,0.0011937694
42748,0.9996346
42749,8.044553e-05
42753,0.00012286856
42754,6.789211e-05
42759,0.0003222389
42765,4.1651994e-05
42774,0.99991643
42779,0.9995152
42780,2.6766193e-05
42781,5.6238307e-05
42784,7.860329e-05
42786,9.310695e-05
42787,0.99913496
42793,0.0007002912
42795,0.002143193
42796,5.5698973e-05
42800,0.0004093922
42814,0.00016200842
42828,0.00052555325
42830,8.6332446e-05
42831,0.99977404
42834,5.4787764e-05
42838,0.00051623414
42844,0.00030925425
42850,9.826934e-05
42852,0.99993145
42853,0.00020321955
42854,0.0070430995
42862,0.0009953727
42864,0.00014028641
42877,3.0013545e-05
42884,0.0005956347
42887,0.9983193
42888,0.9993358
42889,0.99915004
42903,0.99991477
42904,4.0751274e-05
42907,0.00017102077
42910,6.878786e-05
42912,0.0006415891
42921,0.000114407645
42923,5.9393347e-05
42934,0.99960524
42937,2.7229646e-05
42938,8.2749684e-05
42940,0.0011713415
42947,0.9998516
42948,0.0002168916
42951,0.00038176856
42960,6.7805806e-05
42962,9.006538e-06
42963,0.00021071883
42964,6.6052526e-05
42969,4.12374e-05
42974,9.123497e-05
42976,5.0817813e-05
42977,4.9610062e-05
42978,0.9994293
42986,0.00016541287
42989,3.4295397e-05
43002,0.00034440274
43004,0.9997836
43011,0.00031285346
43012,0.00010092705
43019,6.1460414e-05
43022,4.1524014e-05
43032,2.7353271e-05
43033,0.9997626
43035,0.00013750482
43037,0.00033682724
43038,5.8692538e-05
43042,0.00010058626
43051,0.00066821976
43055,0.99912816
43056,3.8856448e-05
43057,0.00090695143
43059,2.4053585e-05
43062,0.00024775602
43065,0.99903935
43066,0.00043799504
43067,0.000119990276
43078,0.0004117735
43081,0.00015399497
43084,0.00013028712
43087,3.7203594e-05
43088,0.00032169468
43090,0.0010112167
43091,7.370694e-05
43094,0.99975055
43100,0.9999285
43102,0.00012108911
43109,0.9998344
43112,0.99979156
43114,8.5067724e-05
43115,0.0014206695
43116,2.3915458e-05
43118,0.99993753
43119,0.0008157717
43121,7.921468e-05
43123,4.374647e-05
43132,0.00010326644
43140,0.00025686363
43147,0.9998417
43159,0.99993026
43161,0.0053747348
43169,0.00015016952
43170,0.00077452225
43174,0.00013229731
43177,0.9989254
43180,0.9997061
43182,0.00022682181
43191,0.00010006086
43194,0.00035345124
43196,0.99993145
43201,0.99969876
43207,0.00060254365
43208,0.9995647
43211,0.00046100406
43212,5.5788387e-05
43213,7.844971e-05
43219,3.4997847e-05
43220,8.455256e-05
43224,0.9984517
43236,0.00012015503
43237,0.00025685946
43244,3.262704e-05
43248,9.393283e-05
43249,5.1522926e-05
43253,0.99959296
43259,0.0016504067
43263,0.99979466
43265,5.172807e-05
43269,0.99852693
43282,9.246e-05
43285,0.00026836948
43287,0.99943036
43293,0.9424422
43294,0.999772
43299,0.00017187888
43300,0.99998486
43313,0.99971
43325,0.16547254
43329,0.00022336184
43334,0.00034858965
43335,0.00014517379
43339,0.99969006
43343,0.000105531566
43346,0.9997428
43347,0.00038679613
43348,0.0010475273
43355,4.4869976e-05
43361,9.9208904e-05
43364,3.0248448e-05
43368,8.19888e-05
43369,0.00012735961
43374,0.0005806493
43384,0.3092762
43387,3.698311e-05
43391,0.0003600178
43392,0.13228226
43394,1.782291e-05
43395,0.99923277
43396,3.894585e-05
43398,0.9999616
43406,3.655975e-05
43411,3.9298713e-05
43413,0.9996929
43415,3.705926e-05
43416,0.99997044
43417,8.40664e-05
43420,0.00017661037
43421,0.99986327
43425,2.714784e-05
43434,0.99974495
43448,0.00042841196
43450,0.00016777891
43458,3.331021e-05
43459,0.00027354428
43466,0.0002425793
43469,0.9997253
43475,3.4807457e-05
43479,0.9999659
43480,0.0003241091
43486,0.999744
43491,0.0001318823
43503,0.000163379
43506,2.9115105e-05
43532,0.00028883546
43537,6.717867e-05
43541,0.999795
43543,0.999856
43546,0.0015834204
43547,0.9998305
43549,0.99973804
43550,0.035835247
43551,0.19766438
43557,2.2417324e-05
43559,0.00018846168
43567,3.7364836e-05
43584,2.4121926e-05
43586,0.9997335
43591,0.9997713
43594,0.0002029206
43596,2.4779863e-05
43603,0.00053021935
43608,6.985551e-05
43615,0.99987304
43619,0.000114062655
43620,4.1610823e-05
43621,0.0003433298
43638,0.99980694
43640,3.4719542e-05
43641,3.536691e-05
43644,3.8569557e-05
43646,0.00018308252
43647,0.00051412184
43649,0.00038197899
43664,0.0005966506
43666,0.00043531816
43670,0.00013812233
43672,0.0004368215
43678,0.00013446386
43680,0.00017141047
43685,0.9994295
43687,0.99965703
43690,5.8371086e-05
43701,0.0004935676
43702,9.5920586e-05
43709,0.0002529214
43718,0.99978703
43722,0.000117627096
43728,0.0004392515
43731,0.00010724255
43738,0.00095943385
43741,0.007997863
43746,0.99973446
43747,8.777871e-05
43755,0.9999826
43758,6.671029e-05
43762,0.0032493407
43763,0.000111524125
43772,0.003898354
43777,0.00040695525
43795,5.6496963e-05
43798,7.006647e-05
43801,0.0002380925
43802,6.851833e-05
43812,0.99953914
43817,0.0001353631
43818,0.99986696
43819,2.9095841e-05
43821,0.9999323
43822,0.00027200312
43824,4.761172e-05
43830,0.9998325
43831,3.4458524e-05
43843,0.9993168
43854,4.3909386e-05
43857,0.00010548327
43860,3.7303063e-05
43864,0.00018603675
43865,0.00018268474
43866,0.00058925233
43867,0.00025187052
43870,7.0916336e-05
43872,0.0003699079
43873,0.99988735
43875,0.99942553
43878,0.0018245608
43882,0.00037803667
43883,3.9522485e-05
43892,0.0014111573
43894,0.9998692
43909,0.0002832602
43910,0.00016304005
43914,0.0003109127
43918,6.6738474e-05
43921,0.08529343
43926,0.00012355587
43927,0.9618046
43931,4.350202e-05
43933,0.99991107
43935,0.0004726073
43936,0.9998679
43940,0.9998933
43944,0.00010171253
43945,0.00069458113
43947,0.0039615436
43955,9.6166856e-05
43958,0.00056011707
43960,0.9997068
43965,0.00084313186
43966,7.666948e-05
43967,0.00036461526
43969,0.10270074
43970,0.0009037787
43974,0.99965405
43979,3.148605e-05
43990,7.128361e-05
43993,0.999818
43994,0.9997528
43996,0.9998926
43999,3.27908e-05
44000,0.99952245
44003,0.9997249
44004,0.9998759
44005,0.9998049
44012,0.00045456996
44015,0.9994692
44020,3.980424e-05
44021,0.00014348394
44022,0.9999198
44023,2.998754e-05
44024,1.6250766e-05
44025,0.9998301
44029,0.00021847233
44030,0.00012750202
44051,6.6126006e-05
44054,0.9969188
44057,0.00022822384
44058,0.00069047924
44062,3.3543136e-05
44065,0.00068529346
44067,0.17197889
44072,0.03497803
44076,0.00012710143
44078,0.9999498
44081,0.9997645
44082,0.0006360615
44093,0.00011824404
44101,4.6904457e-05
44112,0.018191425
44114,4.371002e-05
44115,0.13937335
44122,0.9995759
44126,0.0005818013
44128,0.0025787717
44129,0.0060788416
44130,0.9992061
44133,3.024718e-05
44137,5.975062e-05
44139,6.1771476e-05
44147,4.7142483e-05
44150,0.00037259256
44156,0.00035734073
44165,0.0012988916
44167,0.9997689
44171,0.00014607247
44172,0.9999095
44173,0.00033590174
44174,0.0002415769
44176,0.000114619375
44187,0.00022358343
44188,5.3697655e-05
44191,4.281377e-05
44200,0.00018744446
44205,0.12203567
44207,0.00022386757
44209,0.9997968
44210,2.5312123e-05
44217,0.99990296
44218,0.99977475
44221,0.99973696
44234,0.99943703
44236,4.4624823e-05
44237,2.6337942e-05
44238,0.2691209
44240,0.9999176
44245,0.00037886648
44246,0.00018298705
44249,0.9997013
44250,0.0005641959
44252,0.00039037046
44260,0.99939716
44269,9.573782e-05
44288,2.5301382e-05
44290,0.999835
44291,0.9984023
44295,0.99906534
44304,0.9999068
44310,0.000121628145
44320,0.0051553883
44324,0.00015783113
44326,4.03972e-05
44331,3.595986e-05
44339,8.753596e-05
44344,0.9984395
44347,6.628031e-05
44348,0.00012002839
44349,0.0011097012
44356,0.00017965812
44357,6.723116e-05
44362,0.0004480394
44367,0.0011078417
44371,4.9849074e-05
44376,9.634612e-05
44377,0.00013583594
44378,0.0005151788
44383,0.9998203
44386,0.99969494
44387,0.00026655538
44393,3.828128e-05
44396,0.99991786
44398,0.00032142244
44399,6.203062e-05
44404,0.00011184096
44405,3.7191498e-05
44413,9.2651004e-05
44414,0.9993742
44417,9.653125e-05
44419,0.0019837816
44428,0.0005824577
44430,0.00053096004
44436,0.00011001642
44440,0.00013719704
44442,0.1704533
44446,0.00020493634
44450,0.00034121794
44453,0.00011040906
44454,6.879652e-05
44460,0.0015957025
44464,0.0011049212
44467,8.812912e-05
44468,3.5321977e-05
44473,0.00035914092
44483,0.00010317873
44484,0.00023500179
44485,0.0001064845
44487,7.693438e-05
44489,0.00023637322
44492,0.00034386816
44494,0.99974364
44495,0.00011295087
44503,0.99967706
44504,5.7644505e-05
44508,0.0003379282
44512,7.197864e-05
44514,0.04309358
44529,8.99764e-05
44530,0.9997949
44531,0.1223038
44535,3.161507e-05
44536,4.455054e-05
44553,0.00053142733
44555,8.7000204e-05
44558,0.99996424
44560,0.0013863537
44561,0.0007318157
44564,0.99784195
44569,0.00030936452
44575,0.00014803963
44587,0.22970757
44588,0.99989617
44592,0.00010147538
44593,3.933347e-05
44598,0.056272052
44601,0.0006054346
44604,5.8456037e-05
44607,0.9997185
44613,0.00011261768
44615,0.99990714
44619,0.9998399
44625,0.9993932
44627,8.922571e-05
44628,0.99977607
44636,1.9590925e-05
44637,0.99961805
44642,0.9995215
44649,0.00043268714
44653,9.081175e-05
44657,0.00011505696
44658,0.00020755609
44664,6.4130356e-05
44666,2.9352743e-05
44667,0.0006411887
44668,0.00018715265
44669,2.1687405e-05
44672,0.00012816575
44677,2.7566535e-05
44679,0.00041873936
44680,6.8241716e-05
44684,0.0006703751
44695,8.037514e-05
44696,0.9996693
44697,0.00047218532
44711,0.06224272
44714,4.4632823e-05
44715,4.2347572e-05
44720,0.42741197
44725,0.00013280618
44728,2.8264869e-05
44730,0.00017387126
44735,0.99988353
44737,2.9981678e-05
44739,6.363933e-05
44741,4.1643616e-05
44744,1.2636147e-05
44745,0.9999151
44754,0.99986756
44757,2.1129219e-05
44759,0.9998542
44766,0.00022419117
44767,0.99964416
44769,0.0002784116
44771,0.9999678
44772,6.2084946e-05
44776,0.00019872388
44781,0.99969935
44782,0.00015713631
44784,3.4357003e-05
44792,0.00046777306
44800,0.22863829
44802,1.9019648e-05
44803,0.00011413142
44804,0.99985623
44805,0.99961686
44810,0.00025670815
44821,0.99946076
44823,0.0002680161
44825,0.00080452627
44826,3.4411205e-05
44828,0.00014316318
44829,9.432751e-05
44834,0.9999739
44840,0.9998797
44842,0.0010684284
44844,0.1937864
44847,0.00015634851
44857,6.950275e-05
44860,0.9997744
44864,5.033858e-05
44874,3.669682e-05
44876,4.4464592e-05
44877,0.00021519302
44879,5.958345e-05
44881,0.00040746902
44890,6.1246275e-05
44899,0.00017441773
44902,0.9999343
44903,6.251591e-05
44904,0.10804722
44906,0.00013485832
44908,0.0011028952
44909,0.00013271351
44916,0.00026634248
44917,0.00036855397
44919,4.0173494e-05
44921,5.4401153e-05
44925,0.0005485341
44927,3.3430697e-05
44928,0.00027563891
44929,2.2081762e-05
44943,0.13719076
44944,0.00026412652
44945,0.9998809
44948,5.2849016e-05
44952,0.00020438936
44955,0.00014841997
44957,0.99993753
44959,0.9981402
44961,0.005902627
44962,0.00012989427
44966,0.0003898762
44971,0.9999062
44972,0.9737263
44975,5.8996513e-05
44976,8.089957e-05
44977,0.9999261
44979,2.2704333e-05
44980,0.00015052936
44981,0.9993068
44982,2.0904681e-05
44986,0.0009762681
44991,0.00049458817
44993,0.00019662218
44995,0.00050744787
44996,9.850398e-05
44997,4.93082e-05
44998,0.9995795
45007,0.00015244835
45013,0.99960107
45014,0.00021564635
45015,0.99950826
45016,7.803874e-05
45018,4.8511993e-05
45020,0.003284008
45028,0.0002964143
45033,0.9996635
45036,2.8375844e-05
45044,4.5828714e-05
45050,0.9996568
45063,0.9986816
45064,4.3448614e-05
45071,5.5175602e-05
45076,0.9496394
45077,0.019136358
45080,7.613972e-05
45088,0.0001458577
45089,2.1578046e-05
45091,0.9998486
45094,0.14575504
45099,0.2918232
45108,6.748701e-05
45111,0.16126733
45127,0.0002925218
45135,2.6929003e-05
45137,5.869478e-05
45139,0.30117545
45140,0.000686313
45142,0.0003157444
45143,0.38109455
45163,0.00039552036
45171,3.0471323e-05
45172,6.5898756e-05
45174,0.00031870246
45179,0.003452808
45189,0.023098877
45194,8.422568e-05
45197,4.565632e-05
45211,0.94980484
45224,7.128137e-05
45229,0.00075460813
45230,0.00016301518
45236,0.0028716375
45237,0.99980885
45240,0.08323336
45242,5.432583e-05
45251,0.0016592921
45261,0.000118199285
45271,5.9177102e-05
45280,0.00045075215
45281,6.841993e-05
45289,0.99982786
45291,6.074529e-05
45292,0.00017660398
45294,0.00015698386
45297,0.9995573
45301,0.00041446066
45303,0.000106908556
45305,8.859906e-05
45306,0.9999504
45312,0.9998673
45315,9.179471e-05
45316,0.00035007045
45317,0.00095505605
45327,4.885005e-05
45329,0.99996233
45331,0.00011509712
45333,0.0012094398
45337,0.00042221256
45338,0.0010340534
45340,2.4534189e-05
45341,3.3441793e-05
45350,0.00021270169
45355,9.428075e-05
45358,0.00014741729
45361,0.00059707265
45367,0.99995375
45377,0.99968314
45378,4.4479944e-05
45379,0.0037671707
45382,0.00039120085
45383,0.99985397
45388,1.9554509e-05
45391,3.990568e-05
45395,0.00014284533
45401,0.00011889676
45402,0.00012699749
45406,0.00427176
45411,0.00056902913
45412,0.99951327
45413,0.0003202473
45416,0.0002535049
45420,2.8570532e-05
45421,0.00037678675
45423,0.0002828856
45435,0.9997323
45443,0.9999511
45455,6.922467e-05
45461,0.007040642
45472,0.00075249904
45485,0.11875185
45490,0.24853191
45506,0.9999486
45507,0.00015527777
45513,0.9997553
45514,0.00035600038
45519,5.7607685e-05
45520,0.0009632105
45521,0.00017819533
45522,0.00030754716
45528,0.06270788
45532,0.9514685
45536,9.07027e-05
45539,0.00011224309
45545,7.8209865e-05
45546,5.3027925e-05
45553,0.0006717651
45556,0.9693397
45557,0.00017412378
45567,0.00013662549
45575,0.9995912
45578,9.946761e-05
45580,3.7731716e-05
45589,0.00015551691
45590,4.4693177e-05
45592,7.884074e-05
45603,9.763884e-05
45604,9.199275e-05
45606,0.000106567495
45611,7.6301076e-05
45617,0.13509403
45620,0.8973293
45625,0.00030746916
45627,4.398608e-05
45628,0.001380475
45633,0.9997094
45638,0.00016908816
45642,6.859972e-05
45643,0.000357196
45647,0.9996062
45650,6.645479e-05
45653,9.050968e-05
45654,0.9375935
45658,0.00016680063
45661,0.0014555958
45670,0.0041571124
45673,0.010512085
45685,0.050352074
45691,5.7153466e-05
45693,0.9994025
45694,0.9965532
45696,0.99991
45700,0.7292795
45703,0.99963534
45708,0.99981445
45711,0.15197933
45714,1.7891301e-05
45717,6.062047e-05
45721,8.438718e-05
45722,8.342799e-05
45723,0.99981374
45726,0.00056004233
45733,6.837747e-05
45735,3.3985092e-05
45737,0.0003679042
45743,0.000542911
45746,7.576808e-05
45749,0.9996965
45751,0.99990106
45752,0.9976935
45757,0.9998958
45759,0.00013248921
45764,0.000624022
45768,0.00043584302
45781,0.9800742
45785,0.00052367157
45798,0.9999602
45801,4.8544855e-05
45808,4.599974e-05
45814,4.577569e-05
45815,0.9998853
45816,0.0005444898
45825,0.9999242
45828,0.0009141894
45831,0.00012696117
45832,0.00015055075
45834,0.14080374
45844,0.00038589948
45847,0.99993885
45848,0.0001301339
45853,0.00014400602
45854,0.00014340857
45856,0.00022829218
45861,0.9999492
45862,0.0001195606
45871,0.99720407
45882,0.00014699157
45891,0.0001812986
45893,0.0049595004
45898,0.00089052663
45901,0.99994135
45905,0.9996222
45908,8.274061e-05
45911,7.9402234e-05
45919,3.113726e-05
45928,9.031466e-05
45931,0.0006053244
45934,0.00028173308
45938,0.0036747658
45940,0.99973065
45944,0.9301608
45950,0.99993396
45953,0.06197104
45954,0.03845502
45960,6.508971e-05
45965,5.7743648e-05
45967,7.542832e-05
45968,0.12705953
45976,4.276374e-05
45977,2.6922198e-05
45978,4.2497013e-05
45985,0.0848121
45986,0.99994624
45994,0.00044214108
45997,6.5970875e-05
45999,0.107101694
46000,0.15334077
46001,7.090991e-05
46006,0.00046573754
46010,0.0006598642
46011,0.9999541
46012,0.99984145
46016,0.99972564
46025,0.99944085
46027,0.00023702455
46029,0.0015501354
46036,7.426325e-05
46041,5.530208e-05
46043,4.8892274e-05
46050,0.9999018
46053,0.0038722851
46059,3.0205816e-05
46060,4.318865e-05
46063,4.2545427e-05
46070,2.7490221e-05
46071,0.9995863
46076,0.0008991101
46078,0.00034101974
46081,0.00041854405
46084,2.6245549e-05
46087,0.00047070414
46092,0.00020211113
46093,4.893645e-05
46096,5.4416876e-05
46105,6.627196e-05
46110,0.9995802
46114,4.486535e-05
46116,0.9996045
46120,0.00031107725
46121,0.9998047
46127,0.9999732
46132,5.3976222e-05
46136,0.004338061
46138,0.9929224
46140,0.00021213277
46142,0.00016852174
46143,0.9996922
46145,0.00011345822
46151,8.704361e-05
46156,0.00644492
46160,0.00014324853
46161,0.004401477
46172,0.0001026815
46186,6.840401e-05
46187,6.00366e-05
46199,0.99984324
46201,9.623144e-05
46205,0.0010987483
46210,0.99935657
46220,0.0025074184
46222,2.761885e-05
46227,0.00010009636
46231,0.00025062484
46237,0.9984969
46244,0.00037234402
46247,0.00022616165
46250,0.00041681223
46251,0.000108312925
46252,0.00020199073
46253,0.00087200647
46256,0.00026838892
46257,0.99970067
46259,0.99953234
46261,0.0012953775
46263,0.15650961
46265,0.00037986715
46266,0.999882
46270,0.00039779593
46273,0.00011336208
46277,0.9995396
46284,8.88123e-05
46288,0.00010454687
46291,1.0335914e-05
46304,0.00041342093
46306,5.0002574e-05
46320,5.5029315e-05
46321,0.99318767
46323,0.9997367
46327,9.5309246e-05
46332,0.00030978746
46336,0.99968696
46339,5.953466e-05
46341,4.3453216e-05
46342,0.00045271293
46343,0.9997892
46345,0.2808097
46349,0.99961144
46354,6.0585506e-05
46356,0.00013604814
46363,8.427814e-05
46366,0.0009941497
46367,4.0768457e-05
46369,0.00012462508
46373,0.99977285
46376,8.1174905e-05
46381,0.99857557
46388,0.00023683975
46389,7.9046484e-05
46390,0.99964654
46396,8.024059e-05
46400,9.679847e-05
46404,0.00065667974
46408,0.9996705
46409,0.9999423
46410,0.00013545748
46411,9.930555e-05
46413,0.27957135
46416,8.467649e-05
46419,0.9999012
46428,0.007646457
46432,0.9998274
46433,0.000110502064
46434,2.3710756e-05
46438,5.9158538e-05
46442,0.00012625479
46443,0.00021862214
46446,0.00071500614
46449,0.0010906444
46456,0.9501885
46469,0.9995065
46473,0.00020042469
46474,4.1968135e-05
46483,0.00043624933
46486,0.00042359874
46490,0.00036018703
46494,0.9997458
46495,0.00022460132
46499,3.8466816e-05
46503,0.000121679426
46506,0.00023046562
46518,0.0004690228
46519,0.00014743528
46526,0.10236252
46528,0.9998907
46533,0.00054747093
46540,0.00019966402
46543,3.4297096e-05
46548,0.9997931
46549,0.00010780143
46553,7.183094e-05
46555,5.7880316e-05
46557,5.6856486e-05
46561,3.7712973e-05
46567,0.0002694288
46568,0.94991297
46571,0.0013927129
46580,0.00051746453
46581,0.00011432574
46582,4.726727e-05
46592,0.21427992
46594,5.6802404e-05
46595,0.0018041845
46597,0.9998629
46599,0.00022224506
46602,0.00023284573
46612,0.99969554
46623,0.0003450495
46625,0.99993765
46630,0.0010758317
46642,0.9998016
46645,0.00030169275
46648,0.00047450655
46659,0.00013703622
46662,0.00036681906
46670,8.6724795e-05
46671,0.00050348457
46678,0.99987936
46681,0.99973565
46687,6.194006e-05
46688,3.8703416e-05
46689,0.97976696
46690,5.1732957e-05
46697,6.159178e-05
46709,8.23794e-05
46711,0.9992436
46717,0.0008106696
46718,0.00035713607
46719,0.00013225102
46720,0.00027032758
46722,0.00022948766
46726,0.00070635445
46729,6.8884285e-05
46731,0.00022417087
46732,2.2830152e-05
46750,0.99993277
46752,0.00013095098
46754,0.0015058761
46763,0.0036278681
46774,0.0007337106
46776,0.00015904075
46780,0.99993587
46784,0.0003994674
46786,0.0001295431
46791,3.6495658e-05
46793,0.9358457
46796,6.112532e-05
46806,0.9995974
46820,0.9999149
46824,0.00014099503
46826,0.17613153
46830,0.00028572243
46831,0.00022823211
46837,0.0009891113
46840,0.9996216
46841,0.9980817
46842,0.00032498286
46845,6.809799e-05
46846,0.9995104
46852,0.00036087923
46855,7.0575436e-05
46860,0.0002968099
46866,2.1699674e-05
46868,0.0012320346
46871,0.000114511226
46873,0.00018946758
46874,0.0011481856
46882,0.9996069
46888,0.05698334
46893,0.000935429
46896,9.307144e-05
46898,0.021885784
46900,3.5933394e-05
46907,0.00033977875
46908,0.9999634
46911,0.00026862853
46912,6.093896e-05
46914,0.9994617
46915,0.9998956
46916,3.6155237e-05
46919,0.0005770708
46921,8.746512e-05
46927,0.00067652174
46932,8.538826e-05
46933,0.9996743
46934,0.9999032
46948,0.00087192125
46952,0.99942195
46954,0.00027826143
46956,0.00010179569
46963,3.2366133e-05
46964,0.99969566
46966,8.075019e-05
46969,0.00011767691
46971,0.9997731
46973,0.0005831551
46974,0.16855036
46980,3.4614804e-05
46985,0.18251242
46987,0.0065480964
46998,5.665996e-05
46999,3.948041e-05
47002,0.99988306
47003,0.99888116
47006,0.00022797244
47007,0.9989122
47013,0.20799
47015,0.0004923081
47017,0.0009857006
47026,0.017781481
47032,2.9163233e-05
47033,3.894923e-05
47035,5.8948375e-05
47044,5.504632e-05
47048,0.000105692896
47050,0.0010827587
47055,0.0003297026
47056,0.9998462
47062,0.00285532
47067,5.030067e-05
47070,0.00038699366
47072,2.7460115e-05
47075,6.861157e-05
47076,0.999913
47079,0.99965966
47080,9.181021e-05
47084,0.00060401036
47086,6.8281166e-05
47091,5.1719147e-05
47097,0.9998926
47100,4.7229958e-05
47102,0.99963963
47103,0.97568935
47106,0.9670834
47109,0.00018163463
47113,0.9998566
47114,0.00016977427
47121,2.2908733e-05
47133,4.4205124e-05
47137,8.7810855e-05
47138,0.0001233073
47139,0.83548313
47140,0.9998109
47143,0.9997671
47145,0.00029965205
47147,0.00026723096
47149,9.774299e-05
47150,0.34991467
47152,0.00020124216
47155,0.9999356
47157,0.9998307
47164,0.9960187
47169,0.9999051
47174,0.00015671823
47184,5.6266574e-05
47188,0.001438514
47189,0.00077298924
47192,0.9999262
47193,0.010162307
47194,3.185974e-05
47196,6.406709e-05
47210,0.005371832
47215,0.0009946509
47218,0.9999107
47220,0.00022464308
47222,0.99975723
47227,5.769758e-05
47228,0.112449974
47233,0.9547882
47237,8.5698244e-05
47238,2.4798113e-05
47239,0.9999037
47240,0.007975267
47243,0.99980646
47250,0.14567867
47251,0.027907489
47252,6.744422e-05
47253,0.045689214
47254,6.0756414e-05
47258,0.9997918
47260,2.6856475e-05
47263,0.9995828
47264,0.000263653
47269,0.9999491
47274,7.4393596e-05
47277,3.872409e-05
47278,9.1217495e-05
47282,5.042607e-05
47286,8.970414e-05
47288,0.000100923775
47291,0.99944645
47292,7.4360476e-05
47296,0.00011688936
47300,0.9996624
47304,4.3429063e-05
47306,0.00020050803
47307,0.0002119393
47309,0.00017550075
47315,0.9999387
47316,0.9996307
47324,3.3640103e-05
47325,0.00029881817
47326,0.9997545
47327,0.99951744
47328,0.0002151762
47336,0.00010855146
47342,0.00023965008
47346,0.00015206043
47347,0.0009535204
47351,0.00016144555
47364,0.03190938
47365,0.0015795693
47375,1.62306e-05
47376,0.00015805116
47384,0.00037193781
47390,8.982646e-05
47395,0.9999194
47398,0.9997831
47411,0.99968207
47416,0.9997422
47417,0.00018947427
47418,0.00010195978
47425,0.0026376469
47434,8.632652e-05
47456,2.23036e-05
47457,0.99966514
47465,0.00027088742
47466,0.99982566
47472,0.00017752698
47475,0.00015519887
47478,0.00012567225
47479,2.4402303e-05
47487,0.9993806
47497,0.00037462093
47498,2.5777474e-05
47503,0.0009226548
47509,0.00015483215
47516,0.00020282349
47520,0.00021290887
47524,0.98421323
47525,6.117973e-05
47537,0.0021698454
47541,0.0009610774
47550,0.99968743
47551,0.0008444951
47555,0.0010087399
47560,0.0015275796
47563,0.00013857718
47565,0.00020483906
47571,0.9998036
47574,0.99983203
47583,0.00055826997
47585,0.9993303
47590,3.213519e-05
47600,0.0018477073
47608,0.99282116
47611,0.012294219
47614,0.00032840794
47615,0.0002667201
47620,0.00039473723
47627,0.9999136
47632,0.00010157239
47633,9.489499e-05
47634,0.99997187
47636,0.00026015742
47637,0.0002465815
47641,0.9990553
47654,6.508984e-05
47655,0.00024823766
47662,6.971716e-05
47663,4.11509e-05
47667,0.0044368645
47669,0.00019461894
47671,5.3335873e-05
47672,0.00013023682
47675,0.99994886
47676,4.1787265e-05
47691,0.00014883891
47692,9.7616685e-05
47696,5.307199e-05
47697,5.9325368e-05
47699,0.99975365
47706,0.9997868
47714,0.00033862432
47715,0.0008793217
47717,4.7731784e-05
47718,0.000745373
47720,0.00020651756
47722,0.0011298142
47737,0.99941385
47742,0.22631419
47744,5.565618e-05
47751,7.065254e-05
47753,0.00012613567
47755,0.003644319
47758,9.925338e-05
47760,0.9998497
47768,0.9992151
47773,0.99982625
47777,3.6530964e-05
47785,6.341621e-05
47787,0.0010023295
47790,0.00015029745
47801,3.5508576e-05
47804,0.999566
47809,0.0007223079
47811,0.00014524246
47814,0.9998497
47815,0.99965835
47823,0.00011180031
47828,8.696338e-05
47831,4.9477676e-05
47839,0.00044493368
47840,4.0049254e-05
47853,0.00042529628
47860,0.0003684802
47871,0.0001289273
47876,0.9997147
47877,0.14620018
47878,0.00013163216
47886,0.08404764
47887,7.03158e-05
47891,6.634411e-05
47894,3.0197403e-05
47899,5.855842e-05
47903,8.06207e-05
47906,0.00012938051
47914,5.8857488e-05
47915,0.00039999004
47916,8.214258e-05
47920,0.00027608182
47926,5.2493546e-05
47928,0.99979883
47929,0.00045812989
47930,0.0011607104
47939,0.0003487716
47942,3.0459123e-05
47945,0.0009156845
47947,0.00020823123
47949,8.106467e-05
47955,3.3566143e-05
47956,0.00032031018
47962,7.203996e-05
47974,0.000494587
47977,0.99812835
47978,5.4638494e-05
47996,0.3231204
47998,0.00031331432
47999,0.0063061602
48010,0.000116613046
48016,0.9979849
48017,0.00037589448
48018,0.19404572
48021,7.013097e-05
48030,0.0008799952
48033,5.0257135e-05
48035,0.0008588482
48041,3.402472e-05
48044,9.189052e-05
48046,3.241228e-05
48047,0.0015740494
48050,0.99949896
48058,0.001520072
48065,0.00023664316
48066,0.002624612
48075,0.00028929542
48081,0.0006834372
48082,6.7872046e-05
48090,0.056727543
48098,0.9999336
48104,9.995091e-05
48105,5.5922188e-05
48107,0.00012464778
48110,0.99995697
48115,0.9997675
48119,7.740232e-05
48120,1.5057252e-05
48122,0.00031888208
48127,0.00053338415
48131,0.00012741768
48136,7.3169525e-05
48144,9.019525e-06
48147,0.99962807
48150,0.15689984
48152,0.96972835
48171,0.9997559
48174,0.00029652874
48177,0.0015540562
48181,3.523854e-05
48194,4.650787e-05
48199,0.99990034
48200,3.1101827e-05
48203,5.725842e-05
48205,0.000108358276
48207,0.0004276926
48210,0.5763712
48211,0.9191298
48219,9.6691176e-05
48221,0.9999366
48223,0.10637603
48237,0.00075146207
48240,0.0011525424
48241,5.155605e-05
48245,0.00042713864
48248,0.9997168
48253,7.071125e-05
48259,2.2766342e-05
48260,0.9990835
48261,0.00026265695
48262,0.00029229518
48268,9.048008e-05
48271,3.496062e-05
48273,3.867973e-05
48274,0.00023245356
48279,0.00018288169
48286,0.05778397
48289,3.1926684e-05
48295,0.1122389
48301,0.0010124742
48304,0.00011475399
48306,7.8847734e-05
48315,8.426801e-05
48316,0.99949443
48319,0.0002649543
48320,0.00013414114
48323,0.00019151857
48334,0.9997347
48336,0.9003672
48341,0.9997484
48342,0.15032618
48350,0.0005823389
48363,0.9995085
48370,0.0004186073
48377,0.00011407539
48384,6.722283e-05
48397,0.9993344
48403,0.00011502449
48405,0.99992275
48406,6.652263e-05
48413,0.9999697
48414,0.00033225914
48417,3.304536e-05
48423,0.00041725708
48428,0.00038063564
48431,0.9998565
48434,0.9997427
48437,6.731552e-05
48438,0.11200628
48441,6.766454e-05
48447,0.00015658738
48450,8.796155e-05
48458,0.9998814
48462,0.00014941453
48464,0.16313258
48465,6.611636e-05
48467,0.099394545
48469,9.803226e-05
48480,0.00050034875
48481,7.946147e-05
48485,0.0007288046
48494,7.745696e-05
48496,0.9992945
48514,0.9718563
48521,0.99985754
48524,3.0616324e-05
48526,8.8470304e-05
48528,0.0002835904
48538,0.0002188912
48540,0.9994012
48545,0.000109284825
48551,0.9961498
48552,0.00024978278
48556,2.1727277e-05
48558,0.00011131141
48563,7.1081195e-05
48564,0.0012101918
48566,0.0006130554
48575,0.00016763117
48576,0.038122334
48577,0.9999348
48580,0.000893942
48584,4.221294e-05
48585,0.00060229126
48588,0.041913144
48604,0.00026323658
48610,9.041816e-05
48615,1.82614e-05
48620,0.00014288102
48626,0.00059289386
48627,9.989383e-05
48635,0.00028217904
48639,0.00011935295
48643,0.99992
48650,2.7175063e-05
48656,0.9989353
48658,0.111914374
48660,0.00048203554
48662,0.02865667
48682,0.93134505
48684,4.6301786e-05
48688,0.00021764296
48689,0.00029855873
48693,6.07574e-05
48694,0.9998746
48695,0.00011537403
48699,0.99977154
48700,3.6978312e-05
48715,0.00077040767
48728,0.00018134114
48735,9.106071e-05
48736,0.00013024427
48742,0.00015461734
48743,1.7425862e-05
48745,4.5438628e-05
48746,0.99963176
48748,3.591318e-05
48757,0.00015063648
48759,0.0013674228
48772,0.00019656536
48777,0.000102969774
48787,0.9986638
48788,0.09437789
48795,5.407912e-05
48798,0.00010501638
48799,0.0006400049
48807,0.00036782862
48810,1.6470414e-05
48811,0.00017082489
48812,0.9995409
48816,0.9994815
48819,0.00031062443
48823,0.0004685397
48829,0.0001410838
48831,0.9999095
48833,0.999775
48842,0.0002498559
48844,4.3822376e-05
48849,0.12356488
48851,6.745239e-05
48855,0.0001554935
48856,0.0010052769
48859,7.0266666e-05
48863,0.99983406
48871,0.99972814
48872,0.00012745133
48873,3.7192593e-05
48874,5.5814406e-05
48876,0.4041284
48877,7.534471e-05
48878,0.99991846
48879,0.12162921
48882,0.00017257815
48887,0.9997557
48890,0.00015156058
48895,0.1109093
48897,0.00020725888
48899,0.0001277308
48904,0.9996431
48910,0.0003758477
48912,0.9994678
48915,0.00013587416
48919,0.999548
48922,0.00087578385
48925,0.9995011
48926,0.99988043
48928,6.215307e-05
48929,3.8465678e-05
48932,0.00020261107
48943,4.7723683e-05
48951,0.14529097
48957,0.0003391021
48960,0.99985003
48961,5.634835e-05
48977,4.047355e-05
48979,0.00039225526
48981,0.00047351638
48982,5.741513e-05
48986,0.9997819
48996,0.00019762623
49007,0.00014016555
49008,6.38166e-05
49009,0.0010774877
49011,5.3092444e-05
49014,0.00055794895
49015,0.0034518517
49024,0.00041600148
49025,0.0020934907
49026,9.439895e-05
49027,0.0002780336
49033,0.9994518
49043,0.0007554046
49046,0.99987936
49061,8.912936e-05
49063,0.00016789495
49065,0.0004662981
49068,0.999342
49073,0.0001066483
49075,0.00018905236
49082,0.19786157
49083,0.99989617
49087,0.00020178783
49089,0.00012770438
49093,0.00033489102
49099,0.999972
49105,6.461056e-05
49112,0.99958175
49113,0.9998851
49126,0.99974304
49131,0.9352668
49136,4.5900273e-05
49140,9.185171e-05
49146,0.19438963
49147,0.00025427275
49151,0.9998977
49156,0.00032417953
49160,0.00016307503
49162,5.4169905e-05
49168,0.99968934
49169,0.00043468105
49175,0.00029049328
49176,0.0001145335
49181,0.00081928464
49182,0.00083024515
49186,8.3335595e-05
49194,0.18553151
49200,4.758671e-05
49209,7.038389e-05
49210,0.00018471321
49211,0.01009801
49215,0.00051020784
49222,0.0018644753
49230,0.99937844
49234,0.9997048
49240,0.9997714
49242,0.99968123
49245,0.00059804204
49246,4.243756e-05
49247,7.372424e-05
49256,9.6061005e-05
49259,0.00014395756
49268,8.3385596e-05
49272,0.00048200984
49279,0.0010029485
49280,0.9996431
49281,0.9999361
49282,0.00063291215
49284,9.192979e-05
49285,0.00030746768
49289,0.00038944828
49293,7.3793446e-05
49294,0.00037062517
49296,0.00017780684
49298,0.000101200654
49300,4.760809e-05
49303,5.2924715e-05
49306,3.4431985e-05
49307,5.4617707e-05
49308,0.00012870437
49310,0.99979943
49311,5.7930178e-05
49314,0.997543
49321,0.00012622483
49322,0.00037400716
49324,0.0008311768
49326,0.9990102
49336,0.0016033738
49338,2.131511e-05
49347,3.0321084e-05
49350,0.00011347207
49351,0.00040468437
49352,0.999863
49353,0.0007670757
49355,0.07896189
49369,0.00035239896
49372,0.99974006
49379,0.00064101914
49383,0.999671
49385,0.000104900086
49387,0.10844221
49392,0.00014963637
49393,0.075269744
49396,6.3848864e-05
49401,0.93409175
49404,0.00014143414
49405,0.00012801123
49412,0.9993895
49419,0.9997743
49421,0.0019615951
49422,7.802661e-05
49424,0.002227725
49426,0.0007962047
49428,0.09807595
49431,0.0011339152
49433,0.00012789741
49439,0.0006403881
49440,0.99983704
49441,3.4073266e-05
49443,0.99978787
49448,0.0002381731
49450,4.1913936e-05
49454,0.0003161812
49466,6.904021e-05
49467,0.00048344547
49468,0.00011166214
49482,1.95621e-05
49483,0.99984276
49484,0.0005807445
49488,0.9996854
49489,6.5463704e-05
49493,0.99937916
49495,0.00015917365
49501,0.00011108281
49505,0.0003705644
49506,0.007866265
49507,0.9998646
49508,3.118784e-05
49511,0.00018057453
49523,8.0578044e-05
49525,0.00022950144
49526,0.09967339
49527,0.0005315084
49528,0.20715714
49529,0.9315997
49530,0.99989104
49534,0.0002257041
49535,0.0003497754
49538,0.0010049136
49543,5.4881213e-05
49545,0.0029142946
49546,7.6197895e-05
49548,3.0446665e-05
49550,3.765411e-05
49552,0.99418205
49553,6.701225e-05
49559,0.997038
49563,0.00050465384
49564,0.00018029305
49566,2.994436e-05
49578,0.1326225
49579,0.0008475298
49586,0.00029810623
49589,0.00017935413
49597,4.3870463e-05
49598,0.9997491
49607,0.00015202013
49617,0.9994473
49623,2.6070258e-05
49624,0.999895
49626,0.0006791568
49628,0.00011023348
49632,0.0011036263
49634,0.941654
49635,0.0001621458
49638,0.9999589
49640,0.0005837832
49641,1.85991e-05
49644,0.00048053052
49645,7.486693e-05
49652,4.811558e-05
49653,0.003727254
49659,6.853231e-05
49661,2.732334e-05
49663,0.9997193
49666,0.9998318
49668,0.00027243525
49670,0.9997832
49674,0.99968946
49682,0.00018337391
49683,2.6307416e-05
49685,0.9996265
49686,0.12667823
49691,0.9992275
49693,0.00070102874
49695,3.92553e-05
49701,9.472068e-05
49702,0.9997702
49703,2.9438721e-05
49704,7.396225e-05
49708,0.00023138354
49709,0.00014649762
49711,6.9172675e-05
49714,0.0003048123
49718,0.99979717
49721,3.391972e-05
49722,0.001709718
49730,0.03805195
49732,0.99957687
49734,3.1813168e-05
49738,0.00019024039
49739,0.00013390777
49741,0.12646537
49742,0.0002998155
49743,0.9997124
49750,0.00050493766
49751,0.99967194
49752,0.00043043337
49759,4.7198126e-05
49760,5.0244336e-05
49761,0.06975246
49766,5.912199e-05
49768,6.828227e-05
49774,0.99986696
49777,0.999482
49780,0.9999373
49789,2.7451999e-05
49795,0.016922424
49797,0.0005781452
49798,2.9356017e-05
49802,0.00016496757
49805,0.00061819056
49809,7.861252e-05
49811,0.0004658916
49822,0.00029449826
49825,0.9995468
49831,7.8609664e-05
49838,0.18203726
49839,6.746403e-05
49843,0.0024683047
49847,0.000196329
49848,0.13203187
49850,0.00010166861
49855,0.10611236
49856,0.16093932
49858,3.0179412e-05
49859,0.00015231191
49862,8.477328e-05
49863,0.0009747443
49864,2.3400646e-05
49865,0.9999536
49866,0.99962294
49867,0.9994254
49871,0.00093151926
49873,0.00034889733
49875,0.00010016597
49879,0.99977905
49882,0.99891007
49885,0.9988427
49890,0.00020816097
49896,0.015242573
49898,8.580021e-05
49900,4.17113e-05
49903,9.3465525e-05
49906,0.000112278205
49907,0.99980885
49908,0.0015096241
49909,0.00024065663
49911,0.00021314732
49915,0.0098060565
49923,0.0004626457
49931,1.9911675e-05
49932,0.00014536578
49937,0.00025002268
49940,8.495569e-05
49946,8.1050224e-05
49947,0.9639653
49950,0.999688
49961,0.9997149
49962,6.296619e-05
49968,0.9997975
49971,0.00031895447
49973,9.65167e-05
49980,0.9998429
49981,0.9998109
49989,0.0012453028
49991,0.9997874
49993,6.507264e-05
49994,3.518441e-05
49998,4.0139028e-05
50000,0.00022789897
50008,0.99938047
50010,0.0006560855
50011,0.99991715
50012,0.9996044
50013,2.5059187e-05
50015,0.10247744
50016,3.9883915e-05
50021,0.001051672
50026,0.00055711676
50027,0.9998246
50028,0.0005741387
50031,0.9346255
50054,0.0009390989
50058,7.388738e-05
50062,0.37237543
50063,5.574212e-05
50065,0.0011856112
50069,0.00023726873
50070,0.00023745999
50082,4.506552e-05
50084,0.9998677
50086,0.00017219369
50087,0.999902
50091,5.4292886e-05
50097,0.00037824953
50099,0.99985886
50109,7.705861e-05
50111,6.6383094e-05
50114,5.5296176e-05
50118,1.4980425e-05
50119,0.00039434416
50122,0.00024382424
50123,0.0002782028
50130,5.5193497e-05
50136,0.00015260484
50142,2.1392065e-05
50144,0.99982834
50147,0.9995621
50156,0.9995838
50159,0.00044891282
50161,0.000751441
50168,0.9992781
50169,0.00017766246
50170,0.00033252817
50174,0.000550461
50179,6.243702e-05
50187,0.9997305
50188,0.9997508
50189,5.623106e-05
50191,0.00081670465
50196,4.571466e-05
50199,0.00024600336
50203,0.0003644519
50206,0.9998128
50207,0.99988854
50209,0.9998079
50211,0.00012511255
50215,7.517957e-05
50218,0.00031503628
50223,0.99996924
50225,0.99959916
50231,5.9953014e-05
50232,0.20102756
50237,0.000118839635
50238,8.5990156e-05
50242,8.5504624e-05
50243,0.0006755225
50245,4.4969915e-05
50262,3.354573e-05
50263,9.875783e-05
50268,6.4053835e-05
50269,7.5887314e-05
50271,0.08948043
50272,3.9381775e-05
50280,4.2770956e-05
50283,0.00016100112
50286,0.00014763745
50291,2.510224e-05
50293,6.134571e-05
50296,0.068297565
50301,0.001142995
50302,0.9996282
50303,2.1150227e-05
50304,0.9996743
50306,3.3170385e-05
50314,0.9999378
50322,0.9999155
50323,0.9914513
50324,0.029647779
50327,0.00013240294
50331,0.0003770275
50338,0.00011063301
50339,0.99976
50343,0.99990594
50344,4.7266458e-05
50345,0.00021369981
50359,0.0010537358
50370,0.00018067597
50374,0.00023691676
50379,3.220999e-05
50382,0.00011188788
50388,0.00016399348
50389,0.0001251771
50392,0.9995764
50395,0.00032405255
50398,5.589628e-05
50404,1.5892152e-05
50407,0.0073280837
50408,0.99976486
50413,0.0001860121
50423,0.00021036011
50424,5.7886446e-05
50428,0.00014407882
50432,9.117923e-05
50443,0.0006037508
50444,0.00014880003
50446,0.99966526
50447,0.08315622
50448,6.3775784e-05
50451,5.6072615e-05
50467,2.2384318e-05
50468,0.0130546605
50469,0.00067480566
50470,0.9998716
50474,0.0011675373
50475,0.00030402956
50477,0.00051205966
50481,0.9998373
50482,0.99859685
50484,5.861004e-05
50488,0.00057285663
50496,0.0005615261
50497,4.4204153e-05
50499,0.00052794395
50503,0.0011851302
50513,0.00014975014
50518,5.290105e-05
50519,0.9995695
50522,0.0013846792
50532,6.341367e-05
50533,0.0022291732
50538,0.0001105126
50541,0.99960726
50543,6.327106e-05
50545,0.9995659
50548,0.0003545048
50549,4.7991627e-05
50554,0.0003579345
50555,0.001004193
50562,0.00019337444
50575,0.9999032
50576,0.9999689
50581,0.0005717392
50584,0.00047977557
50587,0.00014433719
50590,0.007861582
50601,3.6497015e-05
50604,0.00018282869
50608,0.0011471256
50609,0.00047191375
50610,0.00018368436
50615,5.7029658e-05
50616,2.6322376e-05
50622,4.3454584e-05
50626,0.0003534379
50630,0.9986255
50642,0.002078272
50644,0.99984336
50665,0.99994445
50668,7.3742376e-05
50672,0.9997961
50677,6.770236e-05
50679,0.00033576344
50680,0.00012014037
50681,0.00014990728
50682,0.999966
50688,0.00061140995
50692,0.0022497794
50693,0.00019903277
50696,0.99990225
50697,0.0006289548
50698,0.00045387982
50702,9.098632e-05
50713,0.9929932
50718,0.00012297358
50720,0.00065875234
50721,9.939565e-05
50726,4.9806407e-05
50734,0.0003448292
50736,4.4049048e-05
50737,0.99990904
50738,0.0002648573
50753,3.2842938e-05
50754,0.9754606
50756,0.99943525
50759,0.00021103995
50771,0.00017871993
50772,3.8869453e-05
50774,0.0006912605
50775,0.0002655205
50783,0.9999187
50785,0.9997677
50787,0.0003461734
50793,0.9999505
50794,5.698633e-05
50795,0.00032535827
50799,0.0015927646
50800,0.9601358
50802,0.00017770802
50804,0.0008480775
50811,4.2153322e-05
50812,8.7462206e-05
50818,2.0085532e-05
50819,0.9980234
50823,0.0011500623
50825,0.99945134
50826,0.001195392
50829,0.0005061812
50831,0.99986184
50832,0.9997931
50833,6.991363e-05
50840,0.017599402
50850,0.99989784
50859,0.99963164
50860,0.999759
50870,0.0011491944
50874,0.0002500618
50875,9.8499564e-05
50877,4.1632575e-05
50878,0.00030940966
50880,0.00046992383
50882,0.99990964
50898,0.00012822148
50901,5.9305963e-05
50902,0.0005727278
50910,0.000111686306
50911,0.00011459523
50912,6.010253e-05
50916,0.005913939
50917,0.0001644275
50921,3.808269e-05
50925,0.00044976882
50929,0.9671068
50930,0.000535574
50938,9.561292e-05
50944,1.6572763e-05
50945,0.0001096897
50949,5.4930166e-05
50950,0.00012942519
50957,0.0002006901
50965,0.089337826
50966,9.0912516e-05
50969,4.1436117e-05
50972,6.475855e-05
50973,0.00034824916
50975,0.00013064043
50977,0.00030210693
50982,0.000117063144
50987,0.012196092
50989,0.00093607366
51001,8.312781e-05
51006,7.517964e-05
51007,0.0001116991
51010,0.19162415
51011,0.9998165
51012,0.026905205
51020,1.508689e-05
51022,3.6124184e-05
51023,5.298476e-05
51026,4.7994414e-05
51028,0.99964345
51030,4.2284453e-05
51042,0.99976593
51046,3.791672e-05
51053,3.0064624e-05
51057,0.99884367
51059,0.00029791528
51064,2.3395223e-05
51069,0.0003263558
51076,0.20810091
51082,9.312409e-05
51086,0.00037838568
51089,0.00049035676
51100,0.9760761
51104,0.0044694557
51105,0.021098427
51112,0.00061178184
51124,0.00025267337
51128,3.8114773e-05
51129,0.00017080127
51135,0.18655828
51138,0.013843487
51142,0.0002108362
51144,5.609182e-05
51149,8.771695e-05
51160,0.9998622
51161,0.0010781459
51168,0.00026118883
51172,0.09432754
51174,7.29797e-05
51175,0.99972624
51185,2.1551641e-05
51189,0.00038666526
51194,2.3420538e-05
51196,0.999884
51197,2.7302243e-05
51200,2.3423241e-05
51205,0.00016326563
51209,0.00020998357
51210,5.4967477e-05
51211,0.0003330393
51216,0.0008346308
51230,0.0010801774
51231,7.428258e-05
51239,0.99990535
51241,0.00014271327
51245,8.839155e-05
51250,0.00014733325
51254,0.98436314
51256,0.00026253026
51261,5.955516e-05
51264,0.00022971928
51268,0.0002566044
51270,0.0009362168
51271,0.00049703155
51275,0.00015414525
51277,0.9359294
51281,6.305302e-05
51316,0.06837682
51318,0.00045487474
51323,0.07654632
51327,5.0387953e-05
51330,0.9998784
51333,0.00015423464
51334,6.2792e-05
51335,3.5488905e-05
51342,0.00017969786
51345,6.759966e-05
51349,0.99989843
51350,0.009241925
51354,5.3580057e-05
51358,0.00013934785
51359,0.00041228236
51361,2.034261e-05
51373,0.9997563
51382,0.99991834
51388,0.00025348872
51389,0.00010819308
51390,0.9998795
51392,0.9998615
51393,0.00075241085
51396,1.0925633e-05
51398,0.999561
51399,0.00062681065
51402,0.00026493586
51410,0.999819
51411,3.584178e-05
51414,6.162862e-05
51415,0.14914729
51418,0.0005436225
51435,0.00028602115
51450,0.9999571
51452,6.398527e-05
51453,0.00043955978
51457,7.258154e-05
51458,3.5111974e-05
51459,0.98085034
51461,0.9995522
51462,6.3508625e-05
51464,0.00031548113
51465,0.9997905
51475,0.0005411805
51481,0.9978625
51483,0.9986229
51485,0.99952734
51492,0.0003530116
51497,0.06800794
51511,0.00016598734
51512,0.1572348
51514,0.22882287
51517,0.00030584045
51518,0.00017385915
51521,0.00010508299
51523,9.994309e-05
51525,0.9998344
51529,0.00017780937
51531,0.00011295119
51533,2.3190705e-05
51539,0.8824832
51541,0.00011892726
51542,0.9998796
51543,7.048054e-05
51544,0.00014867366
51547,4.6342513e-05
51551,3.4161436e-05
51556,0.00017785991
51559,0.00026109396
51562,0.00018619753
51563,0.00028006968
51565,8.423491e-05
51570,0.000388612
51577,0.9998996
51579,5.3426535e-05
51580,0.00022289528
51586,0.9997733
51593,0.999711
51594,2.3038167e-05
51596,0.00017516939
51601,0.00038515194
51603,0.9999081
51609,0.00061319274
51612,0.00013563054
51614,0.99989486
51615,0.060985904
51618,0.99975556
51623,0.9467407
51630,0.00014597166
51632,0.00014126337
51634,5.111741e-05
51636,4.6549445e-05
51640,0.9998129
51641,0.99929786
51647,0.9984478
51650,0.99985564
51652,8.8745845e-05
51654,2.0157451e-05
51657,0.00055561285
51666,0.00011124828
51667,0.00030090025
51673,0.0002274288
51676,0.9991799
51677,0.056600854
51680,0.0013398993
51683,0.00052350765
51686,4.5746274e-05
51691,0.0006493726
51694,0.000117666365
51706,0.99942833
51707,0.00034588343
51710,0.9999732
51715,0.9998436
51722,3.187132e-05
51727,0.00030812502
51738,0.0003472718
51741,0.9996253
51742,0.00029819575
51753,5.4292213e-05
51754,4.3291122e-05
51758,0.000109535846
51759,0.9997793
51772,3.005009e-05
51773,0.00023877197
51782,0.99971944
51798,4.9453763e-05
51801,5.0228817e-05
51807,0.99991417
51814,0.9992735
51818,0.0014312569
51820,0.00014967719
51825,8.6697175e-05
51828,2.2152884e-05
51829,0.0002609725
51834,0.999642
51836,0.98457354
51840,0.99989307
51847,0.99972767
51851,0.00012944468
51856,0.00044792838
51857,2.9721316e-05
51859,0.0001221697
51861,0.00029419435
51865,0.00011891377
51874,0.99998736
51879,6.137192e-05
51883,0.9998141
51884,3.0905154e-05
51888,0.000101675876
51891,0.9999193
51913,0.9337475
51914,6.895284e-05
51917,0.00037773387
51919,0.9999565
51920,0.9998518
51943,0.0006599866
51944,0.95337915
51946,0.00011632118
51955,4.2568154e-05
51961,0.17638285
51963,0.08126886
51965,0.0009111823
51966,0.00078364526
51970,3.2573596e-05
51972,5.8047193e-05
51985,6.5443666e-05
51987,6.647019e-05
51990,3.476732e-05
51996,8.465776e-05
52002,0.29039574
52005,0.0005701276
52007,0.9994566
52012,0.051533386
52016,0.9997737
52025,0.00016427612
52027,4.3202002e-05
52029,0.99983263
52032,3.6381192e-05
52034,0.9999399
52040,0.99987257
52041,4.5245088e-05
52042,0.00046374442
52044,0.002912879
52049,0.000103450446
52053,8.829871e-05
52056,0.00075197
52059,0.00041592927
52061,2.5077117e-05
52067,7.573066e-05
52073,0.0002398254
52079,0.0005000996
52080,0.00010781809
52083,0.00060865405
52090,0.0001335096
52101,0.00015061609
52103,0.0001152877
52104,0.0001051292
52117,8.1169565e-05
52122,0.0008667421
52123,0.00019927527
52128,6.4368505e-05
52129,0.0003722869
52131,7.456953e-05
52136,0.00038966924
52137,0.00012846601
52139,0.999915
52141,0.00043465412
52150,3.176224e-05
52159,0.00041995384
52162,0.00395923
52163,0.0012178122
52165,0.000251354
52168,0.99985063
52170,0.0005488746
52173,0.00037457826
52177,0.0005400396
52178,0.000117205775
52182,9.1387876e-05
52195,6.496166e-05
52197,5.0532602e-05
52200,0.00020057839
52206,0.0004700701
52210,0.9998122
52211,0.9995023
52218,4.1485026e-05
52223,0.00041946652
52229,4.88161e-05
52235,7.5603595e-05
52238,0.00054435513
52239,0.0010716568
52240,0.00023013909
52241,0.00014793732
52247,7.992413e-05
52248,0.9996643
52261,8.86119e-05
52262,0.00043029676
52263,0.9998547
52265,0.9999578
52269,0.9996234
52270,2.2600447e-05
52272,8.64214e-05
52277,0.9999362
52279,3.6703994e-05
52281,0.9341216
52285,8.501193e-05
52293,7.487179e-05
52296,5.628928e-05
52303,7.5682874e-05
52317,0.9997483
52318,9.977512e-05
52320,0.00066675694
52321,0.9999651
52328,4.7429454e-05
52330,5.1536736e-05
52334,0.0009526387
52347,0.9985012
52348,0.0012895794
52351,1.9522739e-05
52352,0.0002780633
52355,0.00029952353
52359,6.560487e-05
52360,4.540761e-05
52363,9.229185e-05
52370,0.0007350858
52371,0.9999511
52383,0.000684565
52386,6.507004e-05
52394,0.99941826
52398,0.00044165016
52399,0.0010758486
52400,7.6934746e-05
52406,3.8952316e-05
52410,9.324351e-05
52411,0.9997075
52415,0.00016531636
52418,8.914279e-05
52419,0.00042748736
52422,6.536022e-05
52425,0.00028777748
52428,0.002329525
52429,0.9995969
52433,0.0005078502
52434,0.00018513657
52439,5.929884e-05
52453,0.99992096
52456,4.822951e-05
52466,9.315366e-05
52479,0.00043163088
52482,0.00028756712
52483,0.00071739673
52489,1.0859753e-05
52490,5.7750476e-05
52498,7.844492e-05
52509,5.5657503e-05
52511,0.99933237
52512,0.00010089866
52516,0.9997719
52518,5.4667104e-05
52529,0.00029772817
52530,0.018207325
52532,8.886517e-05
52533,0.999323
52541,5.1808398e-05
52544,0.9998448
52551,0.00035539086
52557,0.0004009446
52559,0.99987614
52563,7.150181e-05
52570,6.5784174e-05
52572,0.001001802
52573,0.06976449
52576,8.504185e-05
52583,0.9998305
52584,0.9997098
52590,0.00044784596
52593,0.00063688465
52594,0.0003916001
52598,0.99969375
52600,1.7678969e-05
52601,0.13901491
52603,4.0414845e-05
52606,0.9564449
52610,0.0736158
52621,0.00083785364
52622,0.9490331
52626,0.99986136
52628,0.99993384
52635,0.99959284
52639,0.00016696723
52640,0.00020360744
52644,0.0046057273
52653,0.9966344
52661,6.360002e-05
52668,5.6394423e-05
52669,0.00046394693
52672,0.00023059508
52682,0.0008647717
52683,0.00029796187
52686,0.9997179
52689,6.053324e-05
52691,0.23296869
52698,0.99971706
52699,0.00023815446
52710,0.000108825596
52712,0.00015163561
52719,0.06302317
52722,6.2936655e-05
52728,7.1237606e-05
52735,0.00069745356
52736,0.000102299266
52738,0.00010827245
52741,0.00012590842
52775,0.000102803475
52780,8.680588e-05
52789,3.280347e-05
52793,0.0006385545
52794,8.394639e-05
52795,0.0018684062
52796,0.00040930285
52798,0.99954456
52817,0.99985254
52825,7.25632e-05
52832,0.9998908
52833,0.00043542276
52835,0.00013279213
52836,0.9442568
52843,0.001322528
52847,7.28715e-05
52853,0.9998839
52854,3.579539e-05
52865,3.9822957e-05
52870,0.99562234
52877,0.00011609943
52879,9.153859e-05
52886,0.0011356453
52887,2.9658317e-05
52890,0.99979323
52893,8.054025e-05
52894,8.8017165e-05
52895,6.268461e-05
52899,0.9994505
52908,0.0004641982
52909,8.140343e-05
52910,0.0002924616
52912,0.000326042
52926,0.008163789
52936,0.99980766
52938,0.00044127373
52944,0.00015666266
52948,3.4097447e-05
52949,2.2681239e-05
52950,0.9996475
52954,0.00030570955
52955,0.00017681206
52958,0.00032303372
52959,0.00054652017
52960,0.00019978036
52962,0.0016400206
52965,0.0013819298
52966,0.000188979
52969,0.9995198
52971,0.97625184
52972,0.00033160028
52975,6.513255e-05
52978,0.0004537855
52981,6.584706e-05
52984,6.1796985e-05
52992,0.99856025
52994,0.00012250766
52995,6.3659965e-05
52999,0.99891233
53007,0.0005488924
53008,0.051734533
53012,6.990582e-05
53017,0.9997894
53020,0.0002888385
53025,0.002429736
53027,7.1619936e-05
53029,0.99984515
53030,9.271949e-05
53037,0.99940526
53041,0.999816
53046,0.009312903
53053,0.00035563487
53056,0.00023138884
53061,6.366343e-05
53065,0.9976774
53067,0.0010995573
53074,0.1649747
53075,0.9996357
53079,0.00033449507
53080,0.999767
53085,0.00010344966
53086,8.027503e-05
53087,0.0003624584
53094,0.99805546
53104,0.12596019
53107,0.00032285607
53113,0.00012057282
53114,0.0003503257
53117,0.0002623721
53124,7.390401e-05
53127,0.00046573664
53129,2.8923736e-05
53130,0.0006815442
53134,0.00010505174
53135,5.5317218e-05
53136,4.1594085e-05
53139,5.743375e-05
53140,0.00053836365
53142,0.999964
53144,8.3062834e-05
53145,0.9997819
53146,2.1880147e-05
53150,6.504094e-05
53154,0.999121
53155,4.754321e-05
53164,2.9879693e-05
53165,0.9956468
53166,0.99965394
53168,5.7622357e-05
53169,0.9994209
53173,0.999848
53174,0.0006921494
53178,0.00959883
53182,0.9993782
53185,0.9999373
53188,0.91387606
53190,9.826503e-05
53192,0.000959596
53194,0.0036727937
53198,0.00018758267
53200,0.008573313
53201,5.1492716e-05
53217,0.00020188214
53219,4.0586332e-05
53221,0.00018345016
53228,0.9998754
53231,5.3781958e-05
53235,3.6273832e-05
53237,8.0733415e-05
53244,0.937435
53250,0.0005938879
53252,3.8783182e-05
53254,0.00037270592
53256,3.142477e-05
53265,6.678648e-05
53273,5.819207e-05
53274,0.99991775
53275,0.008331956
53281,0.9998685
53286,0.0002512608
53290,0.0003921704
53293,0.000719951
53294,0.00042773905
53315,0.0001374221
53321,0.0628054
53322,8.972219e-05
53324,0.9996964
53326,0.0002538963
53329,1.2552971e-05
53332,0.00010070939
53334,0.0005693386
53336,2.0595611e-05
53341,6.45291e-05
53342,0.95429814
53343,0.0012791052
53344,0.00069125125
53345,4.8396938e-05
53352,0.0005065355
53355,2.718271e-05
53356,0.0003904218
53366,0.0007301394
53380,0.004875827
53381,0.0001191736
53386,7.301925e-05
53387,0.9998746
53388,5.7016176e-05
53392,0.99600416
53393,0.9593577
53397,0.00014955962
53400,2.9367471e-05
53402,0.9997433
53407,8.4364816e-05
53408,3.0629493e-05
53411,0.000119321994
53413,0.9999732
53421,5.622972e-05
53424,5.5114077e-05
53427,0.9996922
53428,0.00010515747
53430,2.8566445e-05
53433,0.00023072727
53440,3.9044473e-05
53447,0.99927396
53451,0.00024242415
53458,4.4374872e-05
53460,0.9998584
53461,0.0001953427
53466,2.267737e-05
53469,0.9995913
53471,0.00014329607
53472,0.9995864
53474,0.0007044734
53475,4.6171317e-05
53476,7.676663e-05
53485,2.5547257e-05
53486,0.19396092
53487,0.00013530026
53491,0.00013227374
53495,0.9998267
53497,0.00031246385
53499,0.9998951
53500,0.00051206944
53501,0.08776183
53506,9.6289645e-05
53515,0.00041301403
53519,0.99970835
53522,0.99982387
53526,0.00045579404
53534,0.00018235964
53536,0.95189977
53540,3.6528945e-05
53541,0.9996511
53545,5.168626e-05
53547,0.00014892509
53552,9.228111e-05
53556,6.861196e-05
53561,0.0011144982
53565,0.9999255
53566,0.00018261038
53569,0.00032799743
53573,0.99985933
53575,0.9998684
53582,7.8706806e-05
53589,9.3427654e-05
53592,0.99934334
53595,0.0006731953
53600,0.99937135
53601,0.9999206
53602,0.99932766
53603,0.999186
53604,0.99997663
53616,0.99974793
53627,6.7578454e-05
53628,0.9999244
53632,9.993985e-05
53641,0.00022682938
53644,5.620292e-05
53662,0.00010460491
53666,0.999571
53675,0.00030568536
53676,0.00012419587
53682,0.9997416
53686,0.0002823817
53690,0.00033440322
53692,0.0312209
53704,0.00020225284
53707,0.99981385
53710,4.9751863e-05
53716,0.116428755
53717,0.9998462
53718,0.00034374296
53723,0.9996283
53724,0.9997702
53727,0.0005254932
53730,0.00019400327
53732,0.00010282936
53739,0.99933535
53749,0.00015552716
53752,4.5448724e-05
53753,0.99974173
53765,0.0003812961
53770,0.9997174
53774,0.96878594
53776,0.00019611906
53779,0.99961495
53780,8.58277e-05
53781,0.9997278
53788,0.000191785
53789,0.01833889
53798,9.200258e-05
53806,0.0007799092
53807,6.673173e-05
53808,6.625819e-05
53809,9.8585835e-05
53811,0.00018235165
53812,0.0006131545
53813,7.3483905e-05
53820,0.00036113066
53822,6.6031105e-05
53828,8.048935e-05
53837,0.0011051991
53839,0.0001590271
53840,0.00015696589
53848,0.00012088226
53862,0.9997925
53869,0.00010621727
53871,0.0009896471
53875,7.399512e-05
53881,0.0003505776
53882,0.00011896765
53883,0.9994105
53896,2.0818896e-05
53903,0.00040162497
53904,0.9998312
53906,0.0014996664
53908,0.99821305
53917,0.00021393057
53921,0.00010234815
53923,9.6709526e-05
53926,6.202695e-05
53934,0.00012809696
53938,0.0002881256
53948,0.9896506
53950,7.224924e-05
53953,0.9998416
53956,0.0002357046
53957,0.89006734
53962,0.00014307052
53966,0.99995375
53967,0.9998609
53969,0.00016811184
53973,0.9998161
53975,0.00014360342
53994,8.978913e-05
53997,0.9998903
53998,0.00013280187
54005,0.99966633
54009,0.9976922
54012,0.9975902
54017,3.6528978e-05
54025,0.12536705
54029,0.9992536
54030,0.00054259313
54031,0.069320045
54032,0.0013406485
54039,0.00044112044
54045,8.479737e-05
54049,0.99976104
54056,0.99986935
54057,4.4934033e-05
54060,0.00019408135
54069,0.00030209657
54080,0.00010141676
54082,0.00017128026
54084,0.00018013
54085,0.0013973442
54088,0.9998578
54092,0.0003636334
54096,0.9998913
54099,0.00033856797
54103,0.00013276693
54107,6.83512e-05
54111,0.9652092
54119,0.00012568626
54120,6.537549e-05
54126,0.0010830356
54137,0.9999105
54139,0.9260472
54145,9.7892414e-05
54147,4.6825262e-05
54148,0.0001896109
54149,3.1172764e-05
54153,0.00053989195
54156,0.0002005235
54157,0.0002029231
54159,7.371411e-05
54163,0.00010256632
54169,0.998288
54172,0.0010535391
54179,6.894416e-05
54190,0.94770145
54192,0.00019406025
54195,6.6718945e-05
54199,0.99974424
54201,0.9998016
54202,0.999602
54205,0.9998115
54208,0.9998758
54231,0.029797725
54232,0.9992637
54233,0.0006875589
54234,4.2083597e-05
54238,0.0002379849
54241,0.00029356507
54245,0.0006007445
54247,0.00086754194
54259,8.687245e-05
54260,0.9996786
54261,4.4460605e-05
54263,5.932695e-05
54264,3.7644702e-05
54266,5.2256106e-05
54270,9.969047e-05
54274,5.4914664e-05
54278,0.00012870313
54279,0.00020335737
54282,0.00010360693
54285,0.9993747
54286,0.9996909
54287,2.6123915e-05
54291,9.2697395e-05
54292,0.9998827
54293,0.9997409
54297,0.00027503882
54300,0.9990646
54301,0.00029427625
54304,0.9994493
54305,9.77346e-05
54308,0.00010571135
54316,0.0058562923
54319,4.7616308e-05
54320,0.09942428
54325,0.00039700491
54326,0.9995845
54331,0.00025184744
54332,0.00013981888
54334,0.00017491487
54337,0.00093275466
54339,0.00017999504
54340,0.00017944342
54346,0.99975127
54352,0.00022531966
54354,0.99968624
54364,3.8342736e-05
54365,0.0003435744
54372,0.0012109246
54378,4.5489436e-05
54381,0.00018559735
54385,0.99915195
54393,0.21512932
54397,0.00012050983
54399,0.00015552716
54404,6.216249e-05
54422,8.205489e-05
54427,0.0003270569
54429,0.99979085
54432,0.9998603
54440,0.00043329637
54442,0.9999331
54444,0.9997577
54445,7.248394e-05
54446,5.8293936e-05
54448,0.99850476
54449,4.2378433e-05
54450,5.3495565e-05
54452,0.00030261546
54456,0.000100246805
54460,0.9998192
54461,0.0009103353
54462,0.00011806096
54464,0.9997831
54468,0.000168785
54469,0.99996996
54470,0.0013998189
54485,0.09460805
54487,7.6792254e-05
54496,0.00067206036
54497,0.00075264496
54524,0.00040930227
54526,0.00066533795
54529,9.502719e-05
54532,9.563545e-05
54533,0.99971706
54534,3.3871846e-05
54545,0.00037529008
54546,0.00047019447
54551,3.9272563e-05
54568,0.00017997703
54569,4.824731e-05
54572,0.00011455589
54573,7.0827125e-05
54580,0.99979395
54592,3.6073583e-05
54594,0.00014713628
54599,0.00029989184
54600,0.929512
54602,0.9953721
54604,0.0008305102
54606,0.9978149
54610,0.99973756
54611,0.00019281804
54613,0.0001932574
54615,0.00048487913
54622,2.5165327e-05
54627,0.000114404254
54629,0.00018106244
54630,0.9996679
54632,0.00019139571
54634,0.0008309056
54637,0.16696768
54638,6.000695e-05
54639,0.00011434034
54647,0.00034213538
54648,0.999569
54652,0.99986804
54657,0.075884186
54661,0.99979216
54669,6.354194e-05
54673,0.00015579922
54681,0.07102735
54684,6.492104e-05
54695,4.0370473e-05
54705,0.9999386
54706,0.9997936
54720,0.99981624
54721,0.000111751826
54727,7.182553e-05
54731,0.00012279325
54733,3.823181e-05
54739,0.000114276365
54741,0.00034744502
54747,0.9997608
54750,0.012364974
54751,0.9999683
54752,0.00026323582
54756,0.00021624776
54757,7.490377e-05
54762,0.9999753
54767,9.71948e-05
54772,0.00042773824
54773,0.0002163975
54774,0.99983585
54779,9.7795106e-05
54780,0.99971217
54787,0.00032236212
54796,0.00017620315
54797,0.0141112385
54807,7.150106e-05
54813,3.848219e-05
54815,0.9995752
54818,8.743819e-05
54820,0.9996414
54834,0.00021592142
54835,8.906309e-05
54842,0.00014706068
54846,0.0001298472
54850,0.9993204
54854,0.0002798767
54855,0.0006354198
54856,3.9267095e-05
54857,0.00087010744
54860,0.90561944
54871,0.0037260181
54872,0.0006895488
54874,0.00010411142
54878,0.9999169
54880,0.00020578675
54884,0.9996581
54885,7.050904e-05
54891,0.0002826807
54893,0.0010562078
54900,0.0007149496
54911,0.00010238232
54913,0.00010636627
54914,0.00044057876
54916,0.000118270655
54918,0.99963987
54932,0.99982685
54940,0.9997955
54943,4.7849913e-05
54948,5.1761777e-05
54949,0.9999032
54950,0.00030488844
54954,0.99984825
54955,0.9995555
54958,0.23278682
54964,0.00016785301
54966,0.999788
54967,0.9997559
54968,0.9980323
54977,0.00011936058
54979,0.00013902507
54988,0.038004465
54991,0.00046553402
55005,0.0014524299
55014,0.99989796
55021,0.0010090033
55024,6.207032e-05
55028,0.00036928392
55030,0.00018157955
55036,7.2587696e-05
55040,0.9998865
55042,0.0004577754
55048,0.00103813
55049,0.99970824
55056,0.99986327
55057,0.00029949725
55059,0.00025930358
55065,0.08602811
55073,3.0316225e-05
55074,0.0020760857
55076,0.08752647
55080,0.0005413672
55085,0.99984527
55087,0.9995426
55089,0.0009733114
55090,3.28734e-05
55091,5.4601456e-05
55092,0.00053089065
55104,9.0657646e-05
55106,6.182764e-05
55107,0.9879787
55111,0.00015155612
55113,0.00010959278
55117,0.9990427
55124,0.9977581
55131,0.000172172
55141,0.9904773
55150,7.045984e-05
55156,0.000477349
55161,0.00017823034
55176,0.00012945641
55183,0.0006579665
55186,0.0005798192
55187,0.99984217
55190,0.20326263
55191,0.99928397
55193,8.0587575e-05
55194,0.99978334
55196,3.3797118e-05
55201,0.004581245
55207,0.0012991275
55208,0.9998223
55211,5.024247e-05
55212,0.99987125
55213,4.7476427e-05
55223,0.00035541438
55224,0.0020156922
55234,0.9992767
55241,0.9999671
55244,0.9998622
55245,0.0012146889
55248,0.9999224
55249,0.00012943172
55250,0.00014670395
55261,1.9951212e-05
55283,0.00028038817
55288,0.9998336
55289,2.6096723e-05
55290,5.9494025e-05
55294,0.9999429
55296,0.00031192158
55298,0.00011562999
55304,8.709276e-05
55307,0.00016237433
55329,0.99990785
55335,7.85334e-05
55344,0.00025708438
55349,8.4804895e-05
55352,0.06852973
55353,6.1862906e-05
55359,3.1990046e-05
55362,4.8543232e-05
55367,0.0006064438
55370,0.9998246
55371,0.0002647889
55376,0.0008826522
55378,0.0016319249
55379,0.00015396031
55382,2.9722363e-05
55415,0.00013557325
55416,7.7058394e-05
55420,0.00036730216
55423,0.0009955866
55426,6.4403015e-05
55427,9.239584e-05
55433,4.3331474e-05
55439,0.99966455
55441,4.5283286e-05
55442,3.481008e-05
55446,9.550449e-05
55454,0.99986184
55455,0.99993193
55456,0.00023951827
55462,0.99991345
55475,0.0006968915
55487,9.146625e-05
55488,2.49749e-05
55496,0.00012883206
55502,0.00017557289
55504,0.00021093513
55510,0.99905187
55511,0.00037250255
55513,9.1431815e-05
55518,0.047698453
55525,0.0013140636
55526,0.0052188803
55528,0.018043939
55529,7.900466e-05
55538,0.00024440754
55550,0.99960214
55551,0.0005376058
55571,0.00020107836
55572,0.00034724863
55585,3.067635e-05
55597,0.00012199334
55606,3.6466434e-05
55610,0.0047781533
55612,0.99877137
55615,8.688083e-05
55616,0.00012555966
55617,0.000115398565
55618,0.99971586
55619,0.9662682
55620,0.00014386191
55622,0.9995295
55638,0.00025220186
55642,0.9997409
55644,6.966785e-05
55646,0.9995695
55647,2.1594577e-05
55653,0.012153163
55655,0.9998785
55658,8.569579e-05
55660,0.00011286699
55661,0.00056673825
55665,0.0003165193
55669,0.0006595125
55672,0.99993145
55676,2.779286e-05
55680,8.0632315e-05
55682,0.00027474842
55683,0.9998004
55685,6.0894406e-05
55687,6.231069e-05
55688,8.464589e-05
55689,0.0002576839
55702,0.056445763
55706,0.9998963
55710,0.0007200375
55719,0.99966395
55720,0.00026695212
55721,2.6906517e-05
55722,0.07196427
55723,0.00011880984
55739,0.00013983021
55741,0.0002744217
55749,0.00035529872
55754,0.00028148794
55755,0.00016076335
55761,0.00061710126
55762,7.32577e-05
55771,4.4558445e-05
55774,0.00018142934
55775,0.00013795437
55776,0.0006786133
55778,0.00012894772
55779,7.991879e-05
55784,0.0007500323
55788,0.9998574
55791,0.00010732838
55799,0.00032298875
55804,0.000505372
55805,0.0006119617
55806,0.99973613
55808,0.23536666
55809,0.99986553
55811,0.00017380976
55813,7.000416e-05
55816,0.00015936546
55820,8.306457e-05
55821,0.00017611479
55822,0.00016683435
55824,0.99968946
55826,5.728972e-05
55827,0.00014654834
55830,8.3478444e-05
55835,0.055405032
55838,0.99970406
55843,0.00065626996
55844,0.0017442196
55852,0.9619814
55853,2.5381982e-05
55857,0.9993318
55859,0.046563815
55861,4.936499e-05
55864,9.335151e-05
55865,0.99981874
55866,0.9997018
55871,0.00043109714
55881,0.00014838744
55882,0.00016030566
55887,9.145073e-05
55895,0.00016045629
55900,0.0010849744
55911,0.00012892963
55913,0.999979
55916,0.000109479035
55917,3.528037e-05
55918,6.489015e-05
55919,0.0002035894
55925,5.5142988e-05
55931,4.4980254e-05
55933,3.7074708e-05
55935,0.00032314152
55936,2.761058e-05
55937,0.9998086
55939,0.0007327411
55941,0.00077140314
55944,0.9993311
55945,0.9422819
55946,0.0013244491
55955,3.4068227e-05
55967,0.00083212263
55972,0.0008941751
55977,0.99993336
55982,0.00032769924
55983,0.0011309577
55988,0.000803809
55997,0.00041040112
55998,0.97455555
55999,0.0002747851
56002,0.00025670277
56006,0.00046430223
56011,5.5431756e-05
56012,0.0005899944
56014,0.00018858876
56021,0.00036849722
56024,0.00018413327
56026,0.00011341593
56034,0.9999683
56035,2.4583278e-05
56041,0.00013798673
56043,0.0006942813
56047,0.00861554
56049,0.9998037
56051,0.00048292958
56052,3.373449e-05
56053,0.9998017
56054,0.00019499153
56058,0.0006192429
56065,0.0004296225
56067,0.99986076
56068,0.9991448
56071,3.675713e-05
56075,0.2541487
56078,6.0347364e-05
56079,0.98759174
56086,0.059731163
56089,0.9429336
56095,0.00024333748
56101,4.90752e-05
56109,0.9575605
56111,0.99987054
56115,6.556109e-05
56118,0.16616699
56119,0.9997168
56121,0.9972677
56131,0.00025999945
56135,0.90091765
56137,0.07467845
56138,0.00014998007
56141,0.8662203
56147,8.109088e-05
56150,0.0001668528
56159,0.9995715
56163,0.0006700966
56170,4.6268815e-05
56181,0.99983394
56198,0.99979275
56200,0.99979216
56204,0.00052179466
56208,0.97726804
56215,2.5374162e-05
56230,0.00073522807
56238,0.00031775044
56241,0.9699421
56242,9.2046364e-05
56245,0.99992335
56247,0.00063131953
56249,0.11283086
56250,0.00034599358
56254,0.09379965
56255,0.00065608666
56260,0.003293347
56262,0.9997907
56266,9.439553e-05
56267,0.0027262864
56271,0.99983966
56274,6.016211e-05
56276,0.0001897545
56281,5.5877892e-05
56287,0.00019784739
56288,5.0075436e-05
56291,0.9998294
56295,7.728822e-05
56297,0.00022284918
56299,2.0211543e-05
56304,0.9999633
56305,6.110166e-05
56312,3.9989754e-05
56317,0.00030298842
56319,0.99978656
56321,0.00078057795
56322,0.9990201
56328,0.00031339348
56331,0.00034142213
56333,0.00023497065
56334,2.2464897e-05
56339,8.284924e-05
56342,0.00046069524
56360,3.0398414e-05
56362,0.999328
56363,0.0006168966
56364,9.6124415e-05
56365,0.0010790372
56366,4.7796373e-05
56367,0.0004983432
56368,0.9999366
56369,0.00018688694
56370,6.679272e-05
56373,6.7946195e-05
56374,0.9998134
56382,0.00017999299
56398,0.9997336
56404,0.003836117
56409,0.00088032096
56413,0.9993761
56414,5.54391e-05
56419,5.2120686e-05
56421,8.653438e-05
56422,0.001298742
56427,8.8129294e-05
56430,0.00817409
56432,0.0010091979
56436,8.061156e-05
56438,0.9999206
56467,0.9994649
56470,4.0993207e-05
56476,0.00022975345
56477,0.99992883
56478,0.00025016075
56482,0.10955981
56493,6.628909e-05
56494,0.0002330272
56498,5.2664374e-05
56501,0.9978327
56508,0.00037007793
56510,0.0008704768
56513,0.00020307118
56516,6.431617e-05
56522,0.9986266
56523,0.9998863
56525,0.000519469
56533,0.9033658
56539,0.00043585795
56549,7.850523e-05
56554,0.9999068
56556,8.727799e-05
56558,0.0017881792
56560,0.0007290158
56562,5.5506498e-05
56563,7.99489e-05
56567,0.00053207815
56568,0.9998504
56571,0.9988907
56572,0.99982387
56573,8.630931e-05
56574,0.07810492
56579,0.9996872
56593,2.251193e-05
56601,7.801641e-05
56610,0.0005402224
56614,9.606458e-05
56617,3.3435448e-05
56620,0.00026804776
56626,0.99929893
56627,8.87131e-05
56632,0.00012492419
56633,0.99995434
56635,0.00013370694
56644,7.062452e-05
56645,0.9998597
56658,0.00015939114
56659,0.99772924
56660,6.0459857e-05
56662,0.029076431
56663,0.00018415469
56667,0.99977165
56668,1.421706e-05
56674,5.984779e-05
56680,0.0003599229
56681,0.00015417524
56684,0.0009966433
56689,6.773433e-05
56696,2.5840236e-05
56699,0.00021606847
56701,4.1901192e-05
56704,0.9858503
56705,0.9996749
56706,7.456078e-05
56707,0.0004997746
56713,0.9998331
56717,0.0022559778
56721,5.0885657e-05
56722,7.560064e-05
56730,0.00033834582
56736,5.7238445e-05
56737,2.2947586e-05
56739,0.9994173
56740,0.0006077879
56742,3.4162444e-05
56744,0.00013703425
56747,6.868325e-05
56750,0.00012127978
56751,0.0029244658
56759,0.007400418
56761,0.00019111762
56763,3.2428696e-05
56769,7.847201e-05
56770,4.0525923e-05
56772,4.2320316e-05
56780,0.99993
56782,0.15492906
56791,0.00011243002
56793,9.516158e-05
56798,0.000117301155
56805,6.178762e-05
56807,0.99975556
56818,9.075444e-05
56819,0.00044869762
56827,5.0316165e-05
56834,0.00015481001
56835,0.00034422008
56836,0.000109066095
56838,0.9998673
56839,2.8793123e-05
56840,0.0002551696
56844,0.9999188
56846,5.029151e-05
56848,5.4973243e-05
56850,0.0023250454
56855,0.9997036
56858,3.6449535e-05
56869,0.001937992
56874,9.24653e-05
56881,0.9998018
56883,0.13153166
56889,8.667957e-05
56890,0.00011198971
56894,3.285365e-05
56898,2.3974875e-05
56901,7.731336e-05
56908,2.7912545e-05
56915,0.24581413
56921,0.950485
56925,0.9997954
56926,0.9655843
56927,0.003061226
56933,0.9991357
56936,0.0005304448
56938,0.000113031994
56942,0.0013178494
56943,0.00010665735
56945,0.99990654
56951,8.7443776e-05
56955,5.944735e-05
56964,0.0010240142
56965,0.32511336
56978,8.137199e-05
56980,6.4137144e-05
56987,7.048659e-05
57000,7.021341e-05
57002,0.99970216
57009,0.99988735
57016,6.445364e-05
57018,0.99988604
57025,0.00070234004
57026,0.0003921971
57027,0.0003547504
57031,0.103278734
57034,0.00048446958
57036,0.9997881
57038,2.9274943e-05
57039,0.9999536
57044,6.122817e-05
57048,6.634189e-05
57049,0.0026020613
57056,0.9989207
57057,4.7587797e-05
57061,6.998247e-05
57064,8.843868e-05
57066,3.0086365e-05
57067,0.99976975
57069,6.4692314e-05
57076,0.00038765089
57081,3.4695873e-05
57084,0.000116670424
57085,7.420272e-05
57086,5.094392e-05
57093,0.0005688941
57098,9.495491e-05
57099,0.40797397
57104,0.0003303958
57105,4.107409e-05
57113,0.9998055
57120,3.9935258e-05
57126,0.9997048
57130,0.00048869045
57136,0.00030025802
57137,0.0018492654
57139,0.9998628
57140,0.9997212
57143,0.00013143336
57147,0.9995983
57149,0.99994874
57151,0.00036774165
57153,0.0008170141
57155,0.9993094
57157,0.11887816
57158,0.000100686826
57163,8.824038e-05
57169,0.000208236
57171,0.99980706
57172,3.6854846e-05
57175,0.999928
57176,1.6524426e-05
57177,0.00025377623
57184,9.5736825e-05
57185,0.0001941054
57186,0.0011114432
57187,2.8682516e-05
57189,0.9995371
57192,3.7035836e-05
57194,8.886923e-05
57202,0.9999342
57203,4.6722267e-05
57207,0.00014186285
57208,0.00022130599
57217,0.9992194
57218,8.419708e-05
57220,6.4933054e-05
57221,0.99976736
57222,5.6205223e-05
57227,7.1776914e-05
57232,0.99973816
57244,0.2299818
57246,0.99973804
57253,5.0277267e-05
57264,0.9999231
57267,0.0007002668
57269,3.107953e-05
57270,0.0003232811
57271,0.00074093905
57273,0.99902284
57274,0.9999088
57276,6.204665e-05
57278,0.00024279262
57279,0.99977857
57287,2.1164633e-05
57292,2.5445745e-05
57295,7.7643395e-05
57297,0.00047552647
57300,0.9998276
57306,3.9394432e-05
57312,0.00014256175
57316,4.1465446e-05
57318,0.00016744697
57319,0.97599006
57320,0.0003355849
57321,0.98756963
57322,0.9928035
57323,0.9998969
57327,0.00017347168
57328,0.9997652
57333,2.4915877e-05
57336,0.0001436911
57340,4.498051e-05
57342,0.00031954065
57344,0.00065937766
57346,0.99980503
57348,0.0001884667
57356,9.5773066e-05
57365,0.00040851271
57366,0.00017337824
57368,2.3854253e-05
57370,0.999826
57376,0.0005828022
57378,0.0006838659
57385,0.00010107903
57394,0.0003621717
57405,0.0019787964
57409,3.715902e-05
57411,0.00025973213
57414,0.00023323369
57416,0.0007502135
57419,0.00025489437
57422,2.5835972e-05
57429,0.00013708745
57432,0.99991024
57433,0.00010302526
57438,0.99985147
57439,0.00035542864
57442,0.00087890826
57449,0.9997496
57450,1.6638849e-05
57461,3.2775293e-05
57462,0.00026292904
57463,0.99986684
57467,0.38457283
57474,0.99973625
57475,6.903706e-05
57483,0.00013155724
57492,0.999943
57497,2.7982163e-05
57499,3.5835215e-05
57508,0.00023774861
57513,0.00010698382
57515,0.00046642884
57525,0.00034976105
57532,9.3045e-05
57534,1.1321574e-05
57536,0.000796366
57541,0.0001878601
57542,0.999881
57548,0.99927217
57559,6.351438e-05
57560,1.9323801e-05
57564,0.0010514816
57565,3.4229462e-05
57583,0.00019192936
57585,0.00052872725
57588,1.5342208e-05
57589,0.00027914252
57595,0.000313119
57601,0.8727248
57609,4.1282492e-05
57613,0.00024877719
57623,0.9998093
57629,0.00030587806
57631,0.0006118751
57638,0.99977785
57649,0.000104685634
57650,0.0007709501
57651,5.6501165e-05
57658,3.6578058e-05
57665,0.0011279215
57666,0.00011351103
57672,2.320637e-05
57677,0.00057973684
57678,0.00013230136
57681,3.6536123e-05
57682,0.00013900133
57686,0.0009220783
57692,0.972899
57694,3.4522764e-05
57700,0.00099258
57703,2.939277e-05
57711,0.00026014875
57715,0.31469584
57718,0.000514138
57725,7.191723e-05
57733,2.3935901e-05
57734,6.9482405e-05
57738,0.0014593445
57739,0.0001696623
57743,4.987532e-05
57745,0.00024210631
57746,4.872397e-05
57748,1.8876804e-05
57749,0.99985886
57750,0.99983716
57757,0.0008843008
57758,0.00013855683
57759,2.7271408e-05
57760,0.00017333477
57780,0.9997117
57781,7.2571085e-05
57782,0.0003328431
57787,7.241009e-05
57789,8.20891e-05
57796,0.0002926239
57798,2.7201406e-05
57801,0.00055643776
57802,4.0157178e-05
57805,0.00021272158
57812,0.0002137544
57813,0.97376597
57816,0.000390922
57823,0.00091937627
57830,0.00023535384
57832,0.000102802594
57843,0.9999558
57850,9.197143e-05
57856,0.000329068
57864,5.070923e-05
57871,0.40108815
57874,9.145832e-05
57876,0.00089294737
57878,0.9997894
57884,0.00045812727
57889,0.00019221156
57898,0.00015643024
57901,9.959555e-05
57902,3.1830557e-05
57909,0.99763894
57912,2.1512993e-05
57918,0.0001198358
57923,0.99989104
57925,0.999548
57939,0.0007133088
57940,2.9663719e-05
57946,3.584858e-05
57948,0.9995309
57958,0.00040342347
57959,0.00054805935
57961,9.779837e-05
57971,0.12458676
57977,0.00020022508
57979,0.11929814
57982,0.0012402057
57989,5.9292393e-05
57997,0.003619704
57998,0.0058625196
58008,0.99978524
58012,0.9999006
58014,3.697006e-05
58016,6.3310166e-05
58022,0.99978536
58026,0.000192405
58040,0.99986935
58042,4.440929e-05
58048,0.0970438
58051,0.00017479666
58055,3.2982327e-05
58060,0.0006747041
58075,0.9993563
58078,6.286576e-05
58080,0.0001878121
58081,0.0007629887
58083,6.612449e-05
58089,0.9999143
58091,0.9994997
58093,0.00012169555
58094,0.0006137602
58096,5.792051e-05
58097,0.99682236
58110,0.9998547
58111,0.9998616
58114,9.508902e-05
58118,0.999731
58120,0.00047632903
58131,0.99972683
58139,0.99961793
58144,0.00022898366
58145,8.179747e-05
58146,3.8416118e-05
58147,6.0237144e-05
58152,0.00012886745
58163,0.00012450642
58167,0.99992895
58177,0.00011267311
58192,0.9997118
58193,0.99968934
58194,8.537898e-05
58201,6.969356e-05
58212,7.04872e-05
58213,0.0017514677
58223,7.184266e-05
58228,0.00078427384
58231,8.287762e-05
58232,0.9998178
58235,0.00013081045
58237,0.00026733443
58243,0.049107715
58250,2.075148e-05
58254,0.00012498877
58256,0.999728
58261,5.98418e-05
58266,0.9998671
58275,0.00018295251
58294,0.9999294
58303,0.00071843085
58309,8.364873e-05
58310,9.087057e-05
58311,0.9999231
58316,0.00020709373
58319,0.000105781124
58326,0.0003016338
58335,0.00018653924
58342,0.0013389507
58347,0.9998894
58355,0.99922657
58357,4.1155643e-05
58361,2.3107701e-05
58362,2.519532e-05
58369,0.0014634911
58373,0.00050584506
58376,0.99977
58379,0.9998247
58380,0.9999126
58382,0.99951327
58391,0.00045681183
58395,5.3194562e-05
58399,7.96784e-05
58403,0.920242
58406,0.0008678499
58407,0.99969125
58410,0.00038063712
58414,0.00092081446
58427,0.9998153
58429,0.0004938156
58431,7.4706106e-05
58435,7.737583e-05
58436,5.266307e-05
58439,4.7823953e-05
58440,4.2194508e-05
58441,0.9996816
58442,0.0002303817
58444,1.6948563e-05
58445,0.001274784
58454,0.00013707046
58458,1.4458486e-05
58460,0.0016780978
58461,0.9995995
58475,0.00013353265
58477,0.0001919773
58488,0.0004156332
58491,4.4927263e-05
58496,0.0005466041
58508,0.00012279126
58510,1.9106437e-05
58511,0.0005020617
58512,0.9993205
58515,0.99994195
58516,0.0005652846
58528,0.99555814
58529,0.0002888005
58530,0.0005268137
58533,0.3305388
58535,0.00053476956
58544,0.8452711
58547,0.00030710796
58549,0.999876
58550,3.0982406e-05
58554,0.12171102
58557,0.99978656
58562,0.99982315
58569,0.9869292
58570,5.832096e-05
58579,0.99977714
58581,4.586081e-05
58582,8.1257545e-05
58598,0.00059898413
58604,4.7632882e-05
58607,0.0020346544
58611,0.00015749557
58612,0.2212806
58618,9.6353935e-05
58626,0.0009790647
58636,0.00018628934
58643,1.6553431e-05
58646,0.9735666
58647,7.9099336e-05
58652,0.00027165766
58653,0.9993895
58658,0.00063575816
58670,0.99970055
58673,0.2614357
58675,1.6172953e-05
58676,0.00045352388
58678,0.00012820156
58679,0.9998392
58685,0.013188696
58693,0.00010532597
58695,0.0003122718
58698,0.9983444
58699,0.99979144
58716,6.728003e-05
58719,0.00031661193
58722,3.3675766e-05
58736,5.7544767e-05
58739,0.9998808
58742,0.00025963434
58743,0.00015002869
58746,0.9998041
58759,0.80344164
58763,7.682287e-05
58765,0.00020255949
58766,0.00033188367
58768,0.15531625
58769,0.097041205
58776,2.7769016e-05
58778,0.0009847423
58779,0.99991024
58780,0.9999163
58784,0.0007984826
58790,2.3198912e-05
58791,0.99965656
58792,5.1391857e-05
58795,0.0005489345
58805,0.00045913408
58809,0.9989267
58812,0.00038313563
58813,0.9996903
58818,0.9992512
58823,0.00040705205
58831,0.9999453
58835,0.105135344
58842,0.99969614
58847,0.0032875123
58855,0.9479329
58858,0.00029465358
58859,0.9997819
58863,0.00018265913
58865,0.00033018953
58875,0.17716813
58884,8.180644e-05
58885,0.99961936
58886,0.10281276
58891,0.0031620613
58894,0.011405804
58896,0.00013145317
58898,5.425526e-05
58902,0.00050622463
58904,0.091259405
58911,0.00020355193
58912,7.5931544e-05
58913,5.7307425e-05
58915,0.9995695
58916,3.3157925e-05
58918,0.00025527255
58920,8.364299e-05
58923,0.00021624363
58924,0.9999244
58925,0.99966526
58929,0.9997385
58933,0.00022655379
58934,0.00014020779
58936,0.00044946044
58938,0.99978286
58950,5.6063313e-05
58951,4.897305e-05
58952,0.9994973
58954,0.0002201951
58959,0.9563194
58972,0.00034064136
58978,3.994493e-05
58985,0.00024308423
58986,0.9999416
58989,0.00017309363
58994,2.1328471e-05
58996,0.9992607
58998,0.00023376511
58999,3.7639173e-05
59001,0.00020495588
59006,0.999602
59009,3.2132863e-05
59011,0.00020817148
59014,0.00020462785
59017,5.2935873e-05
59018,0.9999089
59033,6.193782e-05
59036,0.0024122384
59037,3.911879e-05
59041,0.004990188
59043,0.9998791
59047,0.00086277176
59054,3.948101e-05
59062,0.99988556
59066,2.2226715e-05
59071,0.9999186
59075,4.778033e-05
59079,2.8711715e-05
59080,0.00013115242
59085,5.994386e-05
59086,0.0004629545
59087,0.9999044
59092,5.211691e-05
59094,8.382041e-05
59095,0.99916553
59096,5.992255e-05
59100,0.9990477
59105,7.8559904e-05
59109,6.0742277e-05
59110,0.99949455
59116,0.0013436537
59118,7.738343e-05
59120,0.0005798012
59122,0.9986161
59128,0.99968183
59131,0.9998534
59134,4.6472847e-05
59135,4.123681e-05
59140,5.0448773e-05
59147,0.00020756539
59151,0.000812532
59153,0.00012536788
59154,0.00020967526
59156,0.9996574
59157,0.00032927791
59159,0.9998555
59167,1.6355792e-05
59169,0.00026730716
59176,0.00014203014
59177,0.9998436
59178,0.000506643
59180,0.00011304633
59190,0.99996567
59192,0.00027024074
59194,0.00036422058
59198,0.99993277
59200,0.0001783218
59209,0.0012483579
59210,0.0003224937
59216,0.0005517277
59219,0.00010305887
59221,0.07457118
59222,0.0001330767
59223,8.948389e-05
59228,0.8811634
59236,0.9995259
59237,0.00041689863
59243,0.0005180336
59248,0.06351823
59250,0.00039065004
59252,6.9178015e-05
59254,0.001078971
59258,0.9992902
59259,0.99965084
59263,8.090713e-05
59271,8.450782e-05
59277,0.000196821
59278,0.000331723
59285,6.0178463e-05
59286,0.007513941
59290,0.003982985
59292,0.0039989543
59293,0.0027520275
59297,0.049298063
59298,0.00035564977
59303,3.6769085e-05
59306,6.634942e-05
59314,0.99948657
59316,0.9999783
59317,0.0025072014
59326,0.00013208832
59331,9.2332426e-05
59333,3.913125e-05
59338,6.995151e-05
59342,0.00025781879
59344,0.14222868
59351,2.2594068e-05
59352,7.220468e-05
59353,0.00010974693
59357,0.08417614
59359,8.060425e-05
59369,0.0001913625
59374,0.0015365068
59386,0.096750595
59389,0.9997403
59390,0.99943334
59393,0.9996669
59396,0.00020168243
59398,0.9997166
59400,0.004231274
59406,0.00048934214
59409,3.321971e-05
59414,0.00025207782
59416,0.9994802
59420,0.9999106
59424,0.00022740322
59429,4.092446e-05
59435,4.170203e-05
59436,0.00010380866
59439,0.15407883
59441,0.99970967
59443,0.00059856725
59447,7.72824e-05
59450,0.0013619193
59453,0.9999304
59455,0.9997793
59459,3.837284e-05
59463,0.00018781837
59465,0.1178625
59468,8.180067e-05
59470,0.00010831943
59472,0.00029618235
59475,2.5213683e-05
59476,7.5722935e-05
59478,0.00071354676
59479,0.00015164487
59489,0.100282505
59490,0.9995158
59493,0.00014065114
59501,0.9997775
59503,0.99980205
59504,0.00018876379
59505,0.9996668
59511,0.058735047
59512,3.8850296e-05
59517,9.430844e-05
59522,0.99996173
59524,0.00011141952
59532,0.0002010977
59537,3.1877855e-05
59540,0.00012353728
59545,6.7260655e-05
59551,0.00014322763
59562,0.00018907002
59563,0.00017359926
59565,0.9997905
59567,0.9997323
59572,4.8778504e-05
59573,0.069957525
59576,3.5079174e-05
59577,0.00014946752
59585,2.4439496e-05
59591,7.1868555e-05
59592,0.00017552367
59593,0.99946445
59605,0.0001548078
59613,0.0004405924
59614,2.9642848e-05
59616,0.0013953056
59622,3.2533022e-05
59625,0.9449343
59627,0.0016340978
59632,5.6073954e-05
59633,0.9998665
59634,0.00020152787
59635,0.999728
59638,6.6912005e-05
59640,0.0001032055
59645,0.9997323
59650,0.0005933574
59660,1.7666682e-05
59667,3.4635475e-05
59673,0.9994276
59674,0.99979025
59682,0.0025846027
59691,0.9999546
59698,0.000830401
59700,2.1655249e-05
59702,0.0384893
59705,0.00075821945
59715,9.4466486e-05
59717,0.999549
59718,3.9380273e-05
59732,0.99957293
59738,0.9996039
59741,0.10689969
59750,0.9994935
59751,0.0009043791
59757,0.9998061
59763,6.2382096e-05
59765,5.6646455e-05
59771,0.020019693
59773,0.00023272076
59780,2.0221645e-05
59785,0.00024541322
59787,0.0012708143
59789,0.9999001
59796,0.99983454
59806,0.00012618596
59810,0.00037022808
59811,0.0013811048
59814,0.0031966604
59817,1.5697318e-05
59818,0.99961156
59821,0.9930669
59834,0.00041040662
59837,0.0002111287
59844,0.00020223568
59848,0.22558545
59852,4.5716053e-05
59853,0.9998054
59854,4.1980744e-05
59859,4.7875932e-05
59865,0.0001384529
59870,0.9996138
59871,0.0003839561
59875,0.0013552557
59877,5.186341e-05
59883,5.05432e-05
59885,0.00846819
59888,9.962662e-05
59894,0.99948657
59896,0.0002775979
59903,0.00022900265
59904,5.424848e-05
59905,0.9992735
59908,0.9997813
59909,0.99989974
59913,0.0086541865
59917,8.1108905e-05
59919,0.00090345676
59924,5.928527e-05
59926,0.99994624
59929,0.99980956
59938,0.00011343734
59939,0.9995328
59943,0.08266994
59947,0.00012520624
59949,0.00021764233
59951,0.000432577
59953,0.15368785
59955,0.10774725
59960,0.0001378351
59962,0.99977547
59970,2.396034e-05
59981,0.00043663668
59983,8.43801e-05
59989,0.9998338
59995,0.0003606485
59999,8.128381e-05
60001,0.000133412
60008,0.0025546046
60010,0.00022982662
60011,0.99984765
60012,0.9996346
60013,0.96558416
60038,0.000113122675
60045,0.99974483
60057,0.0008717045
60061,0.0007071613
60069,0.0004796832
60074,0.00012214815
60075,0.0001174107
60079,0.00025259508
60082,0.9991818
60090,0.0001013169
60092,0.0010644038
60104,0.00014452325
60108,0.0010610446
60111,0.9999819
60115,0.00094474683
60116,0.00022121191
60134,4.4508797e-05
60137,2.8235369e-05
60141,0.9998666
60146,6.816315e-05
60150,3.3475455e-05
60156,0.00038182264
60158,0.00013525561
60159,0.00012104189
60163,0.0002317969
60171,4.54802e-05
60177,0.9331719
60178,0.005084881
60184,0.00039490135
60189,0.00026903246
60192,0.12386366
60194,0.00035463306
60215,5.50153e-05
60217,0.0001712081
60218,0.00017494023
60224,0.00011533267
60226,1.5051294e-05
60227,0.00018857635
60230,0.9993654
60234,0.9979024
60245,5.7852943e-05
60248,2.5615444e-05
60255,4.0599763e-05
60258,4.385896e-05
60259,0.0005626804
60264,0.0005129808
60265,9.5901196e-05
60266,0.14816274
60271,3.681877e-05
60279,0.00058632373
60280,0.00065770507
60282,0.0011407438
60291,0.0001325108
60295,5.206341e-05
60296,0.0005481657
60297,0.00041840423
60299,0.9998066
60300,0.99954623
60301,5.3579446e-05
60305,0.0002408575
60307,0.0002333914
60309,0.000111632646
60311,0.9999248
60313,0.00057333155
60316,0.96863234
60329,0.9991227
60338,0.0010621111
60349,0.99845815
60351,0.00011210917
60358,0.99994886
60362,3.550766e-05
60378,0.009556664
60382,0.00023361157
60395,0.00033489199
60396,6.9984795e-05
60397,0.014495064
60407,0.91959167
60408,7.055323e-05
60415,0.0009933118
60418,0.00071713084
60421,0.00011661926
60423,0.9554188
60427,0.00027723846
60432,7.009855e-05
60433,0.000918173
60437,4.840852e-05
60439,0.00039682252
60455,0.00013193714
60461,0.04249575
60465,3.083647e-05
60468,3.4851968e-05
60469,7.8833145e-05
60477,6.86257e-05
60485,0.00016723873
60486,0.0001761746
60495,2.1364807e-05
60496,0.00014491599
60503,3.584082e-05
60506,9.293451e-05
60507,6.228562e-05
60511,0.99972624
60513,0.99790716
60515,0.99970645
60516,4.966748e-05
60522,0.000105999825
60527,0.00013253369
60528,0.00011893124
60533,0.99979776
60534,0.9527164
60539,0.9998004
60543,9.044075e-05
60546,0.00032690106
60555,5.8948484e-05
60561,0.00014940726
60563,0.00027222495
60568,0.00022091428
60569,0.0005048816
60577,3.8321385e-05
60580,4.81908e-05
60584,6.380571e-05
60588,0.9999465
60591,4.1323692e-05
60598,0.00011714979
60602,0.00030197247
60607,3.411908e-05
60608,0.9997638
60618,0.99958116
60621,8.381993e-05
60624,2.7029964e-05
60628,4.4667995e-05
60630,0.9397495
60631,2.361208e-05
60636,3.17339e-05
60642,0.9998404
60643,0.0030288456
60644,0.0006047238
60645,3.9392216e-05
60647,0.00013980448
60654,7.1647664e-05
60666,0.00026678524
60667,0.00028608416
60673,0.97753125
60676,0.021496508
60693,0.00015369555
60696,0.99835277
60702,0.0013620083
60706,0.00039022815
60707,3.620658e-05
60708,0.0010464839
60709,0.9999006
60724,0.99985194
60725,0.0006439936
60729,0.00024429872
60731,0.9998223
60742,6.7459274e-05
60747,0.0011457561
60767,3.4010933e-05
60768,3.517951e-05
60769,0.9980019
60771,0.00014378745
60780,0.8951237
60781,0.08943522
60783,9.186371e-05
60792,0.00036058627
60794,0.00058486784
60796,0.0006666756
60798,2.4163623e-05
60802,0.00017596473
60810,0.00011839151
60813,0.99987125
60815,0.0033712427
60817,0.00032406554
60826,0.9996935
60828,8.60644e-05
60830,0.0002992401
60831,0.99980813
60838,0.972758
60839,0.0007966491
60840,0.99968004
60844,0.00024258438
60845,0.99983156
60855,9.390587e-05
60857,0.9998698
60859,0.9999168
60863,4.1567753e-05
60865,0.001329919
60871,0.0006433403
60873,0.0008478682
60876,0.9994967
60878,0.00047988602
60879,0.00013573702
60881,0.0011705697
60886,0.0016677782
60888,7.7946665e-05
60892,0.9984647
60893,0.0027620122
60894,0.0005190913
60896,0.9963696
60901,0.99987257
60903,8.625155e-05
60907,6.903054e-05
60915,0.031862628
60917,0.996582
60922,0.99982244
60923,6.063388e-05
60926,0.00011521077
60929,6.206405e-05
60935,0.99833375
60940,0.99980503
60941,0.99982053
60946,0.00031297278
60948,5.2406518e-05
60949,0.0011660163
60951,0.0010039151
60954,1.7898263e-05
60955,6.608371e-05
60960,0.0008782926
60962,0.00023940456
60972,0.00044246283
60973,0.0012660017
60975,4.7629066e-05
60976,6.131231e-05
60977,0.000103524755
60994,4.0563813e-05
60995,0.0010536752
60997,0.00052438764
60998,0.99837744
61000,0.00037902847
61003,0.99939024
61010,0.0006911613
61012,5.194424e-05
61017,0.9997904
61019,0.00039147187
61026,0.9998665
61031,0.0006491891
61033,0.00018366176
61034,0.00019218407
61037,0.99983
61042,0.00032113146
61044,0.9998889
61046,8.731712e-05
61049,7.939391e-05
61050,0.27261513
61067,7.2070055e-05
61073,0.0001392368
61080,0.00013344508
61082,0.9996432
61083,0.0010183802
61087,0.9999014
61090,0.99977
61098,0.00038333327
61103,0.9979924
61104,0.999775
61109,0.00045466513
61110,0.9998733
61119,0.999684
61120,0.9999076
61122,0.99969196
61126,0.0006644451
61127,0.9997918
61131,2.7798322e-05
61133,5.7267433e-05
61134,0.0014750106
61135,0.99996316
61138,5.9479615e-05
61143,0.028267546
61152,0.9998596
61156,0.00063295045
61158,0.0002459201
61164,6.3327556e-05
61174,0.001311047
61175,4.1200885e-05
61176,0.0047147004
61178,2.7047237e-05
61179,0.9998417
61182,0.999819
61187,1.4638181e-05
61190,0.06729334
61202,0.00025919234
61203,6.51574e-05
61206,0.0001137699
61207,0.00021899225
61210,7.961438e-05
61216,0.00021126463
61217,0.0003700222
61226,9.558266e-05
61227,0.99986815
61230,0.99989796
61231,0.00043446457
61233,0.00032530617
61252,0.00010183025
61258,6.737531e-05
61259,0.9998616
61264,5.3364514e-05
61266,0.9991554
61277,8.301975e-05
61280,5.1464296e-05
61282,0.00010164747
61283,0.00948549
61286,0.000104525934
61294,0.0012137342
61302,8.987393e-05
61303,5.031578e-05
61304,1.7810353e-05
61307,9.602968e-05
61310,6.410357e-05
61314,7.6384356e-05
61319,9.76936e-05
61320,0.001964323
61329,0.9998266
61330,0.00031180086
61331,0.00024356495
61336,4.4868604e-05
61337,0.9998807
61342,0.003823588
61347,0.0009147919
61351,8.888068e-05
61354,0.13821413
61360,0.9993426
61363,0.0005948478
61364,0.99994564
61368,5.538161e-05
61372,0.00047761662
61382,0.99898916
61383,0.9999155
61391,0.10952646
61392,0.00014957688
61396,0.00018904335
61403,0.00020048565
61404,0.00035784906
61405,6.344513e-05
61407,3.5926816e-05
61409,0.0008429595
61410,0.00012374607
61412,0.00045110588
61416,0.000107061074
61417,0.0014624951
61420,0.0012054679
61425,0.00016808156
61429,0.0002835247
61436,0.9995035
61439,6.595377e-05
61444,0.0005429568
61446,0.9999293
61449,0.99939966
61452,0.00010473027
61457,0.9996362
61459,0.00011697745
61460,0.9996941
61462,7.930674e-05
61464,0.99966145
61465,0.00070808723
61467,0.999496
61472,7.3756164e-05
61476,0.00040328372
61478,3.1831132e-05
61480,0.0006812532
61481,0.00079198193
61482,0.00020727566
61486,0.9991191
61487,0.00086092076
61489,0.0014451356
61493,0.00024617463
61496,0.99985445
61498,6.8591486e-05
61502,0.0018201104
61503,0.9997625
61506,0.0010045609
61511,0.00015318245
61515,8.7527784e-05
61519,3.0003415e-05
61530,0.00016554556
61531,5.8803857e-05
61534,0.00043498675
61535,0.00025067743
61541,7.4355085e-05
61558,0.00022028688
61560,0.18466091
61562,0.16565265
61563,2.4326511e-05
61564,7.128484e-05
61567,0.00013179066
61571,0.99956924
61575,0.000104119164
61579,6.620229e-05
61580,2.1502268e-05
61588,7.419338e-05
61590,0.00014029272
61595,0.00021089712
61596,0.008232044
61598,7.527003e-05
61599,0.0012922523
61602,0.00028931088
61624,4.61501e-05
61625,5.530245e-05
61631,0.99943775
61632,0.0002059371
61634,0.00035465672
61642,0.00012344083
61643,0.0733936
61646,7.9397236e-05
61657,3.0834763e-05
61662,1.6624146e-05
61665,0.99993443
61672,0.9990277
61673,0.00010705159
61674,0.00067401835
61684,0.16346158
61690,0.9995072
61693,0.0032562546
61695,0.9997969
61697,3.6452595e-05
61703,0.00015595098
61705,4.1819356e-05
61708,0.0003171382
61710,0.00021068307
61716,0.99796957
61725,0.00017429121
61731,0.00012033139
61732,3.1933538e-05
61740,0.9996915
61743,2.6941127e-05
61744,0.99996305
61746,0.9998223
61748,0.9973984
61749,0.99926406
61752,7.54961e-05
61758,0.00017257914
61761,0.091723785
61765,0.9998522
61766,0.9993869
61771,0.00019508024
61772,0.9997805
61783,1.8382627e-05
61784,0.0009679547
61785,0.00013518921
61798,0.15638784
61800,0.00029121732
61803,3.2142514e-05
61806,0.99959105
61809,0.0004164439
61811,0.00070724386
61815,0.14141953
61817,0.0006436212
61824,3.776757e-05
61825,0.0006210781
61830,2.9449446e-05
61831,0.00072486233
61836,0.00022012395
61838,4.513042e-05
61850,8.773201e-05
61856,0.00035174747
61859,5.4637763e-05
61879,2.6844824e-05
61884,0.00010003233
61888,0.0006983219
61891,6.438355e-05
61895,0.9993206
61899,0.9997427
61902,0.0005731674
61905,2.7916169e-05
61909,9.559004e-05
61912,0.99981695
61921,0.9997837
61923,0.99879223
61924,0.0001776306
61925,0.00022889177
61926,0.9998784
61927,0.00017289224
61928,0.9992362
61934,0.006467993
61940,0.001705125
61943,0.040851977
61944,0.00012946493
61949,0.0008039017
61952,0.999876
61958,4.128281e-05
61965,0.99947566
61966,0.00025199133
61974,0.00065799186
61975,0.00014665122
61978,0.0001437337
61984,5.9736496e-05
61989,0.0012692278
61992,5.611199e-05
61997,0.00596474
62005,0.9998343
62006,6.720969e-05
62007,9.167461e-05
62010,2.349631e-05
62014,9.3385344e-05
62016,0.0006084484
62024,0.0012682213
62025,0.00015694225
62029,0.9997187
62030,0.00021612244
62034,0.0073640756
62047,0.079086915
62048,0.9998554
62049,0.0018453563
62050,0.9998325
62052,0.00022753228
62054,4.613773e-05
62060,6.5634915e-05
62061,0.99908435
62063,3.673001e-05
62064,0.9969528
62068,0.0010223716
62071,6.259286e-05
62076,0.0017046689
62078,0.00017535171
62080,0.00041374142
62081,0.00013485087
62082,0.99957985
62085,0.00015011268
62087,0.00013818384
62090,3.6401427e-05
62093,5.8378162e-05
62095,0.9998933
62097,0.00023056453
62103,3.2031836e-05
62110,3.5512232e-05
62111,0.000114786715
62114,2.9022045e-05
62125,0.9998016
62128,0.999938
62130,2.6821359e-05
62133,0.00031746397
62139,0.00022006518
62140,0.00013653471
62145,0.00021611172
62146,0.9989248
62155,0.17610152
62158,3.5112847e-05
62161,0.011708422
62167,0.00014692052
62170,0.99988985
62171,0.0002613034
62173,0.053432345
62174,5.654655e-05
62178,0.00069176167
62181,0.2985625
62185,0.00017705398
62186,0.9997273
62187,0.0015626076
62188,0.9989895
62195,3.5551504e-05
62198,0.00078542565
62204,0.0010537067
62208,0.0003227108
62209,5.5219134e-05
62211,0.0008926755
62212,0.00054519554
62215,4.7059653e-05
62217,0.99997544
62225,0.007973407
62229,0.00026318437
62233,4.7756734e-05
62234,0.0499176
62238,0.00047576497
62239,0.00024399516
62242,7.5676304e-05
62246,0.9993143
62259,7.376333e-05
62261,0.9997825
62265,0.007494571
62273,5.1273735e-05
62274,9.339185e-05
62275,0.00036324433
62279,3.86342e-05
62280,0.10289028
62282,0.99986124
62293,0.030663071
62298,5.505986e-05
62299,3.7853282e-05
62308,0.0005094502
62316,0.00036063112
62319,0.99973196
62323,0.9998313
62325,0.99967456
62329,0.0011852296
62330,0.0008271324
62331,0.0001437725
62336,0.00012753875
62337,4.1154664e-05
62338,5.4525644e-05
62340,0.9998293
62357,5.337586e-05
62358,0.99993014
62359,0.00012860807
62363,0.003462102
62365,0.068872355
62368,0.99993086
62370,0.9995647
62371,0.000364734
62374,0.9773237
62375,0.0006221223
62381,0.0004840853
62387,0.10816032
62391,0.0009552849
62401,3.3747554e-05
62402,2.8197292e-05
62405,9.1951704e-05
62408,0.0010366727
62409,0.028647045
62422,0.0015875199
62426,4.5462508e-05
62428,3.9994902e-05
62431,3.41319e-05
62435,0.0006746054
62437,0.00028759922
62445,0.0001763847
62449,0.00064986234
62452,0.0004670357
62459,0.00012941606
62466,0.99995136
62467,2.6738231e-05
62471,0.000117284144
62480,0.0008510914
62484,6.339928e-05
62493,0.0001984796
62498,0.0002017938
62501,3.424742e-05
62503,0.00011043433
62505,0.00021304714
62508,0.9991948
62512,0.057730783
62515,0.052131783
62520,0.00014929076
62521,0.99968266
62524,0.99829763
62527,0.00017515068
62536,0.99969876
62537,0.0034262564
62540,4.396872e-05
62558,0.000121625126
62562,0.00015147723
62563,0.00014744245
62565,0.0005010933
62566,0.99983525
62567,0.99964166
62570,0.00010073042
62576,0.9998908
62580,0.0012788585
62587,0.00032981485
62588,0.9999846
62597,0.00015535492
62602,0.00070550677
62605,0.0009698554
62608,0.99986947
62611,8.743443e-05
62612,0.9999095
62616,0.15302972
62617,4.5046614e-05
62618,6.708502e-05
62623,0.9967913
62626,0.00050821993
62627,6.842176e-05
62631,7.350486e-05
62634,0.0003873042
62636,0.00045815826
62640,0.9993735
62647,4.7880814e-05
62652,0.00019569541
62657,5.8440823e-05
62668,0.00018012003
62669,0.00043195832
62670,0.9997553
62672,0.00010504803
62673,9.36061e-05
62679,0.9997433
62680,0.00013680434
62681,0.9992743
62682,0.00016673098
62686,5.8325964e-05
62695,4.3660235e-05
62697,9.173258e-05
62698,0.00038121597
62699,2.8588522e-05
62702,5.059408e-05
62709,0.0002063532
62710,4.6281875e-05
62718,0.00045170166
62721,0.00016906591
62724,0.0005280187
62729,8.8272616e-05
62736,0.9991567
62742,0.00018977044
62746,4.273561e-05
62747,0.9998337
62748,0.9992004
62749,5.459464e-05
62750,5.660007e-05
62751,3.1755182e-05
62754,0.00020072857
62762,0.99989986
62764,0.00034220063
62766,0.9999056
62779,0.000534936
62782,2.3574192e-05
62784,0.9996904
62788,0.99971455
62791,0.9977512
62796,0.99908054
62799,0.000106596344
62803,0.00022703753
62804,0.00023185147
62811,4.7618258e-05
62814,0.99986684
62815,0.86580694
62819,9.860614e-05
62820,0.30872485
62823,4.471462e-05
62825,0.20332678
62826,3.986958e-05
62827,0.9994174
62841,0.000106838444
62842,0.0001395377
62843,0.9999386
62847,0.9991597
62850,6.161581e-05
62851,0.00023124635
62852,0.999918
62859,3.0399577e-05
62860,0.0009604952
62861,0.00046129024
62864,0.0004011817
62867,7.517606e-05
62871,8.52519e-05
62873,0.00083143666
62878,2.324593e-05
62887,0.0007163764
62889,0.0010028811
62890,4.495911e-05
62892,2.8535567e-05
62893,0.9914038
62898,8.4193714e-05
62905,0.9995801
62909,0.99980134
62912,0.999866
62914,0.00019852558
62923,6.717836e-05
62928,0.00877071
62937,3.2454467e-05
62938,0.99988914
62939,0.0006352055
62944,0.00016159003
62946,0.99982303
62957,8.5179825e-05
62958,0.00026139783
62970,0.00017549406
62971,0.00034665293
62976,0.9999472
62982,0.0009485973
62984,0.9999485
62985,0.9998301
62988,5.994478e-05
62991,0.96147907
62993,6.683261e-05
62997,0.0006610098
63006,0.00016608075
63010,0.08668759
63019,0.99955887
63020,0.0003103426
63023,0.99995375
63024,0.9999329
63025,0.8135488
63027,0.0009309208
63028,0.0073188143
63030,0.00013866667
63032,0.00014374385
63033,0.00013337524
63037,0.00042138083
63042,0.99995506
63043,0.99987006
63046,5.8348156e-05
63047,5.430806e-05
63049,0.9998472
63054,0.00023009941
63056,0.00086032005
63073,0.00040784906
63074,9.411555e-05
63078,8.8878725e-05
63081,0.9998018
63082,0.99986947
63083,0.10782849
63084,0.00026569853
63086,5.7650057e-05
63087,5.3382177e-05
63089,6.492766e-05
63091,0.00025162785
63098,0.00041728216
63099,6.2366154e-05
63100,0.00060390536
63102,0.00041250544
63131,0.9998512
63132,0.0005121578
63136,4.6558016e-05
63148,0.0004958145
63150,0.9998448
63153,4.4519835e-05
63157,0.009291817
63160,0.99977845
63161,0.000115800794
63164,0.9991757
63175,0.99958724
63191,0.999297
63196,0.9987804
63205,0.9999256
63208,0.00014090378
63210,0.00058302865
63211,0.00011943208
63217,0.00019966591
63218,0.03404959
63223,0.00010239237
63233,0.00020622516
63235,0.0003190329
63237,0.000119819684
63246,4.403321e-05
63254,0.00036825176
63255,0.9997776
63275,0.00013643788
63282,0.99989486
63291,0.999566
63299,7.168963e-05
63302,7.121112e-05
63309,0.00030877817
63313,0.9996742
63318,0.9968471
63326,1.950316e-05
63333,0.99988914
63334,0.9998498
63338,0.14059721
63340,0.9999709
63346,0.08104017
63349,0.00038979354
63353,0.0004137967
63357,6.058487e-05
63359,0.000100734556
63361,7.368291e-05
63376,5.891982e-05
63377,0.00026630974
63394,0.0025709732
63398,3.947988e-05
63400,0.96435523
63407,0.00010748447
63410,0.00021828702
63411,0.00040979264
63415,0.99980515
63418,0.00015177231
63419,0.0003665256
63420,7.0655035e-05
63421,0.9999188
63423,4.536065e-05
63431,0.000646919
63436,0.99987745
63437,5.8426667e-05
63438,0.9998343
63459,0.9997557
63461,0.9999485
63464,5.1930816e-05
63466,0.00041914155
63473,0.83150613
63475,0.00037063277
63476,0.0003441807
63484,0.00083689217
63486,0.00063253526
63489,3.4194614e-05
63492,0.0014967138
63494,0.00012026165
63496,0.0005682836
63497,0.00016635621
63503,0.0011207589
63504,3.9275485e-05
63505,0.00011148137
63506,3.443494e-05
63510,0.00019653032
63514,4.3533557e-05
63523,0.0020540827
63526,0.0011668885
63529,0.0032598348
63530,0.00034761743
63538,0.00026658055
63539,0.00012019091
63549,6.0589322e-05
63550,4.2942487e-05
63552,0.99980515
63553,7.469685e-05
63560,0.0002307387
63571,0.0002726712
63572,0.9998958
63573,0.00011889971
63578,0.050724097
63581,3.9005212e-05
63589,0.08157749
63591,0.99961996
63598,0.07819871
63620,0.00015050282
63624,5.3035314e-05
63630,5.346568e-05
63631,0.9997836
63636,7.7740006e-05
63638,7.333906e-05
63644,0.99965596
63649,6.1170336e-05
63652,0.3935909
63655,2.8534563e-05
63656,0.00085924315
63660,0.0011508332
63664,0.067365594
63667,4.273944e-05
63671,0.99983907
63681,0.00019597774
63682,0.00013986915
63683,0.9998273
63684,0.000113607945
63687,2.799153e-05
63695,0.9999249
63707,0.9999291
63709,0.00019825432
63715,0.99972993
63721,5.259416e-05
63725,0.9989122
63729,0.99985886
63730,0.0005342565
63736,0.00038670897
63737,3.5536523e-05
63741,0.0005012383
63742,0.9997002
63743,0.99937695
63746,4.0971598e-05
63752,0.00021022858
63753,0.00018543532
63759,0.0001092296
63764,0.5984268
63765,6.125749e-05
63768,0.00012785924
63776,0.99991643
63792,4.7526348e-05
63796,0.9482064
63797,6.722981e-05
63812,0.00019977959
63813,0.92012745
63814,3.012584e-05
63815,5.1626797e-05
63820,0.00026699007
63827,0.00075503107
63831,0.002704086
63839,0.0001695342
63840,0.00035250664
63843,0.00086771423
63848,4.7108326e-05
63849,0.00022043962
63852,1.0816962e-05
63853,3.2089716e-05
63854,0.9996648
63855,7.1352304e-05
63857,0.00032793081
63858,0.2037531
63861,0.99994016
63865,0.9999329
63866,9.342605e-05
63869,0.000105417006
63879,0.000115842435
63881,0.0011576606
63888,0.99996233
63889,0.00012610247
63902,8.1815415e-05
63904,7.536239e-05
63906,0.9999232
63908,0.00016826467
63909,5.338864e-05
63911,0.94668704
63918,7.699479e-05
63931,2.244265e-05
63939,0.067774124
63942,2.6425496e-05
63943,8.61378e-05
63944,0.0007104107
63946,0.9999174
63948,0.9998871
63949,0.023443976
63953,2.9876104e-05
63957,1.842735e-05
63958,0.0054732757
63963,9.319426e-05
63964,0.9999101
63973,0.9995664
63976,0.00043549394
63977,9.422062e-05
63984,2.8526127e-05
63986,3.95734e-05
63988,5.9391936e-05
63994,0.99991345
63998,6.355467e-05
64000,0.18166053
64001,0.99887544
64002,0.9998596
64006,6.8486384e-05
64015,0.05304435
64023,0.99982697
64031,0.99980694
64032,0.00032099558
64052,0.055267204
64056,7.03696e-05
64058,4.6077497e-05
64061,0.09373795
64064,0.00043451242
64066,0.8639719
64069,3.7938316e-05
64070,0.99997807
64074,0.00012655855
64081,0.00017218727
64083,0.00039457806
64085,0.99750036
64087,0.00018919409
64090,0.00027398433
64092,0.9994355
64110,0.0001811671
64111,4.3541902e-05
64112,0.8419694
64116,0.00023022186
64120,4.340377e-05
64125,0.16722523
64126,2.3706121e-05
64134,0.99929154
64135,0.00016313694
64136,0.0003707476
64137,0.99928826
64138,0.001147213
64147,0.00011115709
64154,7.688436e-05
64155,4.158222e-05
64157,5.1557137e-05
64158,0.9999578
64163,0.0010554444
64164,8.131079e-05
64172,0.034459278
64176,0.9997727
64182,0.99996674
64192,3.7054102e-05
64193,4.390365e-05
64203,0.999848
64207,0.9979468
64212,5.000343e-05
64215,0.99813324
64228,0.00058217766
64229,0.00012575676
64235,0.22405781
64238,0.99997365
64243,7.207384e-05
64246,6.440633e-05
64247,0.99876547
64248,0.99977916
64252,0.9943093
64256,0.00017289635
64259,0.00014525326
64262,0.9996878
64264,0.0001025405
64265,0.0003683731
64267,0.10725596
64272,0.001180151
64273,0.00012336634
64274,9.074146e-05
64285,7.588456e-05
64289,0.00071694155
64290,0.00013027954
64293,3.2039567e-05
64305,4.417849e-05
64313,0.9998
64319,0.00031079358
64321,2.9861976e-05
64327,2.0111023e-05
64331,0.00022493415
64333,9.170678e-05
64335,0.00011195512
64342,5.5211764e-05
64344,7.144811e-05
64345,0.008088495
64348,4.848258e-05
64350,0.00029266017
64351,0.0006283665
64353,3.236567e-05
64355,0.0006629643
64360,0.9997452
64363,0.999537
64364,0.00013127667
64370,4.0208066e-05
64386,5.612044e-05
64387,0.99961394
64388,9.080282e-05
64389,5.8459827e-05
64399,0.9997181
64402,4.062974e-05
64404,9.956506e-05
64409,0.00052755786
64412,0.9999523
64418,0.06655171
64419,0.10761043
64424,0.00021420266
64431,0.00050697266
64437,0.00041582304
64438,0.00019420593
64439,0.0007267105
64440,7.8636505e-05
64449,0.99984336
64451,0.000102207516
64454,2.2943035e-05
64456,0.0010630505
64461,0.99983716
64466,0.9995419
64467,0.17233108
64471,0.99981457
64478,6.227018e-05
64481,0.9999516
64483,0.0012065966
64485,0.00060199515
64494,0.0003492869
64500,0.9999596
64502,8.697466e-05
64505,5.975205e-05
64507,5.757885e-05
64510,0.00019902842
64511,0.0005081485
64513,8.842822e-05
64518,0.99962103
64526,0.0003887222
64534,0.9994641
64541,0.9999354
64547,0.9989104
64551,0.037049286
64552,0.00010076097
64557,0.00021197082
64558,0.0008339198
64564,3.9296505e-05
64566,5.1113802e-05
64572,0.00014868329
64574,6.6846245e-05
64577,9.305981e-05
64586,3.4121713e-05
64587,0.0006798857
64594,0.99989367
64595,0.00070986047
64597,0.00059575844
64601,0.00027658054
64602,0.0015400684
64608,6.6296045e-05
64611,0.999716
64615,3.8609043e-05
64640,5.438803e-05
64643,7.968091e-05
64647,0.00035892185
64650,0.0008886492
64654,0.0002653793
64655,0.0002083657
64656,0.00011763326
64657,0.9998375
64659,0.00018539713
64663,2.2200913e-05
64665,0.99978524
64675,4.33026e-05
64685,0.9999459
64687,0.00025577148
64690,2.4864488e-05
64693,0.9999273
64697,6.317965e-05
64699,5.478312e-05
64708,0.13030502
64711,3.268041e-05
64715,0.99982446
64721,0.000857492
64722,7.9906524e-05
64729,6.519147e-05
64734,0.0004567733
64737,0.99980444
64744,3.711436e-05
64746,0.00012512079
64759,4.0964213e-05
64760,0.00012086474
64764,0.999941
64765,0.0059019024
64771,0.9996382
64776,0.001267496
64779,0.99989057
64781,8.832094e-05
64791,0.0010447995
64793,5.223254e-05
64796,0.00064419163
64800,4.456609e-05
64803,0.00026251524
64804,0.00022566946
64805,0.0002309348
64809,0.9998118
64810,6.587909e-05
64812,0.9995622
64815,0.0001928872
64823,0.00033490476
64824,0.00023812699
64836,6.4715394e-05
64839,0.00029945897
64853,6.7566405e-05
64854,9.262229e-05
64859,0.000728614
64861,2.7287015e-05
64867,4.275167e-05
64870,0.9993351
64871,4.9341972e-05
64876,0.16048571
64884,0.00038977087
64885,2.3762026e-05
64886,0.9990608
64890,3.8040514e-05
64894,7.222128e-05
64896,0.00035273994
64897,0.0011052402
64898,0.99952817
64900,0.99994147
64901,0.0001017887
64903,6.3672596e-05
64914,0.9993594
64915,5.4151467e-05
64916,0.00045191267
64921,0.0008548398
64922,5.8088335e-05
64945,0.0006481119
64955,0.99985933
64960,0.0009854607
64965,0.013164099
64968,5.1882704e-05
64979,0.00039055396
64981,4.909645e-05
64983,7.2298935e-05
64988,0.0013329795
64990,0.00010448179
64995,6.571019e-05
64998,0.00095793034
64999,8.0224214e-05
65002,2.2162878e-05
65005,0.0001339567
65006,9.7192395e-05
65009,0.00027538466
65010,5.0305756e-05
65015,0.00024338481
65020,0.0001740592
65026,0.00016225778
65027,0.9995153
65028,0.99976224
65036,0.00020245697
65042,0.0002671986
65054,0.0001806534
65059,0.00021890581
65060,0.00018453701
65061,0.91034985
65063,0.99978596
65067,0.00010722383
65072,0.0002553731
65073,1.6972308e-05
65080,0.0003605388
65082,0.17597884
65084,0.23907755
65095,0.9995845
65100,8.876312e-05
65102,0.0026048275
65103,7.74713e-05
65106,0.0001094378
65111,0.09551056
65115,2.7231592e-05
65124,3.6002544e-05
65130,0.0003126632
65131,0.00021331078
65137,0.0001244027
65144,0.004834638
65148,4.7285437e-05
65154,0.0002966945
65156,0.0001026121
65161,6.316008e-05
65162,0.0002245906
65164,0.00048543845
65165,0.00018649746
65167,0.0008097872
65169,5.4361946e-05
65172,0.9998523
65174,4.8964783e-05
65176,6.832135e-05
65180,0.0002845939
65185,0.00020921814
65199,0.00017302086
65201,0.99969435
65206,0.0007324789
65207,0.00028485857
65208,0.00026278396
65210,0.00023220015
65215,5.3358763e-05
65220,4.3492557e-05
65222,0.00036244837
65231,0.00018828834
65247,0.9998678
65254,0.9998902
65255,0.9998079
65257,0.99962175
65259,0.9997259
65278,2.8308732e-05
65280,0.00092903257
65285,0.99936455
65286,0.0014770762
65291,9.6371026e-05
65295,0.0029600426
65299,0.00015055665
65303,0.00013788597
65307,0.00015704958
65309,4.1658706e-05
65320,0.00022778014
65321,9.160487e-05
65326,0.99991894
65332,0.99317545
65336,0.00021411445
65340,0.0010603145
65349,0.00022411614
65350,3.160211e-05
65351,0.115234844
65360,0.00034491764
65363,0.00049940555
65364,0.9988961
65365,0.00093888544
65366,0.00018650012
65367,0.00010197835
65371,0.0002355231
65372,0.00017696724
65375,4.015733e-05
65383,0.00029735712
65384,5.274892e-05
65388,6.286822e-05
65389,5.5374112e-05
65391,0.0013618732
65403,4.263767e-05
65404,0.00045181403
65405,1.686995e-05
65407,0.0004634521
65412,2.79524e-05
65414,6.811994e-05
65422,0.00032526336
65426,5.0278322e-05
65433,3.3701275e-05
65437,0.00048098445
65439,0.9971185
65446,0.99985635
65449,0.99989855
65452,0.9999291
65453,6.8920424e-05
65454,0.1551364
65456,0.0003075193
65457,0.000458062
65458,0.0006004711
65461,0.99990094
65476,0.9484049
65478,0.0001403924
65486,0.99692804
65489,3.7773443e-05
65494,0.9998344
65496,0.00019015116
65498,7.7941986e-05
65500,4.9950908e-05
65505,0.25571832
65511,0.00014507167
65513,0.00031135854
65515,0.00017746064
65518,0.00037625982
65524,9.516104e-05
65530,0.9997478
65532,0.0003269715
65540,0.00082121557
65541,0.0001887341
65556,3.05477e-05
65559,0.9993149
65562,0.0054903706
65570,0.9990194
65577,0.00975079
65588,0.9999285
65592,0.9996939
65598,0.0016392347
65601,0.9998847
65603,5.3727927e-05
65606,0.0005999303
65611,0.026409509
65616,5.4587505e-05
65618,9.158556e-05
65622,0.0002951228
65625,0.023908462
65635,0.18809567
65636,0.00012166724
65638,2.9755602e-05
65639,7.111001e-05
65642,0.00083610625
65654,6.9683265e-05
65659,2.1008986e-05
65664,0.9992812
65666,0.00019385997
65675,0.00015860324
65679,0.00035460872
65682,0.9995776
65686,6.001261e-05
65691,0.00025902683
65692,4.5652014e-05
65694,9.2866205e-05
65697,0.0002444772
65699,0.9993562
65704,0.00013979395
65707,4.423447e-05
65710,6.511461e-05
65712,4.6213514e-05
65714,0.99990416
65715,0.9997564
65717,3.0669857e-05
65719,3.47412e-05
65720,3.834255e-05
65727,0.99983966
65729,0.00021119977
65732,2.7126463e-05
65736,0.0004531194
65747,5.7196376e-05
65748,0.00044302834
65755,0.00024324747
65765,0.9999014
65769,0.005825461
65780,0.99995685
65781,6.33913e-05
65783,9.222173e-05
65784,1.4213576e-05
65792,2.0319654e-05
65794,0.0001623672
65796,0.99993706
65798,0.00013062921
65802,0.9969054
65805,0.000378114
65822,0.99989355
65825,4.025729e-05
65827,0.0001750158
65831,0.000112313115
65833,8.2000915e-05
65838,0.0006092547
65840,5.0912015e-05
65841,0.2072206
65845,0.13153502
65848,6.677343e-05
65849,0.9984169
65850,0.0006775693
65851,0.00040529086
65852,0.00011243409
65854,4.2656415e-05
65858,1.3681186e-05
65861,6.3465755e-05
65869,0.00034744135
65873,7.32149e-05
65880,4.3338707e-05
65884,0.9999548
65885,7.5617296e-05
65888,3.6301622e-05
65889,0.9999535
65890,0.0010957181
65899,6.2699495e-05
65900,0.0012520553
65904,1.989387e-05
65907,8.8929424e-05
65910,0.999775
65915,6.880879e-05
65924,0.001074817
65931,0.9984006
65933,0.9996283
65936,3.3748678e-05
65937,7.2478e-05
65943,0.99978846
65945,0.00011681393
65952,4.5175457e-05
65960,5.4467284e-05
65965,0.000100216035
65966,0.00022400911
65975,0.9996172
65980,0.0001509531
65983,0.0014512575
65985,0.9999236
65986,8.422391e-05
65989,5.1222905e-05
65990,0.9996531
65996,0.99981755
66001,0.0010954927
66003,0.00011958159
66004,0.9999589
66009,0.99989414
66010,0.14526686
66015,0.00020289214
66017,0.00026821933
66018,4.746407e-05
66020,0.00256472
66022,0.00015969845
66026,0.29789862
66030,0.000101845886
66040,0.9380556
66047,0.0011829343
66053,5.958925e-05
66061,0.99942243
66068,0.00046320746
66083,0.00025461672
66086,6.844016e-05
66088,0.00020424227
66097,4.9888404e-05
66108,0.99983644
66115,2.1567472e-05
66119,0.00019022461
66120,0.00048427633
66123,0.9998299
66126,0.0010636146
66129,0.99968576
66135,0.0002855348
66137,3.57929e-05
66140,2.3548308e-05
66148,3.9131024e-05
66159,5.8575566e-05
66160,0.0009339062
66167,0.08774297
66168,3.4315548e-05
66170,4.2644624e-05
66172,0.00019495604
66179,0.99996686
66187,0.99132895
66191,0.00011131853
66193,1.5961718e-05
66194,0.0010439552
66195,0.9204275
66198,0.00026593448
66202,0.999321
66205,0.9999819
66206,0.00042403003
66212,0.9998481
66214,0.00021446975
66215,0.99962735
66217,7.002392e-05
66222,8.143417e-05
66226,0.99965453
66233,0.0003404081
66236,7.084307e-05
66238,0.00025209706
66244,0.0005833413
66246,0.0001885323
66252,3.5241632e-05
66253,0.00011528264
66256,0.00013252092
66258,3.5937097e-05
66263,0.9986528
66264,0.00019696367
66271,0.9998983
66273,0.997273
66276,0.00023863907
66281,8.7684006e-05
66286,0.000114098664
66287,4.781333e-05
66288,0.0005614416
66289,3.996368e-05
66302,4.8268805e-05
66303,0.00017374565
66304,0.00057746505
66305,0.0032806012
66310,2.420479e-05
66312,0.0002738582
66314,4.6752175e-05
66319,0.000109813926
66321,0.99977344
66330,0.00018386064
66334,0.000297409
66337,0.0021881715
66340,0.00010263451
66344,0.9998416
66347,0.00054214464
66350,5.536197e-05
66351,4.5994784e-05
66352,0.9997658
66364,2.966287e-05
66365,0.0011032347
66367,9.38127e-05
66375,0.99906963
66376,3.2506505e-05
66388,9.964998e-05
66392,0.0005089799
66397,7.1963266e-05
66401,0.0001889972
66404,0.99394375
66406,0.9997429
66410,0.9640701
66411,0.00021040265
66416,0.9997279
66424,0.00078367064
66426,0.0002522312
66427,0.00015893055
66430,0.00027823646
66434,0.94718516
66435,8.578949e-05
66438,5.331614e-05
66440,0.00010090876
66451,0.00015136115
66452,5.3677846e-05
66453,0.00012361752
66456,0.99976736
66461,0.0001019207
66462,3.843052e-05
66464,8.718882e-05
66465,5.0949217e-05
66466,0.99978775
66470,0.99517643
66474,7.1040675e-05
66477,0.0007952376
66480,7.780223e-05
66483,0.00014728114
66486,0.00017925326
66490,0.15314399
66492,0.00013947133
66499,0.85144436
66509,0.00085886207
66512,0.00013452413
66516,3.230936e-05
66530,5.915166e-05
66539,0.00039181946
66544,0.00019887666
66545,5.8274814e-05
66547,0.00016949073
66548,0.0001829996
66551,7.5724456e-05
66560,0.9998411
66563,7.8893914e-05
66567,0.9995289
66570,5.634454e-05
66574,0.026053116
66583,3.0062558e-05
66585,0.00020945726
66587,0.0008807422
66589,7.563973e-05
66590,0.2650188
66595,0.00019309162
66603,0.04829382
66604,0.00025575416
66608,0.99977106
66609,0.00010505765
66613,0.99978477
66615,0.9999615
66617,0.00014758958
66618,0.003017677
66624,0.0724212
66630,0.0003155825
66633,0.9998549
66649,0.9997794
66653,0.0066448287
66656,0.99984276
66662,5.2249132e-05
66667,0.00025808514
66672,5.50131e-05
66673,0.99974114
66676,0.9997285
66677,0.99987483
66683,0.09070453
66686,0.000108796434
66693,0.00030291855
66695,0.99937207
66705,0.00016920814
66709,0.0014104538
66710,4.6279933e-05
66713,5.1489966e-05
66715,3.7303813e-05
66717,0.9992619
66719,3.621383e-05
66720,0.000107339125
66721,0.9997075
66723,0.99964046
66726,0.12672938
66734,0.99981993
66747,5.648603e-05
66749,0.0003032913
66751,0.00020150808
66759,0.00012090439
66769,0.00062258524
66773,6.9198206e-05
66774,7.2007475e-05
66777,0.99986243
66780,0.00091353763
66782,0.0016600128
66787,6.806072e-05
66788,0.9984896
66790,0.00027860625
66793,0.9999044
66794,0.0005122616
66795,0.99948823
66803,0.00024507163
66806,0.00026162973
66810,0.9745326
66820,0.0002658896
66823,0.00037136773
66825,3.547314e-05
66830,0.0011769179
66832,6.7202316e-05
66835,0.15156952
66839,0.0005752983
66842,0.9998221
66843,2.4971303e-05
66845,9.360441e-05
66846,4.605909e-05
66850,5.890943e-05
66857,0.00032956907
66861,4.5840738e-05
66864,0.001035958
66865,0.9997782
66876,6.155109e-05
66881,0.00022295139
66884,0.0006878796
66886,0.9995572
66887,0.00015719025
66894,3.4007204e-05
66896,0.9998294
66900,0.9989039
66901,0.99907255
66906,0.9998807
66923,0.0002497168
66944,0.0001496244
66947,0.99918085
66948,9.4572395e-05
66949,0.00031125674
66956,0.9998437
66957,0.00021239508
66958,0.9999385
66961,3.63729e-05
66967,5.6635057e-05
66968,0.9997913
66971,5.4067e-05
66978,0.03771397
66982,0.0019525784
66987,0.00010482049
66989,0.00091833406
66992,5.9899692e-05
66993,0.9997507
67000,0.9998692
67002,6.424947e-05
67005,0.0059256232
67006,0.99955136
67007,0.00044444646
67008,8.183594e-05
67009,0.00018163705
67012,9.2493334e-05
67014,0.00036152388
67023,4.6983692e-05
67031,0.0008558807
67032,4.7932575e-05
67035,7.485066e-05
67036,4.5417615e-05
67037,0.0009438796
67040,0.9722286
67041,0.001302253
67042,0.0017566434
67044,2.368086e-05
67061,0.00023754897
67063,0.9995272
67068,0.00050012174
67069,0.000115464274
67075,0.00021927578
67077,0.00012214536
67083,9.285009e-05
67085,0.0029819796
67087,0.00010918066
67096,0.0009280819
67098,0.000442862
67106,0.99990726
67107,0.0007011734
67110,4.9398426e-05
67113,0.99945384
67116,8.277833e-05
67119,0.99978
67129,0.9992236
67136,0.9998851
67140,0.99981767
67142,0.0003004204
67144,0.0011975619
67146,4.194753e-05
67147,0.9790846
67150,0.0010688794
67155,7.583841e-05
67157,0.9569066
67162,1.8044677e-05
67164,0.0001166741
67174,0.9996117
67175,0.00021170017
67180,0.00019218352
67183,0.9998311
67186,0.99951684
67197,0.00028581207
67198,0.0007788044
67199,0.0028747784
67206,0.9990651
67208,0.00025440732
67209,9.600432e-05
67211,0.9998977
67212,0.9999062
67213,0.0001341373
67216,8.557673e-05
67219,0.00012254796
67239,0.00061059406
67240,0.00013263001
67242,6.548493e-05
67247,0.99983144
67250,0.00013200447
67252,0.07976717
67266,0.007847839
67268,0.9997596
67278,0.00034672068
67288,0.00054559583
67291,0.99994254
67293,0.00044447908
67307,0.00030575326
67309,0.9996145
67311,0.00038608754
67316,0.0003256708
67317,0.9999666
67322,0.00016035137
67329,0.9998776
67333,0.0004968002
67336,0.9995389
67338,4.1678777e-05
67339,0.99849844
67344,0.00017095833
67348,1.9148027e-05
67349,5.993112e-05
67351,0.875505
67352,2.009467e-05
67354,0.0007817254
67361,4.2035506e-05
67366,4.7199115e-05
67370,8.459328e-05
67371,0.0001619485
67373,7.3706164e-05
67376,0.00038309235
67379,0.0006799025
67380,0.0009548518
67383,0.00029870906
67385,0.0003946524
67394,0.00023936531
67395,0.9998419
67396,0.9998722
67401,0.00035618045
67411,0.00013334739
67413,0.0011755947
67414,3.2156866e-05
67422,0.00073915196
67429,5.4063803e-05
67449,0.0001508633
67455,0.0010587843
67456,0.00014762675
67457,0.99980015
67459,0.00010972234
67461,0.0003642918
67464,0.0005305068
67467,0.99994254
67468,0.0002008963
67469,0.00011383633
67478,0.99992406
67479,0.00057051115
67482,0.000108069864
67483,4.6262547e-05
67488,0.0007739991
67490,0.00019680128
67491,0.9994104
67492,0.00023538033
67509,0.0011720363
67510,0.00057576847
67511,0.99974686
67517,4.6316007e-05
67521,0.000621852
67525,1.64345e-05
67527,0.00011751666
67529,0.00014862815
67535,0.00062510505
67541,8.6660315e-05
67544,3.1550888e-05
67547,0.00011939438
67552,8.9555e-05
67554,0.00021609565
67558,4.0155337e-05
67559,0.0004009817
67562,0.00030162057
67565,0.9998646
67581,0.9998276
67582,9.226122e-05
67587,0.9965862
67590,6.968618e-05
67593,0.00012744173
67595,3.9557588e-05
67599,5.4332973e-05
67602,0.99995935
67603,0.00025442068
67605,0.00015779215
67612,4.1217154e-05
67622,0.99989605
67627,2.8600083e-05
67635,0.9996476
67636,0.00023914587
67638,6.281835e-05
67643,0.00028040446
67645,0.00038332614
67648,0.00010581603
67651,0.000145345
67655,0.00013085238
67657,5.2402018e-05
67660,0.00016527696
67663,7.641751e-05
67666,4.531409e-05
67672,3.202686e-05
67681,0.9628254
67682,0.0004052652
67684,0.99905854
67685,7.063173e-05
67686,0.9994784
67689,0.00053115666
67690,0.0002059642
67691,0.00013497745
67695,0.99938965
67697,0.9998766
67698,0.99985814
67703,0.99994004
67704,7.1866845e-05
67710,0.99975795
67714,1.23790705e-05
67722,0.9998185
67730,0.00019553464
67732,5.7587145e-05
67738,0.9998821
67742,0.0003007947
67747,0.9996933
67753,0.99847656
67762,0.00083110796
67763,0.9996159
67764,0.0002591066
67765,0.0013966404
67767,0.99937505
67769,0.9999708
67774,2.8136747e-05
67782,0.00018636858
67783,0.00015336003
67787,0.9996872
67791,0.0015563035
67793,6.322606e-05
67799,0.9997867
67803,0.00017166973
67811,5.1088562e-05
67824,5.6825756e-05
67828,0.00017835664
67829,0.9999099
67833,0.0001422512
67842,0.9998423
67846,0.99963486
67849,0.00015569854
67852,0.00081582926
67855,8.0105725e-05
67861,0.999648
67867,4.611649e-05
67870,3.1446532e-05
67882,1.798002e-05
67889,0.99995255
67894,3.9613045e-05
67907,0.99959654
67908,0.0003339123
67910,2.8788567e-05
67914,0.00400473
67925,2.9312127e-05
67927,0.00023247417
67928,3.458379e-05
67929,0.9998504
67941,0.00014031505
67945,4.0069233e-05
67946,0.00014233084
67947,0.0008748444
67948,3.1902946e-05
67950,0.9997062
67955,4.4209846e-05
67956,0.00026300125
67957,0.028962307
67964,0.00075718685
67965,9.725331e-05
67967,0.000120369834
67968,0.00011451974
67969,0.00090986706
67971,0.00067269313
67973,0.0006624751
67975,2.3124585e-05
67983,0.0010703783
67986,0.0001383646
67994,0.99956423
67996,0.9991928
67997,0.00015244981
67998,2.2829216e-05
68005,5.8479877e-06
68007,0.99966526
68010,5.4502096e-05
68012,0.00045468265
68015,3.715888e-05
68019,0.00014056131
68023,0.00034472434
68024,0.00016497466
68026,6.614184e-05
68027,0.00040371338
68029,8.0387406e-05
68030,0.06964451
68039,0.0003564573
68041,0.9998253
68044,0.00023362895
68049,6.3829386e-05
68051,0.00041157473
68052,0.105497085
68056,0.00011598115
68057,0.00067261624
68059,0.000114035356
68062,7.90544e-05
68064,3.9875016e-05
68069,0.00031753906
68070,0.00090674066
68072,0.00062989217
68078,5.191032e-05
68081,7.001257e-05
68088,0.00033494498
68089,0.99973255
68092,0.99968255
68095,0.00014919626
68097,0.0025376629
68098,3.0175037e-05
68101,0.00012360325
68102,0.9999107
68109,0.0005244299
68113,5.791206e-05
68114,0.00018716477
68123,0.00017019163
68124,0.99957937
68125,0.9999187
68126,0.9997414
68130,0.00077523664
68132,9.023813e-05
68150,0.9988201
68152,0.00017676418
68156,9.305617e-05
68166,0.00051497674
68171,0.9999546
68186,3.0311889e-05
68196,5.8958827e-05
68199,0.009974644
68209,0.0003592034
68211,0.9999275
68218,0.00042317415
68222,3.2456202e-05
68230,5.342908e-05
68233,6.3209845e-05
68235,7.306794e-05
68238,0.00015868386
68240,4.9541177e-05
68241,0.99988437
68252,0.99816006
68261,0.99995124
68262,0.0009050813
68267,0.0644715
68272,6.8424044e-05
68274,5.843965e-05
68279,0.0006507039
68280,0.0003146065
68289,0.9360652
68291,0.99966085
68294,0.9998901
68295,2.365416e-05
68296,0.0005943964
68301,0.000108112625
68304,7.963913e-05
68314,0.912725
68316,0.00044443842
68317,0.99973994
68323,8.198747e-05
68325,0.00040119965
68330,4.9300586e-05
68331,0.99986374
68352,0.9896102
68361,4.601466e-05
68372,2.3392657e-05
68375,0.00035767542
68389,0.9996511
68391,0.00015358582
68400,0.9998921
68410,3.8430186e-05
68411,0.99964297
68412,7.894576e-05
68418,6.050819e-05
68419,0.9998839
68420,0.99944156
68429,3.4041757e-05
68433,0.00023041797
68434,2.6168846e-05
68438,0.00066927203
68440,0.9999614
68442,0.003037737
68446,0.009519302
68447,5.4707525e-05
68448,0.99985373
68452,0.000987037
68456,0.0001901352
68457,0.005710554
68459,0.053102884
68468,0.0004033973
68469,0.00011831138
68475,0.0003597001
68476,0.99249
68487,0.9995839
68489,0.99989605
68490,5.8565845e-05
68499,0.99992025
68501,9.914942e-05
68504,0.00042613674
68507,9.463564e-05
68508,7.977139e-05
68524,2.5638514e-05
68526,0.0002565983
68527,9.028651e-05
68528,0.00044812483
68533,0.9996762
68541,0.00011291554
68543,0.00012960611
68544,0.99990547
68554,0.0006104981
68555,2.4214254e-05
68559,0.999281
68560,0.9999052
68561,0.00024779877
68571,0.00018612972
68572,0.0030915358
68576,0.9998728
68577,8.642008e-05
68581,0.00011313379
68584,0.97778374
68588,0.00016688033
68591,0.00033010016
68595,0.0006910797
68602,0.9997898
68605,0.99977463
68606,0.9494201
68609,9.1410104e-05
68612,0.0012098921
68617,0.00021782711
68622,0.040517967
68627,0.00015223902
68628,0.00033976254
68630,0.00078585837
68638,0.99908733
68649,0.9999486
68655,0.00012237339
68656,0.9997619
68661,0.043430053
68664,0.00057284656
68667,0.10556905
68674,3.5301167e-05
68681,0.9982419
68685,0.000109298366
68686,8.8618835e-05
68690,0.00019102597
68696,2.5431576e-05
68699,0.00021549486
68702,6.0853363e-05
68709,0.00029817983
68713,0.00028857013
68717,6.36539e-05
68721,0.00033852295
68722,0.00024602117
68724,0.9999721
68726,0.19545001
68732,6.339862e-05
68738,3.798172e-05
68739,0.0004819078
68740,6.159325e-05
68743,0.00017605921
68746,0.9998332
68747,0.00012283202
68749,0.9998944
68753,5.4250035e-05
68761,0.0007233894
68767,0.9993717
68770,0.99942625
68773,0.00014845225
68783,0.002416575
68790,0.000117007454
68791,0.9998864
68795,0.00051148894
68797,5.3608932e-05
68799,0.021660047
68800,0.00026684933
68805,0.14633536
68806,0.00016277644
68808,7.999794e-05
68816,0.00073335686
68818,0.0003138273
68820,0.00010227371
68833,0.99970204
68854,0.00058538927
68856,0.9996092
68859,9.577746e-05
68862,0.0007206649
68873,0.00010122729
68876,0.00038797475
68883,5.4797852e-05
68892,0.00049592386
68893,7.1373266e-05
68897,0.00010976901
68906,0.00014584964
68909,7.867574e-05
68910,0.9928871
68912,0.9997371
68913,4.1101284e-05
68915,0.0004114241
68917,4.248676e-05
68933,0.00038493448
68935,0.00024072248
68946,0.99989545
68953,0.00048846344
68956,0.9998217
68960,9.344325e-05
68964,7.880496e-05
68967,0.99983335
68970,0.0005255931
68979,0.0006783699
68984,0.008777283
68985,0.0007659165
68988,0.00013027631
68989,0.00017565594
68998,0.00039016342
69000,0.00011590354
69004,2.8701123e-05
69006,0.0002687725
69012,0.00041194368
69016,0.00033248033
69019,5.086077e-05
69022,0.00017573737
69023,0.9992036
69032,0.99934834
69037,2.7646358e-05
69040,0.00018536055
69041,0.00010647647
69045,9.3023256e-05
69050,8.28513e-05
69055,0.0010372037
69062,0.999671
69064,0.99945134
69074,0.99927706
69078,0.12313404
69079,0.9880542
69080,9.869598e-05
69092,0.00010484277
69093,0.0002798172
69096,0.99842
69102,0.9997882
69105,4.6042267e-05
69117,0.00024999861
69118,0.10440913
69128,0.0034161962
69130,0.00055172376
69134,0.14760222
69135,0.9998149
69141,0.00042085696
69143,4.0651368e-05
69156,0.9994935
69158,0.99988484
69177,0.00024761882
69182,0.0011478312
69186,7.6465185e-05
69192,0.0032869906
69194,0.00029181433
69198,0.0006947704
69200,2.686275e-05
69202,7.225083e-05
69204,0.9998186
69205,5.2988045e-05
69207,9.169908e-05
69210,0.00037255103
69214,9.3667084e-05
69218,2.366905e-05
69219,0.7627351
69221,0.00064218004
69223,3.399968e-05
69227,0.96829927
69229,0.9996567
69233,0.00045248898
69244,0.0005970013
69257,0.00027379006
69258,0.0014633622
69265,0.00025458785
69266,8.532461e-05
69268,0.9992329
69271,5.9278256e-05
69272,0.0002254273
69284,0.00024388538
69287,0.0003408954
69288,0.15710014
69289,0.0005072085
69295,0.0008736685
69296,0.9993499
69298,0.00012254855
69301,0.00012210099
69308,4.1757747e-05
69311,4.6011806e-05
69320,0.00031000286
69325,0.99907047
69330,0.00037569262
69332,0.16855286
69336,0.99978024
69339,0.0005963785
69343,0.00031507475
69347,6.510138e-05
69352,9.6292664e-05
69358,0.0006881518
69359,0.0006186161
69365,0.9988549
69370,0.0003545744
69372,0.00033219613
69373,5.711478e-05
69386,0.00049729954
69392,0.99979967
69394,0.9999136
69397,0.00015992763
69403,7.3329065e-05
69410,0.00057666673
69414,0.9427808
69417,7.020364e-05
69425,0.00015623824
69434,0.99977857
69442,6.845106e-05
69451,0.99979943
69454,0.00016922606
69456,0.0011310892
69457,0.9999584
69467,0.94831127
69468,9.2586524e-05
69470,0.00037254428
69471,9.89057e-05
69477,0.9338584
69480,0.93289816
69481,0.99986184
69482,0.00025328482
69484,0.9999466
69494,9.0411086e-05
69503,0.99992096
69504,3.060529e-05
69505,6.835967e-05
69511,0.9963391
69513,0.12411582
69515,0.99616677
69516,0.000579974
69519,0.00021070719
69520,0.00012007359
69526,0.99992466
69528,0.9998061
69533,0.00028221455
69537,0.00055873604
69540,9.8985234e-05
69551,0.00049393566
69556,2.2502934e-05
69559,0.00013777506
69566,0.00020154422
69568,9.727074e-05
69569,0.070111796
69571,0.13898483
69576,0.00011217451
69587,0.00012626298
69592,0.0006791759
69595,0.00016604607
69598,0.9998411
69601,5.064385e-05
69605,6.65654e-05
69606,0.00023976502
69610,0.00020455041
69612,0.06949816
69615,0.23978737
69620,3.7608606e-05
69628,2.8484183e-05
69633,0.16642989
69639,0.00017215904
69641,7.8804806e-05
69649,0.99965715
69650,0.99934167
69657,0.99993074
69658,0.0007830443
69662,0.0069246124
69664,0.00017864924
69667,3.4725665e-05
69673,0.9994954
69679,3.4645123e-05
69683,6.8045665e-05
69687,0.002248642
69690,0.99979883
69692,4.8190617e-05
69702,0.99910104
69704,0.00011683164
69712,0.000958038
69715,0.008087549
69723,0.00023932173
69724,0.0005002908
69727,0.000109437075
69730,0.99996233
69733,0.00033477898
69735,0.00031622368
69739,0.9842039
69741,0.0002993759
69742,0.99974746
69743,0.00083836913
69745,0.00041409835
69746,0.99977225
69749,0.9993604
69750,5.5312627e-05
69755,0.00014248904
69762,0.0013586915
69764,0.97469896
69765,0.999969
69779,6.386245e-05
69783,0.00085212436
69791,0.000489147
69794,0.99915767
69795,5.2476178e-05
69799,4.504563e-05
69805,0.00019161447
69807,0.0015735886
69809,0.00031800228
69811,0.107734986
69814,0.00029612647
69824,0.000121588484
69828,0.0011401485
69829,5.5211447e-05
69830,0.0005005515
69833,9.447721e-05
69836,0.00021868803
69841,3.796097e-05
69846,0.9999448
69851,0.00023241299
69854,0.000104401515
69856,0.0002569937
69857,0.99985516
69858,6.810526e-05
69861,0.0015818833
69870,0.00032030224
69875,0.00093513273
69878,0.00025165806
69886,8.780859e-05
69895,0.9999434
69898,0.0010836374
69906,0.0001618068
69911,0.00038949618
69912,0.00010017323
69914,3.436729e-05
69920,5.091017e-05
69924,0.9999304
69929,0.0003275709
69930,0.00016381423
69932,0.99996245
69934,0.0006317147
69943,0.0001224342
69947,0.00016970548
69948,0.00038470316
69950,0.00047047203
69953,1.742126e-05
69954,0.0060484996
69956,0.00034567362
69963,0.00013115218
69965,0.0002467539
69966,8.215793e-05
69974,0.0003743564
69976,0.99846315
69981,0.9995498
69986,0.00064487965
69995,0.0002727825
69996,0.00025434524
70007,0.99968374
70017,2.5183332e-05
70021,0.0005262029
70023,8.2220475e-05
70025,0.99974436
70026,0.99955016
70032,7.977541e-05
70036,0.00045883964
70037,4.2636933e-05
70039,0.99921906
70040,0.0003722597
70041,0.00016429038
70043,2.1686661e-05
70044,3.4149874e-05
70046,0.99943227
70054,2.4862948e-05
70056,0.00014682053
70058,0.999838
70070,0.99968636
70078,0.00016301223
70080,0.0029310696
70085,0.99978954
70088,0.0010374063
70089,0.00019458035
70095,1.6489399e-05
70097,0.99958724
70107,5.4358577e-05
70109,3.292532e-05
70112,0.00020882813
70114,0.00014937407
70117,0.00013147523
70121,0.99993026
70131,0.9980538
70133,0.00042178732
70148,0.9999051
70150,0.00031611096
70152,0.000101423335
70160,0.9998753
70164,0.000594041
70165,0.0003233258
70166,5.815523e-05
70168,0.9994362
70170,0.09651228
70183,0.00046130433
70184,0.99991226
70187,4.7883874e-05
70188,9.165904e-05
70194,0.9990048
70195,6.490098e-05
70203,0.00014621447
70204,4.784042e-05
70222,0.00016605003
70225,0.9996076
70227,2.2581422e-05
70230,0.14353493
70231,0.097169094
70232,2.169266e-05
70240,0.0020288823
70251,0.9996381
70253,4.8235903e-05
70254,0.00030240402
70256,0.0010219719
70259,0.0010949121
70262,0.9992151
70263,8.2191786e-05
70264,0.000115914154
70267,0.00016261665
70268,6.973644e-05
70269,0.0012201145
70270,0.00067026616
70271,0.00010398383
70279,5.5862813e-05
70284,0.9991352
70289,0.0011535804
70291,0.0012683698
70295,6.434592e-05
70300,0.99993134
70301,0.019468572
70308,3.3807242e-05
70310,0.9999293
70311,0.00019601006
70334,0.000120763245
70337,0.00010223627
70338,0.0003998991
70341,0.00196012
70346,1.578172e-05
70347,9.2688555e-05
70348,0.00016600745
70353,0.99934167
70359,0.9998386
70363,0.99837106
70364,0.9990134
70366,0.00033009922
70367,4.9351056e-05
70371,1.9646417e-05
70384,7.333305e-05
70396,6.334622e-05
70399,0.00025208626
70412,0.9995535
70415,0.000377347
70416,0.9969777
70418,0.9992453
70419,0.00015877967
70423,6.537237e-05
70426,0.00017570419
70427,0.9998196
70428,0.9398794
70431,4.2498836e-05
70432,0.0007069349
70437,0.0006536062
70440,3.843851e-05
70441,3.1072774e-05
70445,0.99981874
70447,0.99988043
70449,0.99972135
70450,0.00023009501
70452,5.635835e-05
70453,0.99987245
70454,0.0034647535
70457,0.99963796
70460,0.9999286
70468,0.00013339253
70469,0.00014242792
70474,0.9998373
70480,5.188904e-05
70484,0.00011516881
70488,0.9999331
70493,5.421218e-05
70496,0.0003106647
70497,5.5607477e-05
70498,4.0802257e-05
70499,0.9998436
70502,0.00019313821
70511,0.9998865
70513,0.99981636
70521,0.999876
70528,0.99952817
70535,0.00010033374
70537,0.0011572829
70546,0.9999341
70553,0.16420078
70554,7.453775e-05
70560,6.201997e-05
70564,0.00051358726
70568,0.00014385217
70571,0.00023033032
70575,7.0245624e-05
70576,0.00045548132
70580,0.0001933313
70581,4.2171458e-05
70582,4.397614e-05
70583,0.9995409
70584,0.99978155
70589,0.00023884235
70590,3.9126848e-05
70593,0.9997489
70597,0.99975675
70617,0.98227304
70618,0.00016134398
70620,2.5094223e-05
70621,8.986827e-05
70623,3.1158885e-05
70628,0.08784223
70629,0.9999502
70634,9.912229e-05
70635,0.00018473929
70641,0.053246383
70644,6.60919e-05
70645,0.00010486517
70653,0.00025497263
70655,4.2581876e-05
70659,0.00016733492
70660,4.6894438e-05
70663,0.99982953
70665,9.621823e-05
70667,0.00016958402
70668,0.0001874575
70694,0.0023687368
70695,0.99961424
70700,5.909533e-05
70702,0.99965906
70703,9.428164e-05
70704,0.0006932922
70706,6.0769682e-05
70708,0.04276302
70718,0.0014736293
70719,0.00030942087
70723,2.7117878e-05
70724,0.9982003
70726,7.3459385e-05
70729,0.0001686928
70731,0.99995327
70733,0.0005755188
70737,0.0005768929
70740,0.00013674096
70742,0.99961734
70745,0.99972326
70748,8.9038884e-05
70750,0.0001447816
70754,8.18852e-05
70760,2.4625444e-05
70761,0.99991083
70765,4.9830207e-05
70767,0.00017062628
70768,0.00012359512
70769,0.9993113
70771,0.007031504
70774,0.94702667
70776,0.00012902115
70777,0.00026058167
70790,0.00016622919
70792,8.097358e-05
70793,2.4540575e-05
70800,0.9998167
70805,0.00012244821
70807,5.555575e-05
70811,0.00015850905
70820,0.93552816
70827,0.99822336
70833,0.025491638
70836,0.99991953
70840,0.34473288
70843,0.00012490942
70845,0.00042383646
70847,3.584817e-05
70852,2.5486277e-05
70862,6.614083e-05
70865,0.99984014
70868,0.9995993
70870,0.00063806144
70878,0.00028478418
70881,0.00033481856
70882,0.9997204
70885,0.9963876
70887,3.7066224e-05
70889,0.95370716
70895,0.00094193954
70896,0.9996928
70897,3.976277e-05
70899,0.1002343
70909,0.00017636048
70919,5.5720328e-05
70920,0.00016079676
70926,0.00010370024
70927,0.0027689028
70929,0.9998062
70933,0.9992524
70934,0.000699026
70937,0.94753724
70943,0.99972814
70948,0.00014764434
70949,0.00017750564
70952,0.99986434
70967,6.787516e-05
70975,2.4244593e-05
70982,4.9859013e-05
70986,0.00023476956
70995,6.111343e-05
71010,0.00015625657
71012,0.9998715
71015,6.051875e-05
71021,2.1651262e-05
71023,5.614817e-05
71029,6.908157e-05
71032,6.284333e-05
71033,4.81059e-05
71040,0.00012730715
71043,0.00022305262
71044,0.9998492
71054,0.9998777
71056,0.99962103
71073,0.9998134
71083,5.3150343e-05
71091,0.00028572272
71093,0.99988365
71095,0.0013353741
71096,0.99989617
71101,0.00034438175
71103,5.783822e-05
71105,0.0003298073
71108,0.999887
71109,0.99919707
71116,9.3496725e-05
71121,0.00012198507
71122,3.15616e-05
71131,0.9999144
71132,0.00080894574
71135,5.649976e-05
71139,4.421208e-05
71145,0.9996549
71146,0.000108782326
71149,0.025746156
71151,0.00016426093
71152,0.00027466146
71153,0.0003202876
71154,0.0031289659
71157,3.1344436e-05
71165,5.074527e-05
71166,0.99944586
71167,0.99986553
71168,0.9998217
71177,3.22757e-05
71178,0.0001061129
71179,0.00010495921
71184,0.99975854
71189,0.0089409165
71192,0.9999306
71202,0.0052355872
71205,0.000136766
71206,7.835378e-05
71214,0.001853976
71219,0.94644886
71220,0.0005639919
71222,0.00019070423
71226,7.050205e-05
71227,0.99991965
71231,0.00029094645
71242,0.0017237352
71244,0.00011464703
71246,0.99991727
71250,4.3739456e-05
71254,0.99977046
71255,0.00015517876
71263,0.0001219396
71265,0.99964845
71268,0.9996486
71279,9.304908e-05
71280,2.9814028e-05
71283,0.99995613
71284,0.9997768
71285,0.00052218896
71293,0.0005448356
71296,0.99984586
71300,0.9368343
71311,0.0003866293
71317,0.00010776751
71318,0.00040522078
71320,3.7473244e-05
71340,0.9721586
71343,0.00021249898
71345,0.98645043
71348,0.00016365435
71349,0.9997665
71350,0.00012593508
71352,0.00029777188
71360,0.23113209
71361,0.0008844247
71366,0.99970955
71367,0.99940753
71369,4.348402e-05
71370,0.00028110523
71371,0.00014126296
71381,0.000117864685
71386,4.776229e-05
71387,0.99969935
71390,0.7465669
71391,0.0003711368
71405,8.508363e-05
71412,0.00718008
71415,0.00034150155
71418,0.9998869
71422,0.9998418
71426,0.00065656175
71427,0.00034068082
71429,0.00012539812
71430,0.08748164
71435,0.0013402764
71442,0.99968565
71447,0.997761
71455,0.25593743
71456,0.0050095688
71457,0.00014074183
71462,0.0011224112
71464,0.99912006
71468,4.5373847e-05
71470,0.99981076
71475,7.8069104e-05
71477,0.9992248
71480,0.00012917884
71491,2.2992317e-05
71493,0.00013157229
71494,0.99955815
71499,0.99961275
71506,8.7028e-05
71509,0.00010519408
71519,0.00094670354
71521,0.0014518587
71525,0.00023694569
71530,0.12891498
71533,0.005726244
71542,0.9996872
71556,0.00041913116
71570,6.371487e-05
71572,6.352098e-05
71573,0.99935156
71576,0.001592722
71579,0.00023039027
71585,0.99987257
71590,0.0005160435
71593,0.99921227
71596,5.633836e-05
71599,0.00019005671
71603,0.00014378375
71605,0.9998883
71607,0.00032863437
71608,0.00013163604
71611,0.99922776
71633,3.8824037e-05
71634,0.99993575
71656,0.0013194041
71657,0.00036419145
71660,0.0002529766
71661,0.00011894893
71669,0.00031586934
71676,9.8942204e-05
71683,5.2624568e-05
71688,0.00012286774
71690,0.00038809795
71691,0.000677558
71697,0.102719486
71703,0.0004954998
71705,0.9996972
71706,0.0003934606
71708,0.00062456226
71719,0.00018020885
71729,0.99036574
71734,0.048273373
71735,0.9991714
71736,0.00013247796
71740,0.00017582501
71741,3.9139984e-05
71743,0.00047532868
71744,0.00015266145
71747,4.8603633e-05
71752,0.99975175
71756,0.99985814
71759,0.00013038282
71771,0.054478277
71772,0.15237686
71776,2.5746223e-05
71782,0.00030832985
71786,0.00012497042
71787,4.8504407e-05
71788,0.99973243
71791,0.0002842487
71796,0.00032608057
71798,0.0010869198
71800,0.00015120867
71805,0.014729617
71807,0.00014278023
71816,8.6413325e-05
71822,0.00034614798
71831,0.00012358888
71834,0.00024593747
71835,0.07703334
71840,2.7187662e-05
71846,0.00067039236
71849,1.776262e-05
71858,0.997118
71870,0.09325866
71875,3.2144388e-05
71877,0.9998766
71883,0.99962175
71886,0.99976414
71888,0.00031068394
71889,0.0077407667
71902,4.271992e-05
71908,0.0002909997
71918,4.031261e-05
71930,5.5659682e-05
71931,0.001982533
71948,0.0001762559
71950,0.9999013
71957,0.0003378478
71958,0.00015087094
71962,7.552383e-05
71965,0.00045012482
71967,0.99989986
71971,6.953232e-05
71975,0.99891174
71977,0.9999199
71987,0.9432828
71988,0.00017779869
71989,0.001389395
71990,3.0757583e-05
71992,0.03465633
71996,0.9994031
72001,0.0010065769
72008,4.6124274e-05
72009,0.9998186
72011,7.491299e-05
72032,5.2831834e-05
72034,5.577562e-05
72047,0.9709112
72054,9.7572476e-05
72060,5.623675e-05
72061,0.00015875863
72066,0.00048619352
72067,5.2906547e-05
72071,7.986135e-05
72079,0.0008644455
72080,8.934082e-05
72082,2.1761949e-05
72095,0.00049729215
72098,2.00425e-05
72106,0.21549334
72107,0.0003429281
72114,0.9489437
72115,0.000119872835
72122,0.00012430522
72123,0.9999602
72128,0.00012107965
72132,0.99985194
72135,0.9998305
72136,0.99989164
72137,0.99953413
72138,5.8220714e-05
72151,6.2411724e-05
72152,2.2328628e-05
72161,0.99987113
72167,0.9994605
72170,0.00034501054
72172,0.9998276
72173,0.0026072792
72174,0.99487704
72175,0.00013321635
72180,0.016093606
72184,8.765491e-05
72185,0.99972373
72192,3.8887698e-05
72197,0.08056302
72202,6.1544226e-05
72205,0.00041351607
72214,0.00052365515
72215,0.0002706623
72223,0.99985707
72226,0.07843838
72229,0.00017248683
72231,1.561411e-05
72237,7.582757e-05
72238,0.999495
72239,0.99959403
72241,8.834469e-05
72242,0.00015270397
72255,0.00027236826
72261,0.00014222557
72262,0.0007850452
72264,0.00030746066
72286,0.9995239
72292,0.0008570424
72294,0.99976784
72295,3.1541233e-05
72300,0.00080459483
72308,0.00027064298
72311,0.00010871378
72314,0.9995629
72315,0.00043148897
72316,0.9997887
72322,0.00024301495
72327,0.9997162
72328,9.578824e-05
72331,3.4856985e-05
72337,0.00012241214
72338,3.693616e-05
72342,3.925796e-05
72344,0.00010950022
72345,0.0001364008
72346,0.00085351686
72350,9.270119e-05
72357,0.00019468075
72358,7.775862e-05
72359,0.9998665
72361,0.00033562054
72366,0.9994234
72368,0.116419904
72377,0.15552428
72382,0.0051996065
72385,0.0012700254
72386,0.00020517391
72389,0.00015964865
72393,2.7884505e-05
72396,0.0007667588
72399,0.00018839752
72407,4.454081e-05
72408,2.3938777e-05
72409,0.9998652
72418,9.896749e-05
72419,0.000407309
72420,5.6812154e-05
72421,0.9999125
72425,0.00019303309
72434,0.0001442175
72435,8.0430495e-05
72438,0.00076082617
72441,0.86571234
72449,0.00016611828
72453,0.9998945
72462,0.9998447
72484,1.59377e-05
72485,6.0726117e-05
72489,0.0002419711
72492,0.93360156
72495,0.9998493
72497,0.99983025
72498,0.000105338426
72500,0.0007602387
72503,0.00014635897
72504,0.0005186294
72505,4.73231e-05
72506,3.910249e-05
72508,0.99981517
72517,6.917116e-05
72519,0.85617137
72521,0.99973553
72523,9.8979006e-05
72526,7.6581426e-05
72530,0.003423561
72531,0.0009315503
72535,8.4437335e-05
72536,0.00013699115
72537,0.998566
72538,0.9997315
72539,5.3495158e-05
72541,0.0025962784
72549,0.085183896
72553,6.959208e-05
72555,7.4421056e-05
72564,4.106755e-05
72566,0.9997491
72578,0.999828
72582,0.99916625
72592,8.367474e-05
72593,0.0011488895
72597,0.006804086
72598,0.0003092339
72605,0.99991953
72606,0.99957603
72613,4.5299657e-05
72615,6.939923e-05
72617,7.27253e-05
72618,0.0005958643
72621,0.0019441212
72625,0.0006401501
72632,0.99988675
72637,4.308466e-05
72638,0.00022046546
72655,0.00038073328
72656,0.00011370603
72662,0.00011102309
72665,0.9995704
72670,0.99967515
72677,0.00022120749
72683,0.00030523134
72684,0.99961334
72687,0.00038276872
72701,0.0005603907
72706,8.3358886e-05
72709,0.00015337947
72711,5.201909e-05
72714,0.99976856
72716,0.00060675456
72727,6.1097584e-05
72729,0.0002012506
72732,0.0003866551
72748,0.9998568
72749,9.691503e-05
72751,0.003330633
72754,3.098947e-05
72755,0.0009229982
72756,0.0006021133
72760,0.0005593221
72771,0.00017877073
72773,0.9687095
72775,8.04717e-05
72776,0.19897531
72777,0.99479455
72781,0.006505789
72786,0.0003226896
72790,0.9999393
72799,0.0003693679
72801,6.550217e-05
72803,0.0013172106
72805,0.9999448
72806,6.250512e-05
72809,1.746501e-05
72816,0.000109536886
72817,0.00042460623
72831,8.793219e-05
72832,1.8153485e-05
72835,5.4640575e-05
72840,8.429357e-05
72846,0.93726027
72848,0.0004325113
72851,9.257284e-05
72863,0.0005476155
72888,0.9996019
72893,6.928193e-05
72896,0.99994385
72898,0.0006330515
72901,0.9993024
72908,0.00093140657
72915,0.00010280927
72917,0.9998241
72920,0.00022714643
72921,0.0002920311
72927,0.0013231492
72938,4.9546285e-05
72943,6.437274e-05
72948,0.9997532
72949,0.000116841
72954,0.9998671
72961,3.764144e-05
72970,0.00029018742
72976,0.00035966325
72978,3.6170342e-05
72990,0.00013072904
72991,0.0005371015
72992,6.957802e-05
72995,0.00015010338
73001,0.000429764
73009,2.211803e-05
73010,0.9997633
73014,6.614165e-05
73017,0.00046039434
73020,4.3907244e-06
73022,0.00017855728
73028,0.9998324
73035,0.9998473
73037,0.0001456598
73040,0.00019246041
73044,0.022451265
73055,0.2684204
73057,0.0022174919
73061,0.000100954094
73073,0.99995244
73075,0.9981743
73083,0.00054505037
73086,1.633805e-05
73089,0.00011904481
73101,3.5933772e-05
73119,0.00028579734
73125,5.8823935e-05
73127,2.223524e-05
73131,7.431603e-05
73133,0.9720042
73134,5.182386e-05
73138,3.4361492e-05
73142,6.1767765e-05
73150,0.053370908
73151,0.0004334325
73154,0.00043813747
73157,9.4525516e-05
73166,0.99996233
73169,0.00030080642
73176,0.00019069713
73180,1.6439531e-05
73181,0.001441476
73182,0.99949634
73186,0.99970907
73187,0.00055792765
73192,0.00034495775
73193,0.00023691586
73204,0.0001320717
73206,0.00011115423
73207,0.0007615987
73209,0.00023104205
73210,0.00014657405
73211,0.9996985
73214,0.0020174475
73216,4.0322302e-05
73222,0.0004186041
73228,0.9997193
73233,0.00031275058
73239,4.841628e-05
73241,0.99979585
73248,0.0005193301
73249,6.949546e-05
73251,0.004650517
73252,0.99970275
73253,0.00023103898
73257,0.9998235
73261,0.00060591253
73264,0.00013082368
73267,0.00077662076
73269,0.00024123485
73279,6.686046e-05
73284,0.9999399
73296,0.99950063
73297,8.689201e-05
73305,0.00010403808
73308,0.09172472
73311,0.00021860276
73312,0.99961275
73316,0.99990106
73319,0.9998074
73322,0.9997818
73326,0.9995363
73332,0.99630344
73333,3.3629873e-05
73336,0.17763916
73339,0.9998764
73340,0.09641396
73343,4.7075097e-05
73344,0.9998982
73346,0.9364056
73360,0.00031696953
73369,0.00079578266
73370,0.00020315406
73375,6.500709e-05
73381,0.99880326
73387,0.0001546787
73388,3.808767e-05
73390,0.0005197129
73392,0.00012702147
73396,4.0635245e-05
73397,0.0009821674
73402,0.99983895
73403,0.99987423
73404,0.061745375
73406,0.00015481636
73413,5.102906e-05
73425,0.0014535908
73431,0.9999565
73437,0.2824436
73439,0.00052161166
73440,0.99974257
73446,0.94641274
73450,0.00040094767
73458,7.793663e-05
73464,0.001801509
73466,0.9999306
73468,0.0002659829
73477,0.99984753
73484,3.5404904e-05
73489,5.614228e-05
73490,0.00019155418
73492,3.642466e-05
73493,0.009203764
73496,6.845635e-05
73497,0.0001132211
73499,0.9998215
73501,0.00010801948
73502,4.6297413e-05
73505,0.00049273204
73509,0.045343313
73512,0.9998603
73513,0.20188491
73514,0.00068416225
73520,0.000332905
73521,0.0009792172
73522,3.0002673e-05
73529,1.8578165e-05
73533,0.99974364
73534,1.9949917e-05
73540,0.9990791
73541,0.00033852473
73545,0.9994765
73556,5.2415013e-05
73560,7.756332e-05
73563,2.4296904e-05
73564,5.012441e-05
73569,2.4140405e-05
73571,0.89847815
73578,0.00015561112
73579,0.00090539176
73580,0.9998703
73583,0.00035927034
73585,8.110658e-05
73591,4.489797e-05
73598,0.0010061713
73600,2.7338589e-05
73608,8.1414684e-05
73610,0.9999275
73612,0.00018295285
73620,2.948283e-05
73623,4.0940155e-05
73624,0.9994067
73628,0.99995255
73638,0.00051622285
73640,0.00066802365
73641,0.0005106771
73649,0.085288204
73655,6.4895285e-05
73656,0.00031244033
73657,7.574749e-05
73659,0.99983835
73660,0.999775
73661,0.0007992804
73665,0.00023050673
73671,0.00016486521
73679,0.000233604
73681,0.9998828
73682,0.40725604
73688,0.99991345
73695,0.00021180678
73696,0.99984086
73698,0.9998276
73700,0.9999293
73701,0.99974257
73702,5.5627796e-05
73705,3.3078053e-05
73711,0.0015532086
73713,8.514076e-05
73717,0.9998228
73723,0.00076609384
73724,9.532734e-05
73729,0.9998765
73735,2.7620876e-05
73736,5.052248e-05
73743,0.00069037266
73750,0.0001518137
73758,0.00046525078
73760,4.399745e-05
73761,0.94179344
73762,3.3544737e-05
73766,0.00013620156
73770,0.9999033
73781,8.9457266e-05
73782,0.9999652
73787,0.00062112074
73789,0.00010361661
73791,0.9998541
73792,0.00046042813
73793,0.10811065
73796,0.00028288478
73802,8.207532e-05
73806,0.9998294
73809,0.00011970011
73813,0.94195133
73818,0.00018029615
73832,0.0004208048
73834,0.00010495471
73837,6.732836e-05
73838,0.99915874
73840,0.0005386619
73846,9.81417e-05
73849,4.7262398e-05
73854,0.0001913419
73873,0.0003160808
73876,0.0011879626
73878,0.9998554
73880,0.9997671
73884,0.00019125416
73885,0.9929351
73887,0.000455312
73891,0.00035571065
73892,0.075503185
73893,0.0007546872
73895,2.2623906e-05
73897,0.00049303717
73903,0.00022757219
73907,0.012338732
73908,9.786731e-05
73914,0.00023213551
73915,0.0007557808
73916,0.99974805
73920,4.7130976e-05
73932,0.016695635
73933,0.00017393443
73936,0.0003015438
73937,0.00013907187
73939,6.693938e-05
73940,6.0706952e-05
73942,0.99621993
73943,0.21882474
73948,0.9999244
73949,0.002450531
73951,7.8134646e-05
73955,0.0013418441
73956,0.9998061
73971,0.002592642
73972,0.0015018386
73975,8.603485e-05
73976,0.005964429
73984,4.274274e-05
73985,0.00022157603
73986,0.0004586982
73989,9.904859e-05
73991,6.663711e-05
73992,3.7576556e-05
73993,0.99974304
73998,0.99994075
74000,0.99966323
74001,0.9999504
74003,6.172001e-05
74008,0.00018695182
74009,7.082374e-05
74010,6.0410006e-05
74011,0.00025741477
74016,0.9998821
74018,0.9998017
74019,0.007133334
74030,0.13312526
74033,0.011527937
74042,0.00047796412
74045,0.99938977
74050,0.9998287
74061,8.891569e-05
74064,0.0006798549
74066,0.00015086246
74071,0.00021258977
74074,0.00010631992
74075,2.7959384e-05
74083,0.0011059891
74086,0.00033638373
74090,7.6641554e-05
74093,0.00056944415
74101,0.00047149157
74104,5.856361e-05
74105,0.00013221383
74106,2.8746264e-05
74113,0.0011814423
74114,0.00016229569
74115,4.7847723e-05
74123,0.99854636
74130,0.0005702301
74133,9.6114694e-05
74135,0.99961144
74137,0.00030084315
74138,0.0001441647
74145,0.00010899769
74154,6.8080975e-05
74158,0.00012922553
74160,2.1946727e-05
74162,0.00055910257
74164,0.00016674481
74166,0.00010269844
74167,0.00036921687
74170,0.003284261
74173,0.0017536082
74176,8.487714e-05
74177,0.9994423
74181,5.7605106e-05
74182,0.0010831398
74186,0.0001007874
74189,3.730712e-05
74197,0.005816206
74201,6.926033e-05
74202,0.9998702
74209,0.000102604965
74210,0.9997173
74211,0.9998136
74215,0.000121276076
74216,4.5402416e-05
74217,0.0003106179
74221,0.0007124823
74226,4.9287046e-05
74231,0.00013161296
74233,0.99947745
74234,0.99935
74235,2.5829198e-05
74237,0.23741138
74240,0.99972564
74247,0.00034925257
74248,0.06974838
74249,7.327985e-05
74251,0.9997944
74252,0.99990726
74261,3.5798326e-05
74263,8.702054e-05
74265,0.99983466
74268,0.00016120682
74271,0.9996209
74273,4.5152974e-05
74279,0.9999453
74281,0.00012885443
74284,0.0004145079
74287,0.08894287
74292,0.9998839
74296,0.00020115353
74297,0.00040367892
74298,0.01040122
74303,0.00020546402
74304,4.0305848e-05
74310,7.807276e-05
74311,0.00015795609
74323,5.4545046e-05
74326,2.9660156e-05
74328,2.592757e-05
74330,0.9997962
74331,0.0021164303
74332,3.830535e-05
74339,0.00013525304
74351,9.1989765e-05
74352,0.9997279
74362,3.9109203e-05
74363,0.99948967
74371,0.00014735629
74374,0.00041966268
74375,0.99994624
74377,0.9998504
74378,0.9998994
74388,0.0001299655
74390,0.9998031
74395,7.9688354e-05
74398,0.0057180016
74400,0.9999076
74402,0.9992975
74403,2.8544715e-05
74407,0.0007298652
74411,0.00031352168
74413,0.00014060126
74414,0.99994934
74420,7.569529e-05
74421,3.6599347e-05
74424,0.00026337514
74426,0.0002071265
74427,0.9997923
74428,0.00015808793
74434,6.9244474e-05
74435,0.9998754
74438,0.00025706182
74440,3.8888364e-05
74443,0.0002252898
74446,5.720221e-05
74454,0.10061074
74456,0.049863316
74471,0.9995479
74478,0.00023785085
74480,0.9971042
74481,0.9999045
74482,0.0020521658
74490,0.9997111
74492,7.016475e-05
74500,0.00046293443
74502,0.9999225
74503,0.0010414048
74507,0.0003971285
74511,0.00029668713
74519,0.9997651
74520,0.99959666
74523,0.00027105614
74525,4.6333276e-05
74527,2.370974e-05
74534,0.9998099
74537,0.00027109362
74544,6.133371e-05
74549,0.0001942778
74559,0.00012554768
74562,3.1213578e-05
74567,0.0012449523
74570,0.0015846579
74587,0.00043692606
74588,1.6115879e-05
74593,0.00107574
74607,0.9310401
74608,0.00012193623
74609,0.0003405316
74613,0.9997507
74616,0.94862956
74629,0.00045189826
74630,0.96205246
74632,0.9993049
74634,0.0003287262
74635,0.9995615
74637,0.9990164
74639,3.817472e-05
74643,0.0005901207
74645,0.000899653
74650,0.3028402
74678,0.00030194916
74680,0.99987876
74685,0.99995077
74688,0.00013752251
74693,7.505629e-05
74702,0.19624604
74706,3.4876735e-05
74709,8.316452e-05
74716,0.9449286
74721,0.00081770954
74722,0.124205574
74727,8.497149e-05
74728,0.9998136
74729,0.99929893
74732,0.999803
74739,0.0011949139
74744,0.9997075
74745,0.00013294454
74767,0.00014783762
74769,0.9999633
74771,0.00036868555
74795,0.00038333345
74804,0.00077336206
74805,0.00012742338
74809,0.00019651308
74810,9.79433e-05
74813,2.6412017e-05
74815,0.9998148
74823,6.878104e-05
74826,0.00010598699
74829,0.0004160429
74836,0.0062099053
74837,0.9998192
74838,0.0003456878
74839,4.195725e-05
74840,9.4787814e-05
74855,3.9643048e-05
74859,4.2952728e-05
74862,0.15665074
74864,0.00037641876
74872,4.8714814e-05
74875,5.3463435e-05
74877,0.00040410573
74879,0.00038894665
74880,0.0012954749
74883,0.0015203042
74889,0.9995641
74895,0.00010639203
74907,0.0010115067
74914,9.391957e-05
74915,0.0003037433
74919,8.615185e-05
74920,0.058835004
74921,6.7520225e-05
74931,0.00028630928
74937,0.00022896378
74938,0.0003096726
74939,0.00076710194
74940,0.999869
74942,0.9998853
74943,0.00026022192
74947,0.0032179034
74954,0.9979802
74956,0.938407
74958,0.00016564046
74960,0.99988306
74961,6.18599e-05
74969,0.000197646
74970,4.142845e-05
74973,0.00015474744
74974,3.2999662e-05
74976,1.980734e-05
74979,0.99957067
74980,0.99987185
74981,0.00038020845
74983,0.9993311
74984,0.00016793545
74988,0.11781274
74993,9.946524e-05
74995,0.00020295793
74997,0.00010707701
75001,0.9998567
75006,0.0019136163
75007,6.528728e-05
75015,0.00036259592
75017,0.99934036
75024,1.8918308e-05
75026,0.00014365697
75029,0.0010224783
75037,0.00027870454
75038,7.896353e-05
75040,0.00023246773
75045,0.00044629173
75046,6.664905e-05
75056,0.00085853075
75057,3.603868e-05
75062,0.08424277
75063,0.00012119018
75065,4.481276e-05
75070,0.99987113
75074,8.7062705e-05
75076,4.1882813e-05
75077,4.760777e-05
75083,0.999943
75085,0.0002025925
75090,0.0014096589
75093,4.716937e-05
75094,0.00021340883
75097,6.982201e-05
75098,0.99975497
75107,0.99988997
75109,4.221133e-05
75111,0.99992967
75112,9.837219e-05
75118,0.00061590906
75124,0.9996611
75125,0.99989724
75136,0.00016699558
75166,4.838669e-05
75171,0.00036325294
75181,0.99989736
75186,0.00012409454
75190,0.9624883
75199,8.4987936e-05
75202,4.0675528e-05
75204,4.4202974e-05
75206,0.9999038
75207,0.09751441
75211,7.1660244e-05
75218,0.99981135
75227,0.0001183634
75228,5.303511e-05
75232,0.999587
75234,0.00011027848
75235,0.0004372596
75238,0.99987745
75241,0.99991965
75251,0.0012328383
75252,5.5579698e-05
75253,6.443183e-05
75256,0.14273462
75258,0.00045947602
75270,3.103818e-05
75272,0.00018390395
75275,0.99971586
75276,0.8697012
75282,0.0010836864
75285,0.00012445953
75289,0.9999057
75290,0.99989235
75294,0.00012012652
75299,0.00011622516
75307,2.2243701e-05
75316,0.9991917
75317,0.999652
75332,0.003866793
75333,0.0005767261
75334,0.99871063
75338,5.6919853e-05
75339,3.451654e-05
75345,0.9995684
75348,0.000660642
75356,2.646302e-05
75357,4.978133e-05
75370,0.0003826826
75377,0.0003229718
75379,6.8752845e-05
75380,0.99931884
75382,0.00024168933
75388,0.0013565511
75389,0.00020931593
75390,0.999959
75395,2.6828495e-05
75397,0.00023020957
75400,3.8227106e-05
75401,6.300019e-05
75402,4.6899448e-05
75403,0.117962025
75407,1.5994921e-05
75409,0.00015322876
75413,4.7855527e-05
75416,0.99946254
75424,4.309029e-05
75432,0.04760401
75440,0.00012151222
75441,0.9662702
75442,0.11024712
75446,7.906842e-05
75451,0.00012352466
75456,0.99926394
75459,0.9425419
75460,0.00080280664
75461,0.0011023118
75462,0.00040463885
75465,0.8527133
75470,5.080003e-05
75474,7.439509e-05
75475,0.00052285136
75477,8.313566e-05
75478,0.1094873
75480,3.6737678e-05
75483,0.9998006
75486,5.2545587e-05
75487,0.00019624719
75489,0.00015104438
75491,4.5417313e-05
75499,0.14098857
75504,0.00053844426
75506,0.14525507
75508,0.99838257
75511,0.00020101931
75515,5.7828733e-05
75516,6.120079e-05
75526,0.001116981
75531,0.0004099534
75533,0.04678865
75534,0.0003047591
75535,0.9309777
75536,0.11676611
75543,7.39959e-05
75551,0.9994148
75552,0.00034824686
75554,0.9996426
75555,0.99983215
75558,0.00035974316
75562,9.423347e-05
75569,0.00034362497
75572,0.00010317628
75577,6.0135153e-05
75589,8.731421e-05
75595,0.00021772848
75596,3.1289426e-05
75600,8.249071e-05
75602,2.614278e-05
75610,0.004974199
75617,0.99976844
75624,0.99991643
75626,0.99990416
75628,0.9292888
75630,4.46559e-05
75633,3.1497828e-05
75637,3.6346377e-05
75639,0.00043599887
75645,0.000100542915
75647,7.855699e-05
75649,0.99977213
75652,3.063303e-05
75653,8.700427e-05
75658,0.9996213
75659,0.00012522988
75662,5.6428315e-05
75663,0.9999721
75668,0.99982953
75669,0.000189475
75678,0.00062050775
75679,0.00024295703
75683,0.096324526
75685,0.11700047
75689,0.00025760898
75692,0.99975425
75693,4.7577272e-05
75701,0.0014001216
75709,0.00018515211
75717,3.253107e-05
75719,0.99972326
75720,0.99948895
75729,0.00012221024
75736,9.402755e-05
75738,0.00013739498
75748,0.99969184
75774,0.00025458663
75778,0.0004262767
75781,5.254744e-05
75786,0.00066189986
75793,0.99971634
75799,0.00015792371
75802,7.48675e-05
75808,0.00020273474
75809,7.1887065e-05
75814,0.9998542
75822,0.00010460051
75824,0.0022303148
75828,0.062033292
75829,0.00024743308
75830,0.9126252
75837,0.000114956725
75840,0.095643565
75842,2.8033686e-05
75845,0.99987674
75849,0.00049941865
75850,0.9425968
75855,0.00060821127
75858,0.00030552948
75860,0.9984022
75873,0.00035320013
75876,0.99702877
75883,0.99977905
75884,3.244441e-05
75885,5.6670655e-05
75888,0.0014030213
75891,0.00022624964
75893,0.00043635684
75894,0.0010437135
75896,0.0027804966
75899,0.000523235
75902,0.9994832
75904,0.00018254215
75906,0.9998988
75910,5.9672555e-05
75918,7.0270886e-05
75920,4.4606146e-05
75924,0.21544129
75925,0.99988306
75926,0.00024147649
75929,0.0004596239
75933,0.9996964
75936,6.793013e-05
75939,0.0007852667
75943,0.7642842
75947,0.9999366
75950,0.0029623753
75952,0.00023250676
75965,0.00022954436
75967,9.292795e-05
75977,0.000109421526
75984,0.99987364
75986,5.0050232e-05
75997,0.0004358187
76001,0.00062767783
76008,0.0014786617
76011,3.6553338e-05
76013,0.00045103172
76019,0.9999217
76020,4.8432583e-05
76022,2.488992e-05
76023,0.0033219098
76040,0.994351
76044,8.9369874e-05
76046,0.0005265067
76052,2.2262482e-05
76054,0.9997043
76055,0.06771259
76056,3.073313e-05
76062,6.163197e-05
76065,0.00012403906
76073,0.16534555
76079,9.631416e-05
76080,0.9996051
76083,0.00013506693
76084,0.9999101
76085,0.00011105337
76087,4.143331e-05
76088,0.00026868
76090,0.0006435197
76091,0.00029366135
76092,4.5411336e-05
76097,0.00011527484
76103,0.0005224518
76104,2.6637701e-05
76110,0.0024170878
76112,0.00067912444
76113,2.4543153e-05
76120,0.00015453981
76123,2.694236e-05
76124,0.00040937442
76127,0.000119405544
76129,7.144088e-05
76135,0.95047486
76138,0.10176159
76141,0.9834115
76142,0.0002071129
76145,0.0008602291
76151,0.00013600133
76153,0.9993474
76160,0.00073713314
76163,0.002072972
76166,0.0012522963
76171,6.6431094e-05
76172,9.537216e-05
76190,3.8524195e-05
76191,0.00015561067
76196,0.00012529426
76200,3.3629458e-05
76205,0.99898916
76210,0.9999503
76211,0.09436837
76215,0.00011417605
76220,0.0003497617
76222,0.99989927
76223,3.586113e-05
76224,0.00057761173
76225,0.00014870768
76227,0.00033723545
76230,0.00014662858
76234,4.793148e-05
76240,0.00020307931
76254,0.99957055
76256,0.0021559454
76259,6.7504705e-05
76260,3.7412367e-05
76261,0.10890547
76264,0.00057187246
76283,0.00011400981
76284,0.00037715994
76287,8.442389e-05
76288,0.0001436682
76296,9.504432e-05
76299,0.0032826944
76301,0.9998548
76302,0.0009498196
76303,0.00017128076
76304,6.022221e-05
76305,0.9999387
76310,0.9987907
76317,0.03198481
76319,6.6358094e-05
76322,0.00050783786
76324,0.9999399
76325,0.00053019513
76328,0.25007847
76329,0.9998722
76333,0.00014971629
76334,3.406001e-05
76340,0.9645261
76342,0.9998355
76348,0.00015116094
76350,2.4424817e-05
76356,0.35707897
76364,0.0002227576
76368,3.1498876e-05
76372,0.00030005572
76373,0.00011551394
76378,0.99974614
76384,0.9998666
76386,0.00011947809
76391,0.9991875
76393,0.99968255
76394,0.0006511413
76403,0.9999713
76413,0.00038521164
76417,0.0020076586
76420,0.00051965617
76424,4.1895277e-05
76429,2.4124156e-05
76430,7.2582996e-05
76433,0.9965958
76447,0.00045244806
76455,4.6011366e-05
76472,0.00015845132
76474,0.3869711
76476,2.3004512e-05
76483,8.106266e-05
76484,3.858464e-05
76488,0.99957997
76502,0.0008870426
76503,0.00019478434
76507,0.00018170044
76511,0.00053338136
76513,8.742427e-05
76517,3.089631e-05
76519,0.00090588315
76522,0.9997197
76527,0.097759925
76533,0.00012551608
76534,0.00030328697
76544,0.0004355805
76545,0.9994616
76548,0.12493146
76549,0.9999138
76553,0.0020301002
76555,6.912678e-05
76557,0.00040053914
76558,0.00019687899
76560,0.99993587
76572,0.00011019954
76573,0.9998541
76575,7.939406e-05
76580,7.652894e-05
76581,0.9994735
76591,0.9994074
76592,0.0007540959
76597,6.469626e-05
76598,0.9996024
76609,0.009211276
76612,0.99990594
76615,5.619263e-05
76616,0.08182041
76618,0.99917006
76620,0.0008145673
76625,4.006102e-05
76630,0.00073159364
76634,0.9999471
76635,0.9584777
76638,0.9997254
76639,0.00024526494
76640,0.12391595
76641,0.000117371645
76642,0.99948657
76660,0.0001983258
76663,0.00058792025
76670,0.9999548
76672,0.00027003235
76675,0.0005213472
76682,0.18118691
76684,0.9998259
76687,7.380928e-05
76688,0.0003023092
76689,0.00014996663
76691,0.9996921
76692,7.744056e-05
76699,0.00016013318
76706,0.9997881
76708,0.99986255
76709,7.575847e-05
76713,0.00027553408
76714,0.00031771016
76716,0.00023453352
76730,0.9998023
76732,0.99987817
76736,0.9980215
76737,4.1303992e-05
76738,0.9998203
76752,0.9996214
76754,0.00011330458
76758,0.9996674
76766,0.9980129
76768,8.306711e-05
76769,0.9997805
76771,0.0013837887
76775,0.9998853
76778,0.0005247574
76783,0.13086426
76790,0.99926394
76791,7.3327734e-05
76796,0.019653033
76800,0.99987316
76802,3.1363037e-05
76804,0.9999434
76812,0.9986796
76815,0.0002939496
76816,0.9993268
76818,0.00058851874
76824,0.0009170404
76825,0.9997416
76826,0.00014914977
76828,0.00018551968
76829,0.9715765
76832,0.00019567656
76836,0.0003029269
76838,0.0023404998
76847,0.99918467
76857,7.9754805e-05
76862,4.1640043e-05
76865,7.4558506e-05
76871,8.340929e-05
76872,0.06315529
76873,3.9655944e-05
76874,0.00012645166
76876,0.9997949
76882,0.99980706
76887,0.0007140042
76888,0.0002502235
76889,0.0003406337
76893,0.00017865332
76894,0.0004012635
76901,0.99993324
76913,0.095819555
76922,0.0010854268
76923,0.9998079
76927,3.512688e-05
76934,0.00028390368
76938,0.9995197
76942,0.9999186
76943,0.00018452645
76945,0.00068299414
76949,0.0005279027
76955,7.858643e-05
76956,2.2571237e-05
76972,0.99994695
76976,0.027263885
76978,0.00013381001
76984,2.8068702e-05
76986,0.0006181302
76992,0.84824234
76998,0.9995666
76999,0.0006887853
77009,0.9998684
77010,9.54343e-05
77012,0.0009236821
77018,0.0008097656
77022,0.002393477
77023,0.0003882915
77025,0.028401958
77030,0.9998815
77038,6.929521e-05
77041,0.99959904
77045,3.7639642e-05
77053,0.0010391759
77059,0.00014681814
77061,4.85984e-05
77065,0.00020492892
77066,0.0001300436
77069,0.99970335
77077,0.00015749302
77082,0.0004996384
77087,0.00017207551
77092,0.9990268
77095,0.0005101835
77101,0.9995246
77108,0.00014424555
77119,0.00010428888
77123,0.00012953187
77124,8.652291e-05
77129,0.0015261773
77130,0.00040666672
77131,0.00018649391
77135,3.945658e-05
77139,0.00021541535
77141,0.00014876116
77147,0.9814105
77149,0.9998772
77151,0.0003278177
77152,0.99942744
77165,0.00030360173
77166,0.9998627
77169,0.99994755
77171,0.99962056
77172,8.3245926e-05
77175,0.9998566
77177,8.1840306e-05
77179,0.99641377
77185,3.250381e-05
77187,0.00015535997
77190,0.00385326
77197,0.00020786644
77199,0.0011350975
77200,0.99963903
77205,0.00010400039
77206,9.332259e-05
77207,0.9986009
77209,0.9999118
77214,4.328518e-05
77217,0.00029383556
77219,0.9997414
77220,0.0006731241
77221,0.11301551
77222,8.031783e-05
77226,0.00020863347
77229,5.1321236e-05
77230,0.9999511
77234,5.754866e-05
77242,0.9995982
77244,4.0582112e-05
77249,2.9139575e-05
77254,0.999775
77256,0.14621982
77271,0.000101852296
77272,0.00030518186
77276,9.013544e-05
77281,7.9265e-05
77282,6.4904816e-05
77285,0.00063130906
77290,0.000107161475
77302,0.00015195244
77304,0.9995608
77306,0.9998933
77310,0.9998672
77315,3.048475e-05
77326,4.3869582e-05
77328,0.0007735239
77338,7.427649e-05
77339,9.7288554e-05
77367,1.9675836e-05
77375,9.0125126e-05
77376,0.018997716
77377,6.4036736e-05
77379,3.5179408e-05
77383,7.477204e-05
77388,0.99986756
77390,0.999892
77393,0.993933
77394,0.14090094
77399,0.99916303
77404,6.526984e-05
77406,0.00014101897
77407,7.801188e-05
77410,8.6360604e-05
77415,0.9993556
77423,0.0014270608
77426,2.0197669e-05
77431,0.0002922191
77433,0.00018281893
77445,0.9997979
77453,0.00016258922
77455,0.9999366
77459,2.0485348e-05
77469,0.00021945836
77475,7.723083e-05
77476,0.00096419576
77477,0.99913967
77479,0.99876994
77483,0.00010288379
77494,0.00011581173
77495,0.004925401
77497,0.9993468
77511,0.00043342277
77515,0.00029809002
77516,0.00033961682
77518,0.00028977712
77523,0.9997496
77529,7.202382e-05
77533,3.166679e-05
77534,0.0005003476
77541,0.00015345891
77549,4.3587224e-05
77553,0.00020537942
77559,0.0002350112
77563,0.00014630609
77564,0.99992454
77571,0.9485877
77581,0.9999236
77586,0.9997304
77587,0.001491447
77589,6.158221e-05
77595,0.9998841
77600,0.999913
77601,0.00026348364
77603,9.0956484e-05
77609,2.6980259e-05
77610,2.3664583e-05
77619,5.4525284e-05
77623,3.567649e-05
77625,0.00025787804
77626,0.0005143427
77632,0.9997191
77635,6.28672e-05
77657,0.00031295427
77668,7.266686e-05
77672,4.6747853e-05
77674,0.00010034608
77682,0.00027555114
77697,0.9995303
77699,2.2218239e-05
77700,2.347418e-05
77707,0.9999243
77711,0.99991107
77714,0.25144708
77716,8.5542706e-05
77717,9.943243e-05
77721,0.00044335937
77737,4.592168e-05
77739,0.0005830114
77741,0.000101990896
77742,0.12666121
77746,5.98865e-05
77747,4.324136e-05
77749,0.00032908178
77759,0.19371425
77764,0.9996544
77771,0.9998197
77776,0.00010563113
77780,0.99964356
77785,0.00012643587
77786,5.0265233e-05
77789,0.00010016826
77793,9.8238415e-05
77794,0.99970704
77801,7.304195e-05
77807,0.9996376
77817,0.1049815
77823,9.542638e-05
77827,0.999851
77834,0.00017019358
77835,1.7501941e-05
77836,0.00031832047
77838,0.00013633813
77849,0.00043343517
77854,0.9926762
77855,0.000538425
77862,0.0007611351
77865,0.0009600291
77870,0.9999225
77871,2.0099444e-05
77877,0.99889046
77888,5.896659e-05
77892,0.00010839021
77895,0.00091968116
77899,0.00058804353
77910,0.9209393
77924,9.818963e-05
77926,0.00021261105
77931,0.057899084
77933,0.022873092
77946,0.99934536
77948,4.576063e-05
77949,0.00017805962
77959,0.9997806
77962,2.1271635e-05
77965,0.9996599
77976,0.00014335607
77979,0.00010476862
77982,0.9998559
77987,8.907294e-05
77996,0.99988985
77998,0.9997855
78001,8.6372216e-05
78009,0.000113718175
78011,0.9997942
78015,0.99970514
78017,0.9997373
78027,2.7142405e-05
78031,0.99959546
78034,0.9997167
78036,0.99989235
78039,3.5493373e-05
78040,0.00026852713
78041,0.9997526
78044,7.386935e-05
78045,0.000119916505
78046,5.145531e-05
78049,3.3736713e-05
78055,0.00023364279
78057,7.957217e-05
78061,0.9996699
78073,0.00012231039
78079,0.99992764
78080,5.2093204e-05
78083,0.00067795976
78088,0.9998461
78092,0.00016580954
78094,0.9998006
78100,0.92615336
78103,0.00012207433
78105,0.00015073088
78116,0.0002253652
78117,4.164568e-05
78121,6.6920424e-05
78128,0.00014857475
78130,3.7538448e-05
78131,0.0021351257
78133,0.0001602355
78138,0.16474526
78140,0.99994457
78142,0.08232129
78145,0.00043961298
78147,0.9994844
78150,0.99974483
78151,2.5439145e-05
78152,4.6928617e-05
78154,0.00017430169
78161,0.9999597
78163,0.00064476073
78167,0.00013161734
78169,0.00019455457
78172,0.0001167037
78174,0.00020879606
78176,0.00019880233
78178,0.0008006297
78180,0.9995603
78182,2.1383275e-05
78184,0.0005514236
78196,0.0001293551
78197,0.00011480851
78199,8.549426e-05
78205,0.00016656778
78220,3.0521813e-05
78223,0.00015373381
78226,3.6239224e-05
78238,4.7134123e-05
78240,0.9998084
78244,0.00010808254
78245,0.9995302
78246,0.0006574628
78249,0.9996941
78252,0.0015162585
78256,0.00015391305
78258,0.006033365
78259,7.3948846e-05
78266,0.9652516
78270,0.9996915
78274,0.04117171
78279,9.5517695e-05
78289,0.00011541408
78291,0.00015434263
78302,0.99959093
78305,0.0005017708
78306,0.9986394
78307,0.9775794
78326,0.000111405716
78328,0.00093610265
78329,0.9998944
78331,0.9512004
78332,0.9996593
78333,0.00998761
78337,0.0009749421
78338,3.6619454e-05
78339,4.5343826e-05
78347,6.7652734e-05
78348,0.9940684
78355,2.7486893e-05
78359,0.0004081793
78365,0.106249146
78366,0.00013785771
78368,0.9997353
78379,6.530041e-05
78385,0.09571577
78388,0.00025805118
78399,0.000992624
78400,4.911242e-05
78401,0.002972629
78403,0.0005084058
78405,0.0005908149
78409,0.00033513023
78412,0.04603363
78419,0.97461843
78423,3.296189e-05
78425,0.99946934
78427,0.9993705
78429,4.672597e-05
78432,0.19139278
78435,6.0520022e-05
78437,3.9779232e-05
78439,0.00035113603
78444,0.9999387
78450,0.9998957
78457,4.9907816e-05
78459,0.00013448989
78462,0.99955255
78464,0.99988544
78465,0.00026190875
78469,0.971305
78477,3.7303987e-05
78480,7.927506e-05
78484,0.99992
78487,0.000100948324
78492,0.9999064
78494,0.00027621503
78500,0.28331527
78501,0.99983823
78504,0.00069605745
78505,3.410369e-05
78516,0.00043391183
78517,0.00016062116
78521,0.000108943226
78535,7.60045e-05
78545,3.6821893e-05
78547,3.549588e-05
78550,0.9999248
78551,9.596075e-05
78554,4.2105596e-05
78566,0.0003368547
78568,0.999405
78570,3.7872018e-05
78575,4.6709174e-05
78577,0.0007348463
78584,0.9996946
78585,6.2511375e-05
78590,0.0050630337
78591,0.00024066283
78602,2.6094134e-05
78604,0.9996959
78605,0.9998766
78607,2.1875725e-05
78613,3.6479792e-05
78617,8.458328e-05
78619,0.99932146
78626,0.00015393771
78629,0.00061656686
78636,0.0010702605
78637,2.3813931e-05
78638,0.06539471
78648,0.00022997722
78657,0.001376296
78660,0.001286336
78661,0.99778193
78669,0.00016675309
78671,9.933737e-05
78679,0.00032621148
78681,0.15879194
78682,0.9998585
78686,0.0010969517
78687,0.0005083382
78694,0.0009387813
78705,0.99986815
78706,9.929344e-06
78707,0.00035039484
78711,8.6108725e-05
78719,0.99967504
78723,4.1682866e-05
78729,7.0619804e-05
78735,0.9997383
78743,0.9996834
78745,0.99856025
78746,0.0007131949
78747,0.999858
78755,0.00060705503
78756,0.9997708
78762,0.99935716
78764,0.00035503373
78775,0.00038809868
78776,6.1591076e-05
78777,0.0002403214
78778,0.00047448848
78790,4.204352e-05
78792,0.00011310704
78794,2.5682515e-05
78795,4.6567962e-05
78798,4.0619165e-05
78801,0.001729118
78804,0.00010925263
78808,0.99983275
78809,0.9996487
78812,7.2018185e-05
78813,0.99920964
78814,0.00017676502
78816,3.5338857e-05
78831,0.0014562337
78832,6.201897e-05
78840,0.9993444
78841,0.0013864982
78855,0.99989045
78862,6.4460095e-05
78865,0.0002746222
78867,0.9994709
78871,0.00034409537
78885,0.0002662181
78890,9.5911535e-05
78891,0.9999219
78893,0.9970675
78898,6.875455e-05
78902,5.105481e-05
78909,0.00037088446
78915,0.00052664545
78916,0.9276491
78922,0.0001481225
78923,7.262744e-05
78929,0.99959606
78936,4.3214815e-05
78937,0.011305042
78940,0.00225029
78942,0.00020175744
78945,0.99989665
78946,0.00010570147
78948,8.503593e-05
78952,0.00027466172
78954,7.043049e-05
78957,8.886814e-05
78962,0.9664982
78964,0.00031651717
78970,0.99969447
78971,9.377111e-05
78974,0.0036968726
78975,0.9999461
78979,8.609978e-05
78982,0.1392021
78988,0.99985576
78995,0.00022621901
78998,7.2357197e-06
79007,3.8083926e-05
79010,0.99997485
79012,0.99942255
79015,0.9999677
79016,0.0003995632
79018,0.999845
79019,0.00028805583
79025,0.00080925913
79027,0.9998117
79031,0.00011361629
79047,0.0011266919
79048,0.0005126272
79051,0.9997708
79057,0.00025971653
79058,0.9998349
79065,0.0119110765
79069,9.653069e-05
79071,5.1273346e-05
79076,0.9999126
79083,7.064985e-05
79086,0.9998958
79091,0.9999733
79092,0.99948335
79093,8.969977e-05
79104,0.0001526111
79107,0.00022752944
79113,3.154905e-05
79116,0.00010939472
79120,5.462583e-05
79125,0.999131
79135,0.000644421
79136,0.00059542945
79138,0.00030986074
79147,4.514445e-05
79154,7.620982e-05
79164,0.99967897
79169,5.8399815e-05
79175,0.00030138975
79179,0.9998908
79180,0.000702246
79182,6.276404e-05
79183,0.999666
79184,0.00013396078
79186,5.0616567e-05
79187,0.99962854
79190,0.00018602647
79194,0.00033126283
79195,0.9987747
79196,5.4359043e-05
79202,0.000115269235
79203,0.0010095008
79204,0.99923515
79206,5.0168786e-05
79212,6.046683e-05
79221,3.3580873e-05
79222,0.00049860217
79236,3.0691717e-05
79239,0.00015192477
79240,0.9983724
79244,0.00013002464
79245,2.1844682e-05
79247,4.8014146e-05
79249,4.2863154e-05
79252,0.9997954
79254,0.9646855
79263,8.009686e-05
79265,5.7406207e-05
79266,0.9997652
79270,0.00012794998
79271,6.485056e-05
79274,0.0007073581
79276,3.1772208e-05
79280,0.0006968669
79283,5.7304307e-05
79292,0.00022886427
79294,0.99892247
79299,0.0003927132
79300,0.00016109803
79301,4.7363104e-05
79302,0.00041482633
79306,6.079548e-05
79307,7.23793e-05
79309,0.97024393
79311,4.4935918e-05
79314,0.99970776
79316,0.0022904214
79317,2.7964608e-05
79318,0.9998815
79320,0.00030896545
79321,0.0001378079
79324,0.00015063476
79325,0.9994691
79330,0.000102993545
79334,0.00048863946
79335,0.0001475395
79338,0.00026346027
79339,0.99586344
79342,0.00026748027
79345,0.9997875
79349,0.99964154
79350,0.0002544357
79364,0.9999534
79375,0.00047848606
79378,0.14547224
79379,2.3917282e-05
79390,2.2110988e-05
79401,0.0003185445
79403,0.0003376651
79405,3.266748e-05
79409,0.00023886694
79417,0.99920976
79419,0.9998828
79430,0.00021955212
79431,0.00017867342
79436,4.195393e-05
79441,0.00021490002
79442,0.0040207324
79443,0.83281356
79449,3.146336e-05
79450,0.00052048726
79451,0.99995327
79458,0.00037182347
79465,9.6722804e-05
79467,5.5952914e-05
79477,0.00026212557
79478,0.99917716
79481,0.0001205781
79486,0.9995096
79489,0.00059697224
79495,5.5299024e-05
79508,0.00027751614
79514,5.2202115e-05
79515,0.0005212566
79521,0.00062782137
79522,0.999321
79523,0.14329448
79527,0.00031435315
79535,0.000109563734
79536,0.9997043
79538,0.0001979355
79540,7.33262e-05
79543,3.9163653e-05
79550,0.00016415588
79551,0.9999076
79553,0.00011146649
79556,0.00013799778
79557,2.5168447e-05
79564,0.00048225658
79569,0.00019501311
79574,0.99986815
79575,7.300985e-05
79576,0.999577
79583,0.9996618
79584,0.000118637196
79587,0.99982965
79589,0.00047377954
79594,0.95826966
79595,3.6026828e-05
79596,0.9996476
79599,0.99975544
79601,8.67501e-05
79604,0.00037862075
79607,7.8588906e-05
79609,0.99986553
79611,0.9994956
79616,0.9998388
79619,0.998946
79620,5.854714e-05
79622,6.93196e-05
79624,0.9994455
79626,7.2740346e-05
79637,8.5431675e-05
79639,6.0918333e-05
79640,0.0003779354
79642,0.99981076
79655,2.520159e-05
79663,1.8349261e-05
79667,0.0001549286
79671,0.00023169261
79680,0.99993706
79687,0.0011944444
79692,3.0072366e-05
79695,0.99984324
79697,2.7673608e-05
79702,0.0014095998
79705,0.9413575
79707,4.9386414e-05
79711,0.99964166
79712,0.0005222213
79713,0.9947417
79715,0.0005861156
79716,0.00011942
79717,0.9997211
79722,0.00025916492
79725,0.0016681292
79731,4.9199283e-05
79733,0.9201756
79735,0.00029609428
79751,5.9649854e-05
79755,0.00015748176
79756,0.0001848487
79757,0.00047515065
79764,0.9993649
79769,0.0015803748
79770,0.0001107262
79773,0.9998035
79779,4.9352566e-05
79780,0.0007863078
79793,0.999405
79794,0.0005340898
79795,6.531978e-05
79799,0.1008612
79800,0.00012844519
79805,0.0004415491
79808,0.00012907824
79810,0.99977714
79815,8.144947e-05
79819,9.84054e-05
79823,0.00025975666
79825,3.924658e-05
79828,0.000116801566
79835,0.99862635
79840,2.8449245e-05
79843,0.001961511
79847,0.00017286256
79850,0.0005093111
79855,9.329305e-05
79863,0.0002857328
79867,0.99993527
79871,5.1879688e-05
79876,0.00023820443
79880,0.00011503392
79884,5.828587e-05
79889,0.0001611899
79897,6.189518e-05
79898,0.0001249243
79901,0.00015281787
79907,9.580432e-05
79909,0.9999217
79918,0.0029050233
79919,0.00017817036
79925,0.9995303
79931,7.109909e-05
79934,0.99980336
79936,0.00021603281
79947,0.00020186925
79952,0.9997621
79954,3.0931686e-05
79959,0.00017786465
79965,0.99961853
79970,0.99976283
79974,0.8326095
79978,0.9630056
79979,8.802548e-05
79980,0.94175595
79987,6.2588086e-05
79996,0.9997725
80000,0.99966073
80002,5.0458253e-05
80007,0.00012999315
80013,0.9991272
80014,7.065261e-05
80028,4.8871625e-05
80031,0.00028597808
80036,7.2105046e-05
80041,4.6412835e-05
80044,9.634741e-05
80048,0.0011007672
80067,0.99991536
80075,0.0017372072
80076,6.9045615e-05
80078,0.00015362099
80079,5.362192e-05
80081,0.99955004
80083,0.0008934724
80086,0.00010510173
80088,6.051933e-05
80091,0.0003348278
80095,1.6637327e-05
80097,0.111210614
80106,0.99986553
80113,0.00080495834
80117,0.00064491556
80119,0.026033245
80120,6.8856636e-05
80125,0.0427945
80126,4.653746e-05
80127,0.9759054
80134,0.9997073
80137,6.5162065e-05
80139,0.0006712986
80143,8.999416e-05
80146,0.00079450896
80151,7.258382e-06
80154,0.99989414
80160,6.2709536e-05
80162,0.00011952299
80164,0.00044324255
80165,0.00018235896
80170,0.00022449448
80171,0.9996246
80172,2.6684535e-05
80173,0.9997539
80175,0.0006186727
80176,0.9997329
80177,6.9153415e-05
80179,0.00023600414
80180,0.000121021
80186,0.00024418646
80188,6.750914e-05
80191,1.079707e-05
80193,5.6351633e-05
80199,0.00012446036
80200,0.00031427192
80204,0.9998658
80207,0.0012876604
80209,0.00027499607
80213,0.00020661151
80214,0.00057042664
80215,0.0001949196
80217,6.3855194e-05
80218,9.535416e-05
80219,7.393502e-05
80224,8.6428816e-05
80225,0.99978584
80227,0.99993587
80229,2.24064e-05
80230,0.99985826
80232,0.00015485489
80233,0.0005121859
80245,0.0004836413
80254,5.3414868e-05
80260,4.6950554e-05
80265,0.9998586
80268,0.99986815
80271,3.0733776e-05
80276,0.00029736024
80283,3.2344997e-05
80286,2.7551818e-05
80287,0.9997402
80290,6.523525e-05
80292,2.824967e-05
80297,0.00048479662
80298,0.99995935
80302,0.0002348757
80305,8.9779365e-05
80309,0.0002379756
80318,0.9989737
80324,0.000507796
80326,0.9999523
80332,0.9998299
80333,4.265072e-05
80336,5.8101356e-05
80337,0.00045230187
80346,7.947966e-05
80350,0.9994892
80362,0.000109894376
80369,0.00019998335
80370,8.494321e-05
80376,5.700704e-05
80378,0.00036721004
80379,0.9998822
80381,0.00023053707
80382,4.2359363e-05
80384,0.002618565
80386,0.99969757
80388,3.9879353e-05
80390,0.00019303733
80398,0.00021108099
80402,4.451682e-05
80403,0.9999298
80407,0.0004858838
80414,5.8235262e-05
80423,0.99996626
80425,0.9983126
80426,0.999969
80430,0.0003552181
80433,0.0005902186
80439,0.0010563034
80440,3.0780706e-05
80443,0.00019618546
80446,8.288868e-05
80454,0.0028578057
80455,0.9289498
80465,0.00017628212
80467,0.00013900214
80468,0.0008981512
80480,6.286036e-05
80482,0.0011881177
80487,0.014753143
80493,1.8353638e-05
80499,0.00026966215
80505,0.9999428
80507,0.00084652734
80508,0.00037460576
80511,0.00024410896
80513,0.9998932
80518,0.00018602912
80523,5.6266414e-05
80525,3.2701926e-05
80531,0.00010593708
80535,0.093468845
80540,0.006277903
80545,5.5226086e-05
80559,6.209501e-05
80565,0.00016731705
80566,6.86098e-05
80567,0.0001258717
80572,0.91506463
80574,0.00031205482
80578,4.0020313e-05
80579,0.00021886721
80580,0.00021729172
80581,3.0539253e-05
80584,0.0005604038
80587,3.5560897e-05
80588,0.00062150805
80589,0.0010595825
80594,4.6951714e-05
80596,0.9998543
80597,7.374687e-05
80599,0.0002801789
80601,0.9981463
80609,4.5796165e-05
80614,0.94039214
80625,0.0003152451
80631,0.9999666
80633,0.00018639684
80634,4.9338352e-05
80640,0.99975866
80641,7.916438e-05
80648,0.00013138613
80652,5.244376e-05
80654,0.99986947
80663,0.00020564394
80665,5.771337e-05
80667,6.460699e-05
80669,9.821369e-05
80670,0.000107316504
80671,0.999824
80672,0.0011913799
80674,0.99986494
80677,0.99990284
80683,4.2892392e-05
80692,0.00024517352
80694,0.9999683
80695,0.999902
80703,0.11962595
80704,0.0005408208
80710,0.99944264
80713,4.0230465e-05
80716,9.645524e-05
80724,0.004704667
80725,0.0001218558
80727,0.9999056
80731,0.00011400763
80735,0.99972326
80742,0.00026137865
80743,0.000108434244
80746,0.00020581442
80748,0.00045184098
80750,0.0009581503
80755,0.0004342822
80760,2.5731102e-05
80764,0.9998996
80766,0.0004935848
80772,2.5518404e-05
80773,6.571871e-05
80784,2.990723e-05
80788,0.99987304
80793,0.00543036
80794,0.00013226477
80796,0.000982378
80798,7.007923e-05
80805,0.001302078
80812,6.134571e-05
80821,4.482477e-05
80825,0.00024198885
80826,0.00037609646
80827,0.00020692004
80829,3.3136588e-05
80834,0.00018740872
80840,0.9952982
80841,0.0003570188
80842,0.0001126975
80844,0.00011485799
80847,0.000130554
80848,0.00018156346
80850,0.0005515984
80852,0.9998368
80854,3.948459e-05
80858,7.917548e-05
80860,0.00019307836
80861,6.315622e-05
80862,0.00015966328
80863,5.5676035e-05
80865,2.6153279e-05
80875,0.0003504207
80878,0.99992037
80879,0.0033770038
80885,0.00069908565
80889,0.00028419885
80892,0.0729778
80901,0.0006636012
80917,0.0005650613
80918,0.00068788364
80922,0.00011021078
80925,3.209562e-05
80926,0.00040913044
80930,3.4366014e-05
80931,5.5275083e-05
80936,0.0007329939
80940,2.326538e-05
80942,0.00011751286
80944,0.9998357
80948,6.425756e-05
80953,0.99961346
80969,0.9998171
80970,0.000104982144
80971,0.0002140436
80972,0.0016084809
80975,0.999731
80976,0.9997285
80984,0.9667677
80989,7.090443e-05
80999,0.00018396234
81002,0.13776277
81006,0.00027295473
81014,5.8168156e-05
81016,0.0001587335
81020,6.0822033e-05
81022,0.00056347606
81023,0.00023090882
81027,2.9087656e-05
81032,0.9998932
81033,0.00050932204
81036,0.0005196242
81039,0.00014796157
81041,0.99990034
81044,0.9996056
81046,0.23396178
81052,9.153073e-05
81059,2.2325541e-05
81060,0.99959034
81061,0.00012338658
81063,0.00074967963
81070,0.0010475777
81071,3.0741365e-05
81077,0.005464626
81083,0.9965913
81085,0.9998385
81091,0.00035150128
81095,0.00032854103
81096,5.3083684e-05
81100,0.00018376092
81101,0.053992044
81102,0.002423693
81103,0.00013246419
81107,0.00016799184
81108,6.9481015e-05
81115,4.418894e-05
81125,0.00035263808
81126,3.5068104e-05
81132,0.9998661
81134,0.9996289
81140,0.00022385946
81141,0.99863786
81144,6.058302e-05
81149,0.00063861755
81155,0.0066869166
81162,8.4813306e-05
81168,0.9999416
81169,0.06952246
81173,7.259171e-05
81174,0.99990547
81175,0.99984765
81186,4.7469817e-05
81187,0.00084332144
81189,7.4095035e-05
81198,6.889703e-05
81204,7.95438e-05
81212,0.00041078826
81213,0.0007374345
81217,4.832536e-05
81221,0.00010101852
81225,0.99975365
81227,0.00010724816
81229,0.0011476213
81230,0.00025814422
81232,0.999166
81233,0.9998585
81236,0.00034147257
81244,0.000467572
81248,0.9493438
81254,0.00015611717
81257,0.000117674324
81261,0.00010286359
81262,0.00061380706
81266,0.9997733
81267,3.415603e-05
81268,4.0843446e-05
81269,0.0001754554
81275,4.8537444e-05
81281,0.007694253
81286,0.00018381121
81289,0.00022386543
81292,5.004369e-05
81296,0.00024858938
81305,7.092046e-05
81309,0.99985576
81314,5.987314e-05
81317,0.002013033
81319,4.061936e-05
81320,9.270588e-05
81324,0.9992655
81325,0.00029568607
81326,8.381841e-05
81330,0.00036652767
81336,0.00018355007
81347,0.0001243217
81348,2.0136222e-05
81350,0.00016624077
81352,9.798609e-05
81353,0.00048254718
81357,0.00017595617
81358,2.5145728e-05
81361,4.006163e-05
81365,0.00017244967
81383,2.7206517e-05
81385,7.188645e-05
81393,4.270017e-05
81394,0.00019642466
81402,0.00040368875
81408,8.5229956e-05
81409,0.0022969905
81410,0.0019347453
81411,0.0002614998
81416,8.034732e-05
81423,4.4422843e-05
81430,0.0003918703
81432,0.99968934
81433,3.0305126e-05
81435,0.99468106
81441,5.6623827e-05
81445,7.24581e-05
81451,0.00037827768
81452,0.0001953779
81461,0.99979657
81465,0.99943024
81467,0.8899143
81473,9.426483e-05
81474,0.000120292614
81479,0.10545861
81481,0.9999658
81496,0.99986863
81501,0.999754
81508,0.0013657178
81523,0.9998068
81526,0.17572042
81547,0.1840892
81554,0.00028816378
81555,0.12627083
81564,0.00015800279
81567,0.999243
81571,0.0004070757
81575,0.00011810691
81576,0.00017616534
81579,0.9998777
81581,6.5447784e-05
81588,2.7161253e-05
81591,4.2936797e-05
81602,0.00011841398
81612,0.99928373
81617,4.0296276e-05
81622,0.9995289
81624,0.0011565462
81625,4.9061207e-05
81626,0.0003788076
81628,5.8658574e-05
81637,3.5981608e-05
81638,0.00052614347
81640,9.125194e-05
81649,0.00055632903
81650,0.95432365
81656,0.00032501973
81658,0.0007890911
81666,0.999777
81667,6.782805e-05
81671,0.99940646
81672,0.0003759735
81676,0.0005617341
81684,0.00067545
81690,3.317485e-05
81692,0.00094601285
81693,0.00041330428
81694,7.340855e-05
81698,0.00011110061
81699,0.0005910148
81701,2.6336913e-05
81713,0.9986185
81714,0.0031919186
81721,0.00010711121
81725,6.826847e-05
81726,3.554076e-05
81727,0.03824306
81729,0.06620589
81731,0.0006514451
81732,0.001803357
81746,0.00021246597
81755,8.7874934e-05
81760,5.5953875e-05
81762,4.4587985e-05
81765,0.00013902427
81769,0.00016393891
81770,0.0007987958
81788,9.9173914e-05
81789,0.9989021
81792,0.9997296
81797,6.548899e-05
81799,0.0057875128
81807,5.4014996e-05
81809,0.00053278176
81812,0.00043808357
81817,4.9482347e-05
81819,0.0002115444
81820,0.99055743
81822,0.00036068956
81823,0.9995203
81831,0.006430506
81835,5.6634355e-05
81838,2.1357127e-05
81840,0.00013787612
81846,6.964267e-05
81852,0.000104814484
81853,0.99975055
81856,0.00015417421
81861,0.09606548
81864,0.0013409754
81866,0.9915814
81871,0.00044512545
81875,0.00017797458
81877,6.83806e-05
81881,0.0011291063
81883,6.819384e-05
81884,0.0001541995
81889,5.486834e-05
81890,0.00015084806
81893,0.9998086
81895,0.0036701353
81897,0.0012570077
81898,9.220186e-05
81900,0.0006061121
81902,0.00039031764
81903,5.189369e-05
81904,0.00071096735
81908,5.5324024e-05
81910,0.999811
81918,0.99942017
81919,0.00021484513
81929,0.9997249
81934,0.073555805
81936,0.01575081
81946,0.0002753248
81947,0.99992204
81949,0.0019203165
81950,0.0005443147
81952,0.00053475884
81957,6.3145504e-05
81962,0.14149678
81967,0.0015880096
81969,0.999589
81971,0.00027712932
81976,4.713336e-05
81977,0.00013070049
81981,0.0001974778
81984,0.00017092233
81989,0.9994715
81994,2.8447483e-05
81997,7.3743926e-05
81998,0.99774677
81999,0.000113108224
82001,0.00028813083
82002,0.98294663
82004,0.00012380224
82005,3.119825e-05
82010,4.429154e-05
82018,5.7983678e-05
82019,0.9995946
82021,0.9998796
82026,3.157482e-05
82027,0.00016364311
82031,0.00060780393
82033,0.0006568616
82040,0.99954504
82041,0.08645172
82045,0.000503601
82050,0.9995235
82065,0.0002978508
82067,4.0854273e-05
82070,0.00016053159
82078,0.9998956
82079,0.99986744
82082,0.00069327233
82088,0.00019755443
82096,7.160976e-05
82105,0.99951124
82107,0.0002344689
82109,0.99983406
82115,0.99984515
82120,0.9995989
82126,0.9999076
82133,8.5137515e-05
82134,0.9999075
82140,8.293572e-05
82147,0.99985695
82148,0.001077998
82151,0.00011271061
82154,0.00018247723
82156,0.008067969
82160,0.00033553594
82162,0.9999236
82167,0.00066012685
82168,0.00018033278
82171,8.1756065e-05
82173,0.99994016
82175,0.00012939914
82183,0.00025682984
82189,0.0004003969
82191,4.7334794e-05
82192,2.15036e-05
82193,0.0005610385
82198,0.99969053
82202,0.0033548113
82207,0.99985135
82212,0.0019393989
82216,0.18863901
82217,0.00060461945
82227,3.888592e-05
82229,0.99988806
82230,0.00040285912
82231,6.3399704e-05
82239,4.434856e-05
82241,0.0011279527
82243,0.00010401328
82245,2.1717355e-05
82252,0.0923192
82254,0.9997781
82257,3.4446995e-05
82258,1.191344e-05
82262,0.9999498
82268,0.00041335804
82271,0.0014368445
82275,0.00015416127
82276,0.9997962
82302,0.9647876
82308,0.15615317
82309,9.200775e-05
82310,4.022931e-05
82311,8.613887e-05
82322,0.9997147
82324,0.9989448
82329,0.99984026
82330,0.000101337486
82331,2.1200167e-05
82336,0.99971277
82339,9.247491e-05
82344,0.10886624
82347,0.0031417098
82348,0.9996026
82351,0.00016466192
82353,0.00029782954
82356,0.00012850962
82357,0.00042246014
82371,0.99784327
82372,0.0002448754
82374,4.057635e-05
82376,0.9999244
82377,7.300233e-05
82378,0.0005972497
82380,9.518936e-05
82383,0.0001733432
82384,0.0013116666
82385,0.0020586213
82392,0.0016986075
82398,0.99970776
82400,8.080366e-05
82405,7.721146e-05
82419,6.0281618e-05
82420,5.156102e-05
82425,4.6960715e-05
82430,0.9991934
82432,0.9998797
82434,0.99951994
82436,0.00023477402
82439,0.99689263
82441,0.0022801817
82442,0.0010713153
82443,0.13413467
82449,0.9997974
82455,2.0182959e-05
82456,8.7616216e-05
82457,4.051255e-05
82461,0.00016560113
82462,0.0040683774
82466,0.99980015
82467,6.6586865e-05
82468,9.646158e-05
82478,7.193568e-05
82484,6.273634e-05
82493,7.1864655e-05
82495,0.00028135057
82496,0.0903982
82502,0.00034223637
82505,0.00032698552
82510,0.9995962
82513,6.707958e-05
82517,0.0005390032
82522,0.0004841247
82527,6.3749634e-05
82532,0.00014031211
82537,0.00016425074
82539,0.00010219592
82540,9.587038e-05
82543,0.0013347123
82546,0.00089658005
82549,0.00035588213
82550,0.14265293
82553,0.008691855
82555,1.8612938e-05
82557,0.0025653387
82562,7.722015e-05
82567,0.00020608147
82581,8.662363e-05
82587,0.0002551993
82591,9.027006e-05
82594,7.081017e-05
82597,0.00013732832
82599,0.0004759979
82600,0.00013178399
82604,6.4178814e-05
82609,9.7367345e-05
82610,6.2553474e-05
82613,0.00024178244
82616,0.99977976
82622,0.00011674288
82624,0.0009581987
82627,0.00016186312
82634,0.000100636236
82636,7.0713606e-05
82641,0.9995983
82643,3.384163e-05
82652,0.0001414034
82655,0.007519173
82663,0.0004457998
82665,0.0001455798
82667,0.99994814
82675,5.106143e-05
82704,0.002026148
82706,0.99983156
82708,0.00015267078
82709,0.0008377095
82710,7.993449e-05
82717,0.00051979534
82718,3.9667026e-05
82726,0.99910754
82733,4.716987e-05
82734,0.00015722294
82745,0.00037504724
82747,7.937559e-05
82750,3.2559343e-05
82753,0.9994917
82757,0.9880256
82767,0.99829596
82770,0.9997191
82772,8.0007856e-05
82775,0.0007826852
82781,0.00011198555
82786,0.00060748623
82791,3.911987e-05
82794,0.00011423158
82795,0.12234649
82796,0.00018029305
82799,0.0005239457
82800,0.17557158
82801,0.00027743808
82802,0.9998275
82804,0.99968135
82805,0.99988043
82810,0.9998282
82814,0.13685445
82816,0.89487404
82823,5.4548324e-05
82824,0.99985087
82828,0.99956554
82829,0.00077509554
82832,0.00046754858
82835,0.00178338
82836,0.00015765455
82838,2.5236319e-05
82841,0.9997526
82843,4.0357692e-05
82846,0.9998913
82848,0.00028533128
82852,0.00037082343
82855,0.0007122892
82861,4.842861e-05
82866,0.9999156
82867,0.00013039737
82871,0.00090478855
82875,0.00017680817
82876,0.99989223
82878,4.5473822e-05
82888,0.00011261264
82891,0.9998084
82892,0.0005123746
82895,0.9988933
82900,0.9995555
82905,4.0694966e-05
82907,0.99981815
82909,0.00021803635
82910,0.9998022
82913,0.9628757
82917,0.99969876
82921,7.153141e-05
82924,0.00038647602
82927,9.2487695e-05
82934,3.3102668e-05
82945,0.000436335
82948,0.00022915709
82949,0.9994655
82956,0.0012958365
82967,0.10544689
82972,0.000648792
82977,0.00085765216
82978,2.3850022e-05
82980,0.9996118
82981,2.502592e-05
82983,9.843225e-05
82988,0.0004771402
82989,5.5186443e-05
82990,0.00020794316
82993,0.9979942
82995,6.755616e-05
82996,6.498744e-05
82998,0.9995034
83009,0.0009795388
83010,0.0004549335
83013,0.99932575
83015,0.9998666
83016,0.00013688381
83020,0.00036816997
83021,0.000113496746
83029,0.99929345
83043,0.00016155643
83048,0.9998388
83050,0.99930453
83052,0.00028833473
83055,0.9995295
83056,8.037261e-05
83057,0.15071815
83060,7.087387e-05
83061,0.10616927
83066,4.040687e-05
83077,0.00013067345
83081,4.8594735e-05
83083,0.07431922
83094,0.00029769013
83097,0.99898463
83098,0.00020911265
83103,0.00012029972
83104,0.0002023352
83114,9.960932e-05
83117,0.00023606872
83122,0.0011552161
83127,0.0010661194
83135,0.0002550018
83138,0.10012989
83142,0.00021510276
83144,0.00016213761
83149,2.8945151e-05
83165,0.9978161
83167,0.001672591
83171,0.9995975
83174,0.9995136
83178,0.00015485047
83184,0.000114606904
83191,0.0011505713
83198,0.99984026
83203,0.15317746
83204,0.99977344
83205,0.99974996
83213,0.00015954944
83218,8.3470244e-05
83223,0.9998294
83230,9.5266994e-05
83239,0.0004121389
83240,0.00083484914
83243,0.00010171321
83244,0.9999198
83249,3.5250403e-05
83252,5.4626824e-05
83265,0.9999068
83266,0.00030046853
83270,2.6752898e-05
83272,0.0016017236
83276,5.3109357e-05
83279,0.11906406
83286,0.0023933402
83289,0.00012560718
83291,0.0016833239
83294,0.99956495
83301,0.9998387
83303,0.00028270736
83304,0.00012196309
83306,1.4197835e-05
83309,0.00018793912
83311,0.99939835
83317,0.0001324522
83333,4.6027824e-05
83337,0.00050582597
83352,0.04529713
83356,0.00026412902
83358,0.9995442
83366,0.99928695
83370,4.030819e-05
83373,2.0580159e-05
83375,0.0003791197
83376,9.890532e-05
83379,0.99968386
83385,4.3512886e-05
83399,0.00012053615
83400,0.0006300792
83403,0.00017230028
83411,0.00037400646
83423,0.0017869992
83425,0.0054416438
83430,0.00019907548
83432,0.019937744
83445,0.000566792
83452,4.9062237e-05
83453,0.00087079086
83462,0.00020339033
83465,0.999793
83467,5.0937997e-05
83469,7.6062286e-05
83471,0.999607
83474,0.999899
83475,9.183534e-05
83479,3.410912e-05
83484,0.11638324
83499,0.00016910653
83500,6.0062997e-05
83507,0.00022030683
83518,0.000518322
83523,0.0036794546
83525,0.149635
83531,5.4849665e-05
83536,0.00015392127
83538,0.00014362848
83551,0.94597274
83562,0.00059870386
83563,0.00013125289
83564,8.8410176e-05
83565,0.9998667
83570,0.0001481995
83579,0.0016878702
83580,0.9999471
83581,0.0001248381
83586,0.9999492
83589,0.00059300323
83592,0.00028256967
83596,0.0004540947
83597,0.9998826
83602,0.99985087
83608,0.99461406
83609,0.00047285215
83610,6.288704e-05
83612,0.0044743423
83615,0.21751502
83617,8.583278e-05
83620,7.319444e-05
83624,0.000776367
83629,0.9998622
83631,5.308287e-05
83633,0.0001907115
83634,0.00014123536
83636,0.00052470336
83648,0.00015651455
83650,7.395428e-05
83651,0.04088921
83655,5.3004722e-05
83657,0.99857986
83666,4.0354153e-05
83667,3.0083094e-05
83669,0.9991615
83673,5.944004e-05
83675,0.0001070079
83694,0.00024206753
83701,0.00018687572
83704,0.0001279118
83708,5.0060495e-05
83715,7.921234e-05
83719,5.4955894e-05
83723,0.00046448747
83724,0.06669613
83728,0.0004819588
83735,0.00027127046
83737,0.9997726
83740,0.9999114
83746,0.0026282119
83751,0.00047012232
83761,0.00024098129
83762,0.9999355
83768,0.00016907381
83771,0.00026356705
83777,0.000109196175
83783,0.0016695076
83794,9.3804374e-05
83796,0.99986005
83799,0.9997291
83805,4.768465e-05
83808,8.366141e-05
83814,2.3321401e-05
83820,4.528687e-05
83827,0.00011902653
83828,8.07552e-05
83831,0.00013250588
83833,0.9998252
83834,0.00038983123
83837,0.0001200704
83838,0.0006776203
83839,0.005039713
83840,0.00013167999
83848,0.006987111
83849,0.99977094
83850,0.00012483227
83855,3.087678e-05
83857,0.9341822
83858,0.99983823
83871,2.849084e-05
83883,0.00010836551
83885,0.0049044606
83890,0.0005281123
83899,9.7017844e-05
83906,0.0013672574
83908,0.00067596877
83909,2.65077e-05
83910,1.9972133e-05
83911,0.0005245099
83915,4.2070755e-05
83918,3.2712123e-05
83927,0.0018679287
83929,0.00012615154
83936,0.9997639
83946,0.99971443
83954,0.0001972514
83955,0.99995303
83958,0.002505307
83961,4.4416913e-05
83963,0.00020425183
83965,5.4352873e-05
83967,0.99977845
83972,0.0003764073
83973,4.6801688e-05
83975,7.029676e-05
83982,0.00021633356
83983,0.000620755
83984,0.0001934816
83992,4.1561925e-05
83995,6.103149e-05
83998,3.8940467e-05
84002,0.9998945
84012,0.00010070469
84014,0.0003218993
84017,3.3238433e-05
84023,0.9980653
84026,0.99613744
84027,0.000227534
84028,0.9995357
84029,0.0001320911
84037,0.00031288835
84041,0.0903726
84046,3.6338577e-05
84049,0.9997662
84052,0.00040654425
84058,0.9999547
84060,0.9906595
84068,0.00017430983
84071,0.99978405
84079,0.0017524534
84081,0.0005695104
84083,6.313545e-05
84084,0.0003471136
84090,0.00066667754
84095,0.00032382895
84100,0.0008035322
84105,3.3180666e-05
84108,0.9997317
84114,0.00077751494
84115,4.997092e-05
84118,0.000332525
84120,8.217305e-05
84130,2.6841548e-05
84131,8.7620734e-05
84135,0.9996619
84146,0.9995135
84148,4.9670703e-05
84153,2.3793114e-05
84154,0.0006521113
84155,0.0003048155
84162,0.00037595793
84165,0.006866073
84168,0.000118629265
84169,0.09531424
84172,6.0011353e-05
84178,0.0002826656
84182,0.99925953
84184,0.0001267026
84186,0.9998659
84191,0.00010714421
84200,9.903877e-05
84201,2.3373435e-05
84202,0.0033898316
84212,0.000109700784
84215,0.0001549973
84216,4.624914e-05
84223,0.00014554206
84225,0.99980134
84232,0.9996978
84233,0.99996805
84234,0.00024877719
84249,0.00041568867
84251,0.006219403
84253,9.489698e-05
84265,2.5231171e-05
84268,3.690268e-05
84275,0.0002462648
84280,0.0003487093
84290,0.99959046
84291,0.0027180847
84293,4.9110637e-05
84303,0.00041654907
84308,0.00017091172
84309,0.0010377449
84315,0.00036701318
84316,0.99976116
84330,0.011245388
84331,4.0395003e-05
84334,3.490828e-05
84343,0.00031756965
84347,0.00045590333
84349,0.0006690498
84350,0.00012040381
84354,0.0005500467
84355,7.033686e-05
84360,0.00079426594
84370,0.0001691454
84374,0.99940825
84378,0.15789141
84380,0.9998989
84384,0.9785321
84386,0.0020071273
84392,2.9036746e-05
84397,0.0015443446
84402,0.99998283
84416,0.0020174005
84423,5.417967e-05
84424,5.1524745e-05
84425,0.00043142764
84429,0.003042885
84430,0.9996817
84432,0.9998828
84434,4.6283203e-05
84435,7.288755e-05
84438,0.0070802853
84442,0.0013120077
84452,0.09160103
84453,0.0001045676
84463,0.00044518168
84467,0.00046815223
84468,0.00033486646
84470,6.105041e-05
84477,6.849814e-05
84478,0.99967945
84484,0.00018184412
84486,0.99971515
84487,0.0016935332
84495,0.0007534555
84496,0.121440776
84499,0.9991301
84509,3.6442376e-05
84510,0.0006084635
84521,0.06343003
84525,0.0002613759
84528,0.00026172254
84535,7.986706e-05
84537,0.050585426
84542,2.874577e-05
84544,0.0005377413
84552,0.99991333
84554,2.5978008e-05
84555,0.9959369
84556,4.3893186e-05
84559,7.826403e-05
84562,0.00034930237
84570,0.9995264
84571,0.00014327039
84572,2.8512148e-05
84581,0.00025907476
84582,0.9996784
84583,6.4192456e-05
84605,0.99949765
84608,0.00046778977
84620,3.787267e-05
84621,0.00015542428
84624,0.00015969905
84628,0.0004319009
84629,0.9991665
84632,0.00011378976
84635,0.0002752634
84638,3.3933473e-05
84639,1.6662127e-05
84644,5.82387e-05
84647,0.00030044158
84650,0.0004325793
84652,4.020262e-05
84654,9.779847e-05
84665,0.9992587
84667,0.9373676
84668,0.99942684
84670,2.8740124e-05
84672,2.2381735e-05
84674,7.362054e-05
84681,0.00056879624
84682,7.3773954e-05
84685,0.00021437612
84688,0.9996351
84693,0.00022135685
84710,0.000113707116
84711,0.9990453
84713,3.6915102e-05
84714,0.00012553416
84717,3.731338e-05
84718,0.99985754
84730,0.00031027253
84731,0.000111290305
84734,9.181817e-05
84736,0.0002890021
84739,4.799222e-05
84742,0.99913186
84743,7.812466e-05
84744,0.18526967
84749,0.99683064
84751,0.00025498527
84755,0.096888915
84767,0.00047668896
84772,0.22889684
84774,9.7879725e-05
84778,0.8298508
84781,0.00030286916
84782,0.9998964
84785,0.999821
84792,0.0003553292
84793,0.00011922384
84803,4.931215e-05
84809,8.302823e-05
84810,3.2694566e-05
84812,0.99966764
84813,0.9998431
84815,0.9998907
84825,5.175171e-05
84828,3.0871834e-05
84830,0.00076251075
84833,0.000120657125
84834,0.0008976921
84835,4.64131e-05
84839,6.9599184e-05
84840,0.00031009477
84843,0.113694355
84845,0.0012504118
84846,0.9999672
84850,8.449332e-05
84851,4.8702506e-05
84854,3.3997312e-05
84857,0.9942238
84858,0.9998739
84859,0.00024766842
84861,4.5217566e-05
84862,6.976518e-05
84864,5.739942e-05
84876,7.8979574e-05
84877,0.9998958
84880,0.0010583511
84882,0.00086811744
84883,0.99975795
84885,0.00043369475
84898,4.9558e-05
84903,0.00033614587
84911,0.00018651293
84912,0.00061347336
84913,0.0009063627
84916,0.99987066
84918,0.00092868076
84933,0.9999659
84937,3.5762157e-05
84941,0.98845273
84945,0.0002172074
84946,0.000107217485
84947,0.0002455293
84948,3.8240087e-05
84951,0.9995198
84953,3.7990485e-05
84955,0.00011370289
84957,5.6726298e-05
84958,0.0007242171
84987,0.00015075719
84991,0.00015076423
84996,0.9998388
85006,0.00022731087
85013,7.266977e-05
85019,4.8588667e-05
85020,0.99993014
85022,6.4744956e-05
85024,0.000104516264
85025,0.99970835
85028,2.1646887e-05
85030,0.00034969402
85033,0.0008697121
85034,4.211893e-05
85038,0.0003199339
85039,0.00022148564
85040,7.523157e-05
85042,0.9679989
85043,0.0001661574
85044,0.00019786379
85047,6.614543e-05
85048,0.99991035
85051,0.9998536
85052,0.0011199163
85053,0.00010028925
85055,7.9728496e-05
85056,0.081581526
85070,0.99985373
85072,5.357827e-05
85074,0.0002285786
85077,0.00083293224
85081,4.668588e-05
85084,0.00014314053
85096,0.9216428
85099,0.99975973
85104,0.9996959
85120,4.9712115e-05
85124,7.382019e-05
85129,0.0011471321
85133,8.263841e-05
85142,0.12689959
85143,0.13952784
85144,0.9989913
85145,7.180307e-05
85148,2.4410752e-05
85149,0.99997485
85150,0.00061141374
85156,0.0007777828
85159,0.0016304696
85168,0.00020537451
85176,0.00023711789
85177,3.425604e-05
85183,6.825903e-05
85193,0.9998965
85197,0.00034077224
85211,0.00059469754
85214,4.2799642e-05
85215,2.940289e-05
85216,0.99959975
85219,0.9965237
85220,0.00014375907
85224,0.00047474972
85225,9.643464e-05
85227,0.004784852
85228,0.0001569427
85229,0.99955815
85232,0.999501
85236,0.00033391136
85241,2.9710374e-05
85242,0.00031299904
85243,3.0468127e-05
85248,0.18044116
85250,0.0033964878
85254,0.00036830967
85256,0.005942872
85266,0.00021332929
85273,0.9995796
85274,0.9997707
85280,0.99919885
85283,0.0004361934
85290,0.00019225886
85291,5.153231e-05
85299,0.00049211056
85300,0.0010364782
85314,0.99986434
85316,0.00013758914
85318,8.319458e-05
85320,0.0002020886
85324,0.16373299
85332,2.685312e-05
85336,5.4196567e-05
85341,0.0017398197
85343,5.069758e-05
85344,8.6219894e-05
85347,0.99995077
85351,0.00041399966
85356,2.0605965e-05
85358,0.0003392316
85362,0.00047820245
85375,2.7831478e-05
85381,0.000104054554
85383,0.9997563
85388,0.9999218
85389,0.0006630133
85390,0.0001047052
85391,5.8517722e-05
85392,0.9998863
85397,5.3325446e-05
85402,0.953413
85403,5.594667e-05
85404,7.615729e-05
85405,0.00013099732
85410,0.99917954
85412,0.00064835226
85415,0.00011908603
85417,2.1724481e-05
85421,0.0002990222
85434,0.9442256
85435,0.00047601422
85439,0.99979025
85440,4.689757e-05
85444,0.00027167163
85447,0.00018984627
85450,0.0005223027
85456,4.8097874e-05
85462,4.059721e-05
85465,0.0007800318
85467,0.99938
85472,0.00087861274
85473,0.99991393
85479,0.00066518766
85481,0.0004750854
85482,6.693198e-05
85484,0.0004196709
85488,0.00083902327
85497,0.00046107703
85507,0.00038754317
85510,0.0006791296
85514,0.999481
85517,0.00011029562
85523,0.00013157555
85525,0.0075132363
85533,3.668191e-05
85541,5.660892e-05
85542,0.9992384
85544,0.00024136071
85549,6.0247083e-05
85551,0.19194289
85553,0.00064982794
85556,0.0017574279
85560,0.9996494
85561,0.9999014
85564,0.0006385813
85565,4.9498303e-05
85566,0.000433935
85571,0.9998703
85575,0.00027994474
85586,9.217851e-06
85609,0.9998234
85616,0.9683068
85617,0.00019830745
85618,0.00022550127
85619,0.9998292
85622,0.000450808
85630,2.4240226e-05
85635,0.0006652799
85639,0.9996314
85643,0.0019686513
85646,4.359679e-05
85648,0.039003793
85649,0.00014076801
85650,3.752764e-05
85657,0.99991536
85658,0.0010146855
85659,0.00031803656
85664,0.9999074
85671,0.19881244
85672,4.5796867e-05
85673,0.00040695505
85680,0.99955255
85682,0.99996483
85705,2.5220706e-05
85706,5.5492423e-05
85707,0.99907136
85716,0.9999131
85717,0.00045786987
85723,0.00016778179
85726,3.836618e-05
85727,0.0002570601
85728,6.21232e-05
85736,0.00026782526
85738,0.99942505
85744,0.99989796
85747,3.0722844e-05
85748,0.0001340662
85751,1.694575e-05
85752,1.6925369e-05
85757,0.99980396
85761,0.00013369344
85762,0.0005738895
85768,0.99983394
85770,4.1006304e-05
85771,0.99986196
85775,0.0011591656
85780,0.9499809
85783,4.5404926e-05
85789,0.00013154658
85792,0.00026661027
85793,0.9996526
85800,2.1136537e-05
85801,0.99982846
85806,0.9998196
85819,0.0005490897
85820,8.059872e-05
85821,0.00036183643
85823,0.00017625002
85834,0.0005194593
85839,0.0007760334
85840,0.00055878534
85843,0.00018622557
85846,5.1983043e-05
85848,0.99975353
85853,0.00023003337
85856,0.99969304
85857,4.8570782e-05
85868,0.0006882918
85878,0.00011717203
85879,0.00065590383
85901,0.0002684286
85902,0.00036774695
85904,0.0007882291
85905,0.9998759
85911,0.00018440667
85919,0.0002370919
85923,2.5416011e-05
85929,0.0007134288
85930,0.0060813515
85933,0.9997218
85943,0.999008
85946,4.2656906e-05
85949,7.78118e-05
85950,0.00017263311
85951,6.564574e-05
85953,0.9999826
85954,6.1984676e-05
85960,0.00013760818
85961,9.152218e-05
85963,7.4780444e-05
85964,4.3353546e-05
85969,0.99989295
85971,0.9999138
85972,0.00026333975
85973,3.758831e-05
85975,8.252958e-05
85976,6.167777e-05
85977,0.97269315
85982,0.0023116935
85983,0.9997359
85984,2.4466966e-05
85986,0.00047092963
85987,0.0900974
85988,6.909673e-05
85989,0.000112324575
85996,0.99981385
85999,0.00042448443
86002,0.0005639849
86013,8.390486e-05
86018,0.9999291
86019,2.3494382e-05
86021,5.960266e-05
86022,9.550737e-06
86032,0.0029112438
86035,5.7514862e-05
86036,1.9953208e-05
86040,8.969088e-05
86041,3.6585978e-05
86046,0.99983275
86054,0.00012100866
86056,0.00031006787
86064,0.00018387326
86065,0.00014506489
86067,5.9886446e-05
86074,0.0005533635
86075,4.4594108e-05
86076,0.0001196207
86079,0.0002215938
86081,0.0022920019
86093,5.0693907e-05
86120,3.3881348e-05
86121,0.9998211
86148,0.00029231302
86151,0.000797732
86152,0.00039095982
86163,0.99985397
86164,0.19426733
86166,2.9198269e-05
86169,0.9993424
86170,7.219428e-05
86178,0.9999137
86183,0.0010752999
86184,5.0305083e-05
86195,5.3696578e-05
86196,0.0009688581
86203,8.7348766e-05
86207,0.00019227846
86213,0.99926454
86215,0.000107422165
86217,0.28879
86224,0.00019737388
86236,0.99987555
86237,6.775804e-05
86238,4.2510022e-05
86240,0.9997583
86243,0.000422525
86245,7.969003e-05
86246,0.99968386
86249,0.9998234
86253,0.99984694
86254,0.00014118876
86257,3.6652542e-05
86260,0.99996126
86262,0.99991405
86263,0.0004442571
86266,0.00020193084
86271,5.4807155e-05
86277,0.99953973
86278,2.531427e-05
86281,7.194488e-05
86285,0.00018057211
86289,0.00023017511
86293,0.00033464274
86297,0.0006917623
86307,0.00084327004
86309,5.7976213e-05
86311,0.0005737971
86319,0.00020379313
86323,0.9999101
86325,0.9982626
86326,0.00024641908
86327,0.0004108311
86330,0.0001499103
86335,4.4766504e-05
86336,0.00017880739
86340,7.366675e-05
86344,0.00040193694
86349,4.2489963e-05
86359,0.00060732616
86370,0.9999795
86374,0.00017098997
86376,0.027503463
86385,0.001676097
86397,0.00026982004
86403,0.9690008
86408,0.012671558
86410,3.7365975e-05
86413,3.493519e-05
86421,0.0005059822
86426,3.571635e-05
86427,3.7181424e-05
86428,0.00010742944
86429,2.5805859e-05
86441,3.2407952e-05
86443,0.00097063615
86444,0.001203419
86446,0.0007043516
86448,4.84354e-05
86462,0.21998885
86464,0.00011446504
86467,0.00064368866
86468,0.00015761801
86470,0.0026601169
86471,0.99974614
86481,0.00046643728
86484,5.8278813e-05
86485,0.00070720946
86490,4.851343e-05
86498,0.00095801975
86499,0.99973804
86503,0.9998889
86504,0.9998348
86506,7.9988786e-05
86509,0.00054890785
86511,7.221184e-05
86519,0.00074943213
86520,0.00017340288
86523,0.000509636
86530,0.00028173873
86535,0.00037142404
86541,0.99926037
86545,0.0010649109
86551,0.00027852948
86552,0.0006604664
86554,7.0928736e-06
86555,0.00015964668
86557,0.9992937
86559,0.9996561
86561,0.0005570148
86566,0.00074481254
86567,0.0007212114
86570,0.9998423
86571,0.0001368397
86576,0.00015518467
86578,0.0002281986
86587,0.0003963556
86588,0.99978465
86590,8.498834e-05
86591,0.00021253324
86593,0.9997174
86596,0.00031865478
86599,0.9999342
86604,0.9998956
86605,5.69565e-05
86615,0.99985874
86617,0.078468405
86622,0.99991095
86623,0.00010603754
86626,0.0068247984
86627,7.915525e-05
86630,0.9987908
86631,0.97702354
86632,0.00021862506
86636,0.12545799
86637,0.00019930661
86640,0.000104728075
86641,0.99915004
86642,8.550193e-05
86647,0.99975854
86651,0.99977535
86652,0.00021563504
86660,0.00028843948
86663,0.12225509
86665,7.2884424e-05
86667,0.99995434
86668,0.9998888
86671,9.865787e-05
86672,0.00019107225
86689,0.9989359
86690,0.99981874
86696,0.9278488
86698,0.9996908
86699,0.124569826
86702,0.00010215548
86705,0.99899286
86710,7.366584e-05
86713,0.0007215834
86721,0.98031104
86722,0.0006702068
86723,3.075494e-05
86726,0.0027052462
86727,0.10428749
86729,0.0003590139
86733,7.564153e-05
86738,8.890238e-05
86743,0.00013997442
86746,0.99987483
86747,3.963995e-05
86751,0.00010175076
86758,0.00019897906
86759,7.0758804e-05
86763,0.00015738103
86766,0.0011431876
86770,0.00016773764
86772,0.00041163375
86778,0.00073982147
86785,0.9996927
86787,3.194118e-05
86788,0.9272836
86789,0.00040086763
86796,0.9773311
86799,0.0003057722
86800,0.00016801842
86805,0.0002710939
86826,4.539272e-05
86828,0.31972048
86832,0.9719464
86834,0.9984168
86838,0.0005843878
86845,3.7380196e-05
86850,8.809501e-05
86857,0.99992156
86861,0.0001793904
86862,0.00013531625
86864,0.9998498
86873,7.484965e-05
86875,5.377206e-05
86876,0.99989545
86879,0.000360632
86880,0.99966586
86882,2.2122147e-05
86884,0.00019574935
86890,0.9989324
86896,2.4626404e-05
86897,0.0013352596
86901,0.9991021
86902,0.00027687076
86903,2.682374e-05
86904,0.000543927
86907,0.9281793
86910,0.99949944
86911,0.0006119198
86922,8.998928e-05
86929,4.7297926e-05
86932,0.00068386464
86938,0.9293423
86939,9.829146e-05
86940,8.962685e-05
86941,8.1074104e-05
86946,0.00015522656
86954,0.00012800026
86955,0.00032628703
86959,0.00017532178
86966,0.9998667
86971,0.0001524985
86973,0.0020620811
86993,0.104020365
86996,0.0007841715
87000,0.12228882
87006,0.0001985057
87007,0.00012211915
87009,0.00059249025
87010,0.99983513
87017,2.6860318e-05
87020,0.00055137364
87031,0.9993
87033,0.9654074
87041,0.0005126758
87042,3.3692115e-05
87045,4.2851632e-05
87047,0.9997998
